sample_id,bucket,category,source_group,split,input_path,output_path,input_exists,output_exists,shape_match,input_width,input_height,output_width,output_height,severity,identity_candidate,diff_mean,mask_ratio,mask_threshold,input_pseudo_psnr,input_pseudo_ssim_global,e1_pseudo_psnr,e1_pseudo_ssim_global,e1_mask_outside_max_abs,e1_mask_outside_mean_abs
image_patches_small/0_1314_25_SKPPWEPEPE_2_51_8_B_Living_0,image_patches_small,image_patches_small/clear_nostructure_imagine,1314_25_SKPPWEPEPE_2_51_8_B_Living,test,To_Yukun_3DModelImageryEnhancement/To_Yukun_3DModelImageryEnhancement/s7_make_datasets/s1_trainingset/image_patches_small/clear_nostructure_imagine/0_1314_25_SKPPWEPEPE_2_51_8_B_Living_0_ori.png,To_Yukun_3DModelImageryEnhancement/To_Yukun_3DModelImageryEnhancement/s7_make_datasets/s1_trainingset/image_patches_small/clear_nostructure_imagine/0_1314_25_SKPPWEPEPE_2_51_8_B_Living_0_generated.png,True,True,True,900,900,900,900,light,False,1.3720380067825317,0.02503827160493827,18.0,34.98257038160941,0.997402285149419,38.91244490453367,0.9990332411088997,0,0.0
image_patches_small/0_589_87_TZSNTHIAHM_1_22_6_D_MBed_0,image_patches_small,image_patches_small/clear_nostructure_imagine,589_87_TZSNTHIAHM_1_22_6_D_MBed,train,To_Yukun_3DModelImageryEnhancement/To_Yukun_3DModelImageryEnhancement/s7_make_datasets/s1_trainingset/image_patches_small/clear_nostructure_imagine/0_589_87_TZSNTHIAHM_1_22_6_D_MBed_0_ori.png,To_Yukun_3DModelImageryEnhancement/To_Yukun_3DModelImageryEnhancement/s7_make_datasets/s1_trainingset/image_patches_small/clear_nostructure_imagine/0_589_87_TZSNTHIAHM_1_22_6_D_MBed_0_generated.png,True,True,True,900,900,900,900,medium,False,1.9057947397232056,0.06004197530864198,18.0,32.478624194397796,0.9967462560269997,39.120144736538414,0.9993791374738872,0,0.0
image_patches_small/0_608_82_TZNITHIOHM_1_117_27_D_Bed_0,image_patches_small,image_patches_small/clear_nostructure_imagine,608_82_TZNITHIOHM_1_117_27_D_Bed,train,To_Yukun_3DModelImageryEnhancement/To_Yukun_3DModelImageryEnhancement/s7_make_datasets/s1_trainingset/image_patches_small/clear_nostructure_imagine/0_608_82_TZNITHIOHM_1_117_27_D_Bed_0_ori.png,To_Yukun_3DModelImageryEnhancement/To_Yukun_3DModelImageryEnhancement/s7_make_datasets/s1_trainingset/image_patches_small/clear_nostructure_imagine/0_608_82_TZNITHIOHM_1_117_27_D_Bed_0_generated.png,True,True,True,900,900,900,900,medium,False,3.5767924785614014,0.06136666666666667,18.0,30.5216687968986,0.9934459521519459,35.0398014152685,0.9978891822109456,0,0.0
image_patches_small/18_1325_56_SSPPWYPXPS_1_26_11_G_Living_18,image_patches_small,image_patches_small/clear_nostructure_imagine,1325_56_SSPPWYPXPS_1_26_11_G_Living,train,To_Yukun_3DModelImageryEnhancement/To_Yukun_3DModelImageryEnhancement/s7_make_datasets/s1_trainingset/image_patches_small/clear_nostructure_imagine/18_1325_56_SSPPWYPXPS_1_26_11_G_Living_18_ori.png,To_Yukun_3DModelImageryEnhancement/To_Yukun_3DModelImageryEnhancement/s7_make_datasets/s1_trainingset/image_patches_small/clear_nostructure_imagine/18_1325_56_SSPPWYPXPS_1_26_11_G_Living_18_generated.png,True,True,True,900,900,900,900,light,False,0.6341041326522827,0.015998765432098765,21.66666603088379,35.80687757565892,0.9921454357562066,42.732051315065334,0.9985263328718735,0,0.0
image_patches_small/19_1325_56_SSPPWYPXPS_1_26_11_G_Living_19,image_patches_small,image_patches_small/clear_nostructure_imagine,1325_56_SSPPWYPXPS_1_26_11_G_Living,train,To_Yukun_3DModelImageryEnhancement/To_Yukun_3DModelImageryEnhancement/s7_make_datasets/s1_trainingset/image_patches_small/clear_nostructure_imagine/19_1325_56_SSPPWYPXPS_1_26_11_G_Living_19_ori.png,To_Yukun_3DModelImageryEnhancement/To_Yukun_3DModelImageryEnhancement/s7_make_datasets/s1_trainingset/image_patches_small/clear_nostructure_imagine/19_1325_56_SSPPWYPXPS_1_26_11_G_Living_19_generated.png,True,True,True,900,900,900,900,light,False,0.6272975206375122,0.017493827160493827,27.33333396911621,35.20028399161565,0.9905755051574011,45.199182142629944,0.9992784947996368,0,0.0
image_patches_small/1_608_82_TZNITHIOHM_1_117_27_D_Bed_1,image_patches_small,image_patches_small/clear_nostructure_imagine,608_82_TZNITHIOHM_1_117_27_D_Bed,train,To_Yukun_3DModelImageryEnhancement/To_Yukun_3DModelImageryEnhancement/s7_make_datasets/s1_trainingset/image_patches_small/clear_nostructure_imagine/1_608_82_TZNITHIOHM_1_117_27_D_Bed_1_ori.png,To_Yukun_3DModelImageryEnhancement/To_Yukun_3DModelImageryEnhancement/s7_make_datasets/s1_trainingset/image_patches_small/clear_nostructure_imagine/1_608_82_TZNITHIOHM_1_117_27_D_Bed_1_generated.png,True,True,True,900,900,900,900,medium,False,1.628394603729248,0.030879012345679014,18.0,32.960994140164686,0.9958710623933579,39.20560788474407,0.9991224561816785,0,0.0
image_patches_small/2_594_87_TZSNTHIAHM_1_22_11_D_MBed_2,image_patches_small,image_patches_small/clear_nostructure_imagine,594_87_TZSNTHIAHM_1_22_11_D_MBed,train,To_Yukun_3DModelImageryEnhancement/To_Yukun_3DModelImageryEnhancement/s7_make_datasets/s1_trainingset/image_patches_small/clear_nostructure_imagine/2_594_87_TZSNTHIAHM_1_22_11_D_MBed_2_ori.png,To_Yukun_3DModelImageryEnhancement/To_Yukun_3DModelImageryEnhancement/s7_make_datasets/s1_trainingset/image_patches_small/clear_nostructure_imagine/2_594_87_TZSNTHIAHM_1_22_11_D_MBed_2_generated.png,True,True,True,900,900,900,900,medium,False,1.3935810327529907,0.044660493827160495,18.0,33.5684571944482,0.9960028270033111,40.731150097273556,0.9993594250101328,0,0.0
image_patches_small/3_589_87_TZSNTHIAHM_1_22_6_D_MBed_3,image_patches_small,image_patches_small/clear_nostructure_imagine,589_87_TZSNTHIAHM_1_22_6_D_MBed,train,To_Yukun_3DModelImageryEnhancement/To_Yukun_3DModelImageryEnhancement/s7_make_datasets/s1_trainingset/image_patches_small/clear_nostructure_imagine/3_589_87_TZSNTHIAHM_1_22_6_D_MBed_3_ori.png,To_Yukun_3DModelImageryEnhancement/To_Yukun_3DModelImageryEnhancement/s7_make_datasets/s1_trainingset/image_patches_small/clear_nostructure_imagine/3_589_87_TZSNTHIAHM_1_22_6_D_MBed_3_generated.png,True,True,True,900,900,900,900,medium,False,1.929183006286621,0.06560493827160493,20.0,31.295473697651932,0.9939309433315202,39.89383408422182,0.9992852608415703,0,0.0
image_patches_small/4_1325_56_SSPPWYPXPS_1_26_11_G_Living_4,image_patches_small,image_patches_small/clear_nostructure_imagine,1325_56_SSPPWYPXPS_1_26_11_G_Living,train,To_Yukun_3DModelImageryEnhancement/To_Yukun_3DModelImageryEnhancement/s7_make_datasets/s1_trainingset/image_patches_small/clear_nostructure_imagine/4_1325_56_SSPPWYPXPS_1_26_11_G_Living_4_ori.png,To_Yukun_3DModelImageryEnhancement/To_Yukun_3DModelImageryEnhancement/s7_make_datasets/s1_trainingset/image_patches_small/clear_nostructure_imagine/4_1325_56_SSPPWYPXPS_1_26_11_G_Living_4_generated.png,True,True,True,900,900,900,900,medium,False,1.6428877115249634,0.04700740740740741,18.0,31.982337254437457,0.9951590245132129,40.901446014687394,0.9994994080174968,0,0.0
image_patches_small/4_682_41_SKSWBPWJPS_1_26_11_C_Bed_4,image_patches_small,image_patches_small/clear_nostructure_imagine,682_41_SKSWBPWJPS_1_26_11_C_Bed,train,To_Yukun_3DModelImageryEnhancement/To_Yukun_3DModelImageryEnhancement/s7_make_datasets/s1_trainingset/image_patches_small/clear_nostructure_imagine/4_682_41_SKSWBPWJPS_1_26_11_C_Bed_4_ori.png,To_Yukun_3DModelImageryEnhancement/To_Yukun_3DModelImageryEnhancement/s7_make_datasets/s1_trainingset/image_patches_small/clear_nostructure_imagine/4_682_41_SKSWBPWJPS_1_26_11_C_Bed_4_generated.png,True,True,True,900,900,900,900,light,False,1.108526349067688,0.022292592592592593,18.0,34.93608820863852,0.9961730362062912,40.466759774858176,0.9990584484028328,0,0.0
image_patches_small/6_594_30_SKPPWKPEPE_2_38_36_B_Living_6,image_patches_small,image_patches_small/clear_nostructure_imagine,594_30_SKPPWKPEPE_2_38_36_B_Living,test,To_Yukun_3DModelImageryEnhancement/To_Yukun_3DModelImageryEnhancement/s7_make_datasets/s1_trainingset/image_patches_small/clear_nostructure_imagine/6_594_30_SKPPWKPEPE_2_38_36_B_Living_6_ori.png,To_Yukun_3DModelImageryEnhancement/To_Yukun_3DModelImageryEnhancement/s7_make_datasets/s1_trainingset/image_patches_small/clear_nostructure_imagine/6_594_30_SKPPWKPEPE_2_38_36_B_Living_6_generated.png,True,True,True,900,900,900,900,light,False,1.1523115634918213,0.020717283950617282,33.0,31.699957410932424,0.9859171788215969,40.01995418198716,0.9980798679891655,0,0.0
image_patches_small/0_100_63_TTTSTHHXHM_1_6_12_B_Bed_0,image_patches_small,image_patches_small/clear_nostructure_noimagine,100_63_TTTSTHHXHM_1_6_12_B_Bed,train,To_Yukun_3DModelImageryEnhancement/To_Yukun_3DModelImageryEnhancement/s7_make_datasets/s1_trainingset/image_patches_small/clear_nostructure_noimagine/0_100_63_TTTSTHHXHM_1_6_12_B_Bed_0_ori.png,To_Yukun_3DModelImageryEnhancement/To_Yukun_3DModelImageryEnhancement/s7_make_datasets/s1_trainingset/image_patches_small/clear_nostructure_noimagine/0_100_63_TTTSTHHXHM_1_6_12_B_Bed_0_generated.png,True,True,True,900,900,900,900,severe,False,5.256686210632324,0.14093703703703703,18.0,27.44020979384297,0.9826481702810471,34.69826209664611,0.9975506551951991,0,0.0
image_patches_small/0_102_10_SKADBPYRPE_3_23_16_A_Bed_0,image_patches_small,image_patches_small/clear_nostructure_noimagine,102_10_SKADBPYRPE_3_23_16_A_Bed,train,To_Yukun_3DModelImageryEnhancement/To_Yukun_3DModelImageryEnhancement/s7_make_datasets/s1_trainingset/image_patches_small/clear_nostructure_noimagine/0_102_10_SKADBPYRPE_3_23_16_A_Bed_0_ori.png,To_Yukun_3DModelImageryEnhancement/To_Yukun_3DModelImageryEnhancement/s7_make_datasets/s1_trainingset/image_patches_small/clear_nostructure_noimagine/0_102_10_SKADBPYRPE_3_23_16_A_Bed_0_generated.png,True,True,True,900,900,900,900,severe,False,7.225772857666016,0.11744938271604938,18.0,27.968923475521933,0.946371990819126,31.997435582528663,0.9804662361782885,0,0.0
image_patches_small/0_112_41_SKSWBPWJPS_1_5_1_A_Bed_0,image_patches_small,image_patches_small/clear_nostructure_noimagine,112_41_SKSWBPWJPS_1_5_1_A_Bed,train,To_Yukun_3DModelImageryEnhancement/To_Yukun_3DModelImageryEnhancement/s7_make_datasets/s1_trainingset/image_patches_small/clear_nostructure_noimagine/0_112_41_SKSWBPWJPS_1_5_1_A_Bed_0_ori.png,To_Yukun_3DModelImageryEnhancement/To_Yukun_3DModelImageryEnhancement/s7_make_datasets/s1_trainingset/image_patches_small/clear_nostructure_noimagine/0_112_41_SKSWBPWJPS_1_5_1_A_Bed_0_generated.png,True,True,True,900,900,900,900,severe,False,9.576468467712402,0.2697827160493827,18.0,24.95468361177627,0.9792969798724352,32.753180775809,0.9969341436854198,0,0.0
image_patches_small/0_113_41_SKSWBPWJPS_1_5_2_A_Bed_0,image_patches_small,image_patches_small/clear_nostructure_noimagine,113_41_SKSWBPWJPS_1_5_2_A_Bed,train,To_Yukun_3DModelImageryEnhancement/To_Yukun_3DModelImageryEnhancement/s7_make_datasets/s1_trainingset/image_patches_small/clear_nostructure_noimagine/0_113_41_SKSWBPWJPS_1_5_2_A_Bed_0_ori.png,To_Yukun_3DModelImageryEnhancement/To_Yukun_3DModelImageryEnhancement/s7_make_datasets/s1_trainingset/image_patches_small/clear_nostructure_noimagine/0_113_41_SKSWBPWJPS_1_5_2_A_Bed_0_generated.png,True,True,True,900,900,900,900,severe,False,10.066746711730957,0.29232345679012345,18.33333396911621,24.668789637833292,0.9761139168937532,32.659733641574114,0.9966166841537347,0,0.0
image_patches_small/0_1145_30_SKPPWKPEPE_2_50_47_C_Bed_0,image_patches_small,image_patches_small/clear_nostructure_noimagine,1145_30_SKPPWKPEPE_2_50_47_C_Bed,train,To_Yukun_3DModelImageryEnhancement/To_Yukun_3DModelImageryEnhancement/s7_make_datasets/s1_trainingset/image_patches_small/clear_nostructure_noimagine/0_1145_30_SKPPWKPEPE_2_50_47_C_Bed_0_ori.png,To_Yukun_3DModelImageryEnhancement/To_Yukun_3DModelImageryEnhancement/s7_make_datasets/s1_trainingset/image_patches_small/clear_nostructure_noimagine/0_1145_30_SKPPWKPEPE_2_50_47_C_Bed_0_generated.png,True,True,True,900,900,900,900,medium,False,2.482285976409912,0.10258024691358025,20.0,30.183190098274046,0.9938189386127148,40.0932576333755,0.9994974725475186,0,0.0
image_patches_small/0_11_5_OSRRQRUXUU_1_2_1_A_Bed_0,image_patches_small,image_patches_small/clear_nostructure_noimagine,11_5_OSRRQRUXUU_1_2_1_A_Bed,train,To_Yukun_3DModelImageryEnhancement/To_Yukun_3DModelImageryEnhancement/s7_make_datasets/s1_trainingset/image_patches_small/clear_nostructure_noimagine/0_11_5_OSRRQRUXUU_1_2_1_A_Bed_0_ori.png,To_Yukun_3DModelImageryEnhancement/To_Yukun_3DModelImageryEnhancement/s7_make_datasets/s1_trainingset/image_patches_small/clear_nostructure_noimagine/0_11_5_OSRRQRUXUU_1_2_1_A_Bed_0_generated.png,True,True,True,900,900,900,900,medium,False,3.313293933868408,0.11304074074074075,23.66666603088379,28.72659009925846,0.991295134604177,37.24490133820939,0.999039005173499,0,0.0
image_patches_small/0_11_61_TTNTIHLEHM_1_1_13_A_Bed_0,image_patches_small,image_patches_small/clear_nostructure_noimagine,11_61_TTNTIHLEHM_1_1_13_A_Bed,train,To_Yukun_3DModelImageryEnhancement/To_Yukun_3DModelImageryEnhancement/s7_make_datasets/s1_trainingset/image_patches_small/clear_nostructure_noimagine/0_11_61_TTNTIHLEHM_1_1_13_A_Bed_0_ori.png,To_Yukun_3DModelImageryEnhancement/To_Yukun_3DModelImageryEnhancement/s7_make_datasets/s1_trainingset/image_patches_small/clear_nostructure_noimagine/0_11_61_TTNTIHLEHM_1_1_13_A_Bed_0_generated.png,True,True,True,900,900,900,900,light,True,0.49348270893096924,8.888888888888889e-05,18.0,43.57082732305056,0.9997434177153456,43.59629379501307,0.9997452912659824,0,0.0
image_patches_small/0_120_17_SKPDPPERPE_1_5_18_A_MBed_0,image_patches_small,image_patches_small/clear_nostructure_noimagine,120_17_SKPDPPERPE_1_5_18_A_MBed,val,To_Yukun_3DModelImageryEnhancement/To_Yukun_3DModelImageryEnhancement/s7_make_datasets/s1_trainingset/image_patches_small/clear_nostructure_noimagine/0_120_17_SKPDPPERPE_1_5_18_A_MBed_0_ori.png,To_Yukun_3DModelImageryEnhancement/To_Yukun_3DModelImageryEnhancement/s7_make_datasets/s1_trainingset/image_patches_small/clear_nostructure_noimagine/0_120_17_SKPDPPERPE_1_5_18_A_MBed_0_generated.png,True,True,True,900,900,900,900,light,True,1.3138453960418701,0.02655185185185185,18.0,35.641127897033776,0.9982671108463809,39.2240824521779,0.9993087839987645,0,0.0
image_patches_small/0_122_17_SKPDPPERPE_1_5_20_A_MBed_0,image_patches_small,image_patches_small/clear_nostructure_noimagine,122_17_SKPDPPERPE_1_5_20_A_MBed,test,To_Yukun_3DModelImageryEnhancement/To_Yukun_3DModelImageryEnhancement/s7_make_datasets/s1_trainingset/image_patches_small/clear_nostructure_noimagine/0_122_17_SKPDPPERPE_1_5_20_A_MBed_0_ori.png,To_Yukun_3DModelImageryEnhancement/To_Yukun_3DModelImageryEnhancement/s7_make_datasets/s1_trainingset/image_patches_small/clear_nostructure_noimagine/0_122_17_SKPDPPERPE_1_5_20_A_MBed_0_generated.png,True,True,True,900,900,900,900,medium,False,1.5664037466049194,0.034976543209876546,18.0,34.57367769794536,0.9975876546272315,38.38851773570882,0.9990716744258171,0,0.0
image_patches_small/0_126_17_SKPDPPERPE_1_5_24_A_MBed_0,image_patches_small,image_patches_small/clear_nostructure_noimagine,126_17_SKPDPPERPE_1_5_24_A_MBed,val,To_Yukun_3DModelImageryEnhancement/To_Yukun_3DModelImageryEnhancement/s7_make_datasets/s1_trainingset/image_patches_small/clear_nostructure_noimagine/0_126_17_SKPDPPERPE_1_5_24_A_MBed_0_ori.png,To_Yukun_3DModelImageryEnhancement/To_Yukun_3DModelImageryEnhancement/s7_make_datasets/s1_trainingset/image_patches_small/clear_nostructure_noimagine/0_126_17_SKPDPPERPE_1_5_24_A_MBed_0_generated.png,True,True,True,900,900,900,900,medium,False,1.5884209871292114,0.04039012345679013,18.0,34.19453585352659,0.997204128492734,38.801169046989266,0.9991506145319721,0,0.0
image_patches_small/0_12_86_TZSMTHISHM_1_1_13_A_LivingDining_0,image_patches_small,image_patches_small/clear_nostructure_noimagine,12_86_TZSMTHISHM_1_1_13_A_LivingDining,test,To_Yukun_3DModelImageryEnhancement/To_Yukun_3DModelImageryEnhancement/s7_make_datasets/s1_trainingset/image_patches_small/clear_nostructure_noimagine/0_12_86_TZSMTHISHM_1_1_13_A_LivingDining_0_ori.png,To_Yukun_3DModelImageryEnhancement/To_Yukun_3DModelImageryEnhancement/s7_make_datasets/s1_trainingset/image_patches_small/clear_nostructure_noimagine/0_12_86_TZSMTHISHM_1_1_13_A_LivingDining_0_generated.png,True,True,True,900,900,900,900,severe,False,4.976958751678467,0.11305432098765432,21.0,26.952190732096742,0.9848502071455418,34.47524706401862,0.9977525958646418,0,0.0
image_patches_small/0_132_10_SKADBPYRPE_3_24_27_A_Bed_0,image_patches_small,image_patches_small/clear_nostructure_noimagine,132_10_SKADBPYRPE_3_24_27_A_Bed,val,To_Yukun_3DModelImageryEnhancement/To_Yukun_3DModelImageryEnhancement/s7_make_datasets/s1_trainingset/image_patches_small/clear_nostructure_noimagine/0_132_10_SKADBPYRPE_3_24_27_A_Bed_0_ori.png,To_Yukun_3DModelImageryEnhancement/To_Yukun_3DModelImageryEnhancement/s7_make_datasets/s1_trainingset/image_patches_small/clear_nostructure_noimagine/0_132_10_SKADBPYRPE_3_24_27_A_Bed_0_generated.png,True,True,True,900,900,900,900,severe,False,3.8680031299591064,0.10588024691358025,18.0,29.12085389845183,0.9881651989063274,36.658910852232594,0.9982286625432701,0,0.0
image_patches_small/0_13_22_SKPPWBPEPE_1_14_7_Whole_MBed_0,image_patches_small,image_patches_small/clear_nostructure_noimagine,13_22_SKPPWBPEPE_1_14_7_Whole_MBed,train,To_Yukun_3DModelImageryEnhancement/To_Yukun_3DModelImageryEnhancement/s7_make_datasets/s1_trainingset/image_patches_small/clear_nostructure_noimagine/0_13_22_SKPPWBPEPE_1_14_7_Whole_MBed_0_ori.png,To_Yukun_3DModelImageryEnhancement/To_Yukun_3DModelImageryEnhancement/s7_make_datasets/s1_trainingset/image_patches_small/clear_nostructure_noimagine/0_13_22_SKPPWBPEPE_1_14_7_Whole_MBed_0_generated.png,True,True,True,900,900,900,900,severe,False,3.942401885986328,0.10318888888888889,27.33333396911621,26.3660368102462,0.974384910274393,37.40524886124223,0.9984138888933906,0,0.0
image_patches_small/0_229_78_TZIDZHMXHM_3_39_26_A_Utility_0,image_patches_small,image_patches_small/clear_nostructure_noimagine,229_78_TZIDZHMXHM_3_39_26_A_Utility,train,To_Yukun_3DModelImageryEnhancement/To_Yukun_3DModelImageryEnhancement/s7_make_datasets/s1_trainingset/image_patches_small/clear_nostructure_noimagine/0_229_78_TZIDZHMXHM_3_39_26_A_Utility_0_ori.png,To_Yukun_3DModelImageryEnhancement/To_Yukun_3DModelImageryEnhancement/s7_make_datasets/s1_trainingset/image_patches_small/clear_nostructure_noimagine/0_229_78_TZIDZHMXHM_3_39_26_A_Utility_0_generated.png,True,True,True,900,900,900,900,severe,False,5.300134658813477,0.10877654320987655,18.0,28.683418036611524,0.9949809842895908,33.48514901729282,0.9985800108106342,0,0.0
image_patches_small/0_280_17_SKPDPPERPE_1_11_10_C_MBed_0,image_patches_small,image_patches_small/clear_nostructure_noimagine,280_17_SKPDPPERPE_1_11_10_C_MBed,train,To_Yukun_3DModelImageryEnhancement/To_Yukun_3DModelImageryEnhancement/s7_make_datasets/s1_trainingset/image_patches_small/clear_nostructure_noimagine/0_280_17_SKPDPPERPE_1_11_10_C_MBed_0_ori.png,To_Yukun_3DModelImageryEnhancement/To_Yukun_3DModelImageryEnhancement/s7_make_datasets/s1_trainingset/image_patches_small/clear_nostructure_noimagine/0_280_17_SKPDPPERPE_1_11_10_C_MBed_0_generated.png,True,True,True,900,900,900,900,medium,False,2.3324193954467773,0.010246913580246913,18.0,34.882776438698244,0.9989433052535613,36.09924768603261,0.9992283331917294,0,0.0
image_patches_small/0_30_89_TZTMTHMJMM_1_2_13_A_Bed_0,image_patches_small,image_patches_small/clear_nostructure_noimagine,30_89_TZTMTHMJMM_1_2_13_A_Bed,train,To_Yukun_3DModelImageryEnhancement/To_Yukun_3DModelImageryEnhancement/s7_make_datasets/s1_trainingset/image_patches_small/clear_nostructure_noimagine/0_30_89_TZTMTHMJMM_1_2_13_A_Bed_0_ori.png,To_Yukun_3DModelImageryEnhancement/To_Yukun_3DModelImageryEnhancement/s7_make_datasets/s1_trainingset/image_patches_small/clear_nostructure_noimagine/0_30_89_TZTMTHMJMM_1_2_13_A_Bed_0_generated.png,True,True,True,900,900,900,900,severe,False,7.707147121429443,0.26496296296296296,19.33333396911621,25.38164826414963,0.9878109773113993,33.6866875445351,0.9985962678887023,0,0.0
image_patches_small/0_31_4_OSRRQRUXOU_1_3_10_A_Bed_0,image_patches_small,image_patches_small/clear_nostructure_noimagine,31_4_OSRRQRUXOU_1_3_10_A_Bed,train,To_Yukun_3DModelImageryEnhancement/To_Yukun_3DModelImageryEnhancement/s7_make_datasets/s1_trainingset/image_patches_small/clear_nostructure_noimagine/0_31_4_OSRRQRUXOU_1_3_10_A_Bed_0_ori.png,To_Yukun_3DModelImageryEnhancement/To_Yukun_3DModelImageryEnhancement/s7_make_datasets/s1_trainingset/image_patches_small/clear_nostructure_noimagine/0_31_4_OSRRQRUXOU_1_3_10_A_Bed_0_generated.png,True,True,True,900,900,900,900,medium,False,1.3764996528625488,0.0211641975308642,18.0,35.51281505408642,0.9985324013303604,38.61262980588287,0.9993163699803649,0,0.0
image_patches_small/0_325_38_SKPPWYPEPE_1_105_13_B_MBed_0,image_patches_small,image_patches_small/clear_nostructure_noimagine,325_38_SKPPWYPEPE_1_105_13_B_MBed,train,To_Yukun_3DModelImageryEnhancement/To_Yukun_3DModelImageryEnhancement/s7_make_datasets/s1_trainingset/image_patches_small/clear_nostructure_noimagine/0_325_38_SKPPWYPEPE_1_105_13_B_MBed_0_ori.png,To_Yukun_3DModelImageryEnhancement/To_Yukun_3DModelImageryEnhancement/s7_make_datasets/s1_trainingset/image_patches_small/clear_nostructure_noimagine/0_325_38_SKPPWYPEPE_1_105_13_B_MBed_0_generated.png,True,True,True,900,900,900,900,medium,False,3.5020642280578613,0.0776074074074074,18.0,29.00290424969837,0.9911506904814897,35.80945222306819,0.9983706355610092,0,0.0
image_patches_small/0_363_2_OSJDFRJRRU_1_14_2_D_Bed_0,image_patches_small,image_patches_small/clear_nostructure_noimagine,363_2_OSJDFRJRRU_1_14_2_D_Bed,train,To_Yukun_3DModelImageryEnhancement/To_Yukun_3DModelImageryEnhancement/s7_make_datasets/s1_trainingset/image_patches_small/clear_nostructure_noimagine/0_363_2_OSJDFRJRRU_1_14_2_D_Bed_0_ori.png,To_Yukun_3DModelImageryEnhancement/To_Yukun_3DModelImageryEnhancement/s7_make_datasets/s1_trainingset/image_patches_small/clear_nostructure_noimagine/0_363_2_OSJDFRJRRU_1_14_2_D_Bed_0_generated.png,True,True,True,900,900,900,900,medium,False,3.1389987468719482,0.046681481481481484,18.0,31.237680663881427,0.9973548881670398,35.31247127256962,0.9990768381284877,0,0.0
image_patches_small/0_379_11_SKBKBPEAPE_1_11_20_C_Living_0,image_patches_small,image_patches_small/clear_nostructure_noimagine,379_11_SKBKBPEAPE_1_11_20_C_Living,val,To_Yukun_3DModelImageryEnhancement/To_Yukun_3DModelImageryEnhancement/s7_make_datasets/s1_trainingset/image_patches_small/clear_nostructure_noimagine/0_379_11_SKBKBPEAPE_1_11_20_C_Living_0_ori.png,To_Yukun_3DModelImageryEnhancement/To_Yukun_3DModelImageryEnhancement/s7_make_datasets/s1_trainingset/image_patches_small/clear_nostructure_noimagine/0_379_11_SKBKBPEAPE_1_11_20_C_Living_0_generated.png,True,True,True,900,900,900,900,severe,False,4.256436824798584,0.11161234567901235,19.66666603088379,28.013652227333786,0.9902462520575134,35.266759304423445,0.9985388652537761,0,0.0
image_patches_small/0_632_3_OSRJURUXRU_1_31_15_D_MBed_0,image_patches_small,image_patches_small/clear_nostructure_noimagine,632_3_OSRJURUXRU_1_31_15_D_MBed,train,To_Yukun_3DModelImageryEnhancement/To_Yukun_3DModelImageryEnhancement/s7_make_datasets/s1_trainingset/image_patches_small/clear_nostructure_noimagine/0_632_3_OSRJURUXRU_1_31_15_D_MBed_0_ori.png,To_Yukun_3DModelImageryEnhancement/To_Yukun_3DModelImageryEnhancement/s7_make_datasets/s1_trainingset/image_patches_small/clear_nostructure_noimagine/0_632_3_OSRJURUXRU_1_31_15_D_MBed_0_generated.png,True,True,True,900,900,900,900,medium,False,2.55053448677063,0.058162962962962965,18.0,31.673310647633777,0.996704828358566,36.68734505625921,0.9990966812020231,0,0.0
image_patches_small/0_637_3_OSRJURUXRU_1_31_20_D_MBed_0,image_patches_small,image_patches_small/clear_nostructure_noimagine,637_3_OSRJURUXRU_1_31_20_D_MBed,train,To_Yukun_3DModelImageryEnhancement/To_Yukun_3DModelImageryEnhancement/s7_make_datasets/s1_trainingset/image_patches_small/clear_nostructure_noimagine/0_637_3_OSRJURUXRU_1_31_20_D_MBed_0_ori.png,To_Yukun_3DModelImageryEnhancement/To_Yukun_3DModelImageryEnhancement/s7_make_datasets/s1_trainingset/image_patches_small/clear_nostructure_noimagine/0_637_3_OSRJURUXRU_1_31_20_D_MBed_0_generated.png,True,True,True,900,900,900,900,medium,False,2.604231834411621,0.05947283950617284,18.0,31.60221604963686,0.9964361715648423,36.44728937822001,0.9989925608108673,0,0.0
image_patches_small/0_650_86_TZSMTHISHM_1_24_13_D_LivingDining_0,image_patches_small,image_patches_small/clear_nostructure_noimagine,650_86_TZSMTHISHM_1_24_13_D_LivingDining,test,To_Yukun_3DModelImageryEnhancement/To_Yukun_3DModelImageryEnhancement/s7_make_datasets/s1_trainingset/image_patches_small/clear_nostructure_noimagine/0_650_86_TZSMTHISHM_1_24_13_D_LivingDining_0_ori.png,To_Yukun_3DModelImageryEnhancement/To_Yukun_3DModelImageryEnhancement/s7_make_datasets/s1_trainingset/image_patches_small/clear_nostructure_noimagine/0_650_86_TZSMTHISHM_1_24_13_D_LivingDining_0_generated.png,True,True,True,900,900,900,900,severe,False,3.6577882766723633,0.07058765432098765,18.0,29.985066494492692,0.9963757246566,34.79060706102643,0.998910032019592,0,0.0
image_patches_small/0_666_87_TZSNTHIAHM_1_24_25_D_LivingDining_0,image_patches_small,image_patches_small/clear_nostructure_noimagine,666_87_TZSNTHIAHM_1_24_25_D_LivingDining,train,To_Yukun_3DModelImageryEnhancement/To_Yukun_3DModelImageryEnhancement/s7_make_datasets/s1_trainingset/image_patches_small/clear_nostructure_noimagine/0_666_87_TZSNTHIAHM_1_24_25_D_LivingDining_0_ori.png,To_Yukun_3DModelImageryEnhancement/To_Yukun_3DModelImageryEnhancement/s7_make_datasets/s1_trainingset/image_patches_small/clear_nostructure_noimagine/0_666_87_TZSNTHIAHM_1_24_25_D_LivingDining_0_generated.png,True,True,True,900,900,900,900,severe,False,4.539503574371338,0.11753703703703704,18.0,28.092621613240777,0.9917861573063864,35.21291324776942,0.9986163221045927,0,0.0
image_patches_small/0_667_3_OSRJURUXRU_1_32_24_D_Bed_0,image_patches_small,image_patches_small/clear_nostructure_noimagine,667_3_OSRJURUXRU_1_32_24_D_Bed,val,To_Yukun_3DModelImageryEnhancement/To_Yukun_3DModelImageryEnhancement/s7_make_datasets/s1_trainingset/image_patches_small/clear_nostructure_noimagine/0_667_3_OSRJURUXRU_1_32_24_D_Bed_0_ori.png,To_Yukun_3DModelImageryEnhancement/To_Yukun_3DModelImageryEnhancement/s7_make_datasets/s1_trainingset/image_patches_small/clear_nostructure_noimagine/0_667_3_OSRJURUXRU_1_32_24_D_Bed_0_generated.png,True,True,True,900,900,900,900,severe,False,4.1885085105896,0.13369753086419753,19.33333396911621,28.040215573955862,0.9901631309445725,36.209749424107315,0.998789210507144,0,0.0
image_patches_small/0_682_41_SKSWBPWJPS_1_26_11_C_Bed_0,image_patches_small,image_patches_small/clear_nostructure_noimagine,682_41_SKSWBPWJPS_1_26_11_C_Bed,train,To_Yukun_3DModelImageryEnhancement/To_Yukun_3DModelImageryEnhancement/s7_make_datasets/s1_trainingset/image_patches_small/clear_nostructure_noimagine/0_682_41_SKSWBPWJPS_1_26_11_C_Bed_0_ori.png,To_Yukun_3DModelImageryEnhancement/To_Yukun_3DModelImageryEnhancement/s7_make_datasets/s1_trainingset/image_patches_small/clear_nostructure_noimagine/0_682_41_SKSWBPWJPS_1_26_11_C_Bed_0_generated.png,True,True,True,900,900,900,900,medium,False,3.3460073471069336,0.10254444444444444,20.33333396911621,28.431023301368906,0.9881868275998057,37.66390316550009,0.9987738113336224,0,0.0
image_patches_small/0_847_81_TZMNIHIXHM_1_22_43_C_MBed_0,image_patches_small,image_patches_small/clear_nostructure_noimagine,847_81_TZMNIHIXHM_1_22_43_C_MBed,train,To_Yukun_3DModelImageryEnhancement/To_Yukun_3DModelImageryEnhancement/s7_make_datasets/s1_trainingset/image_patches_small/clear_nostructure_noimagine/0_847_81_TZMNIHIXHM_1_22_43_C_MBed_0_ori.png,To_Yukun_3DModelImageryEnhancement/To_Yukun_3DModelImageryEnhancement/s7_make_datasets/s1_trainingset/image_patches_small/clear_nostructure_noimagine/0_847_81_TZMNIHIXHM_1_22_43_C_MBed_0_generated.png,True,True,True,900,900,900,900,medium,False,2.0934925079345703,0.00044691358024691357,18.0,37.43872554455236,0.9986150978998404,37.488249221197016,0.9986351259871014,0,0.0
image_patches_small/0_884_27_SKPPWEPXPE_5_96_43_C_Living_0,image_patches_small,image_patches_small/clear_nostructure_noimagine,884_27_SKPPWEPXPE_5_96_43_C_Living,test,To_Yukun_3DModelImageryEnhancement/To_Yukun_3DModelImageryEnhancement/s7_make_datasets/s1_trainingset/image_patches_small/clear_nostructure_noimagine/0_884_27_SKPPWEPXPE_5_96_43_C_Living_0_ori.png,To_Yukun_3DModelImageryEnhancement/To_Yukun_3DModelImageryEnhancement/s7_make_datasets/s1_trainingset/image_patches_small/clear_nostructure_noimagine/0_884_27_SKPPWEPXPE_5_96_43_C_Living_0_generated.png,True,True,True,900,900,900,900,severe,False,3.7602083683013916,0.10670123456790123,18.0,29.020623034095145,0.9936410140096444,36.2332654123638,0.9989702789757967,0,0.0
image_patches_small/0_90_78_TZIDZHMXHM_2_27_8_A_Utility_0,image_patches_small,image_patches_small/clear_nostructure_noimagine,90_78_TZIDZHMXHM_2_27_8_A_Utility,val,To_Yukun_3DModelImageryEnhancement/To_Yukun_3DModelImageryEnhancement/s7_make_datasets/s1_trainingset/image_patches_small/clear_nostructure_noimagine/0_90_78_TZIDZHMXHM_2_27_8_A_Utility_0_ori.png,To_Yukun_3DModelImageryEnhancement/To_Yukun_3DModelImageryEnhancement/s7_make_datasets/s1_trainingset/image_patches_small/clear_nostructure_noimagine/0_90_78_TZIDZHMXHM_2_27_8_A_Utility_0_generated.png,True,True,True,900,900,900,900,severe,False,5.484854221343994,0.1115432098765432,18.0,28.411313864582596,0.9951408779175628,33.20811848626386,0.9986838311875749,0,0.0
image_patches_small/100_102_10_SKADBPYRPE_3_23_16_A_Bed_0,image_patches_small,image_patches_small/clear_nostructure_noimagine,102_10_SKADBPYRPE_3_23_16_A_Bed,train,To_Yukun_3DModelImageryEnhancement/To_Yukun_3DModelImageryEnhancement/s7_make_datasets/s1_trainingset/image_patches_small/clear_nostructure_noimagine/100_102_10_SKADBPYRPE_3_23_16_A_Bed_0_ori.png,To_Yukun_3DModelImageryEnhancement/To_Yukun_3DModelImageryEnhancement/s7_make_datasets/s1_trainingset/image_patches_small/clear_nostructure_noimagine/100_102_10_SKADBPYRPE_3_23_16_A_Bed_0_generated.png,True,True,True,900,900,900,900,severe,False,7.3349504470825195,0.12086666666666666,18.0,27.87819010027953,0.9286592006881916,31.963532854516412,0.9741876814451496,0,0.0
image_patches_small/100_120_17_SKPDPPERPE_1_5_18_A_MBed_0,image_patches_small,image_patches_small/clear_nostructure_noimagine,120_17_SKPDPPERPE_1_5_18_A_MBed,val,To_Yukun_3DModelImageryEnhancement/To_Yukun_3DModelImageryEnhancement/s7_make_datasets/s1_trainingset/image_patches_small/clear_nostructure_noimagine/100_120_17_SKPDPPERPE_1_5_18_A_MBed_0_ori.png,To_Yukun_3DModelImageryEnhancement/To_Yukun_3DModelImageryEnhancement/s7_make_datasets/s1_trainingset/image_patches_small/clear_nostructure_noimagine/100_120_17_SKPDPPERPE_1_5_18_A_MBed_0_generated.png,True,True,True,900,900,900,900,medium,False,2.359025239944458,0.07065185185185185,18.0,30.680444379685447,0.9931093552729281,38.432349014970356,0.9991006319929452,0,0.0
image_patches_small/100_122_17_SKPDPPERPE_1_5_20_A_MBed_0,image_patches_small,image_patches_small/clear_nostructure_noimagine,122_17_SKPDPPERPE_1_5_20_A_MBed,test,To_Yukun_3DModelImageryEnhancement/To_Yukun_3DModelImageryEnhancement/s7_make_datasets/s1_trainingset/image_patches_small/clear_nostructure_noimagine/100_122_17_SKPDPPERPE_1_5_20_A_MBed_0_ori.png,To_Yukun_3DModelImageryEnhancement/To_Yukun_3DModelImageryEnhancement/s7_make_datasets/s1_trainingset/image_patches_small/clear_nostructure_noimagine/100_122_17_SKPDPPERPE_1_5_20_A_MBed_0_generated.png,True,True,True,900,900,900,900,medium,False,2.335155963897705,0.07332839506172839,18.0,30.663183118609076,0.9927366875670891,38.94013985325286,0.9991303337826449,0,0.0
image_patches_small/100_126_17_SKPDPPERPE_1_5_24_A_MBed_0,image_patches_small,image_patches_small/clear_nostructure_noimagine,126_17_SKPDPPERPE_1_5_24_A_MBed,val,To_Yukun_3DModelImageryEnhancement/To_Yukun_3DModelImageryEnhancement/s7_make_datasets/s1_trainingset/image_patches_small/clear_nostructure_noimagine/100_126_17_SKPDPPERPE_1_5_24_A_MBed_0_ori.png,To_Yukun_3DModelImageryEnhancement/To_Yukun_3DModelImageryEnhancement/s7_make_datasets/s1_trainingset/image_patches_small/clear_nostructure_noimagine/100_126_17_SKPDPPERPE_1_5_24_A_MBed_0_generated.png,True,True,True,900,900,900,900,severe,False,7.66352653503418,0.2582987654320988,18.0,25.841343071401425,0.9851895061083809,33.950513598761894,0.9981451190914616,0,0.0
image_patches_small/100_12_86_TZSMTHISHM_1_1_13_A_LivingDining_0,image_patches_small,image_patches_small/clear_nostructure_noimagine,12_86_TZSMTHISHM_1_1_13_A_LivingDining,test,To_Yukun_3DModelImageryEnhancement/To_Yukun_3DModelImageryEnhancement/s7_make_datasets/s1_trainingset/image_patches_small/clear_nostructure_noimagine/100_12_86_TZSMTHISHM_1_1_13_A_LivingDining_0_ori.png,To_Yukun_3DModelImageryEnhancement/To_Yukun_3DModelImageryEnhancement/s7_make_datasets/s1_trainingset/image_patches_small/clear_nostructure_noimagine/100_12_86_TZSMTHISHM_1_1_13_A_LivingDining_0_generated.png,True,True,True,900,900,900,900,severe,False,5.0326008796691895,0.11520123456790124,21.0,26.881133618435893,0.9846418041342703,34.48436349691802,0.9977631586737188,0,0.0
image_patches_small/100_134_15_SKEYPPEAPE_1_5_32_A_MBed_0,image_patches_small,image_patches_small/clear_nostructure_noimagine,134_15_SKEYPPEAPE_1_5_32_A_MBed,test,To_Yukun_3DModelImageryEnhancement/To_Yukun_3DModelImageryEnhancement/s7_make_datasets/s1_trainingset/image_patches_small/clear_nostructure_noimagine/100_134_15_SKEYPPEAPE_1_5_32_A_MBed_0_ori.png,To_Yukun_3DModelImageryEnhancement/To_Yukun_3DModelImageryEnhancement/s7_make_datasets/s1_trainingset/image_patches_small/clear_nostructure_noimagine/100_134_15_SKEYPPEAPE_1_5_32_A_MBed_0_generated.png,True,True,True,900,900,900,900,severe,False,4.04677677154541,0.1054567901234568,23.0,27.473935250076586,0.9828397105286535,35.65447066721094,0.9979265105226088,0,0.0
image_patches_small/100_30_89_TZTMTHMJMM_1_2_13_A_Bed_0,image_patches_small,image_patches_small/clear_nostructure_noimagine,30_89_TZTMTHMJMM_1_2_13_A_Bed,train,To_Yukun_3DModelImageryEnhancement/To_Yukun_3DModelImageryEnhancement/s7_make_datasets/s1_trainingset/image_patches_small/clear_nostructure_noimagine/100_30_89_TZTMTHMJMM_1_2_13_A_Bed_0_ori.png,To_Yukun_3DModelImageryEnhancement/To_Yukun_3DModelImageryEnhancement/s7_make_datasets/s1_trainingset/image_patches_small/clear_nostructure_noimagine/100_30_89_TZTMTHMJMM_1_2_13_A_Bed_0_generated.png,True,True,True,900,900,900,900,severe,False,7.7391676902771,0.2661654320987654,19.33333396911621,25.360221679759697,0.9877454449993437,33.673674226773045,0.9985920837723065,0,0.0
image_patches_small/100_31_4_OSRRQRUXOU_1_3_10_A_Bed_0,image_patches_small,image_patches_small/clear_nostructure_noimagine,31_4_OSRRQRUXOU_1_3_10_A_Bed,train,To_Yukun_3DModelImageryEnhancement/To_Yukun_3DModelImageryEnhancement/s7_make_datasets/s1_trainingset/image_patches_small/clear_nostructure_noimagine/100_31_4_OSRRQRUXOU_1_3_10_A_Bed_0_ori.png,To_Yukun_3DModelImageryEnhancement/To_Yukun_3DModelImageryEnhancement/s7_make_datasets/s1_trainingset/image_patches_small/clear_nostructure_noimagine/100_31_4_OSRRQRUXOU_1_3_10_A_Bed_0_generated.png,True,True,True,900,900,900,900,severe,False,6.8895721435546875,0.1564358024691358,18.0,27.558976793960447,0.9926037117492166,32.58066659789365,0.9978433664671833,0,0.0
image_patches_small/100_379_11_SKBKBPEAPE_1_11_20_C_Living_0,image_patches_small,image_patches_small/clear_nostructure_noimagine,379_11_SKBKBPEAPE_1_11_20_C_Living,val,To_Yukun_3DModelImageryEnhancement/To_Yukun_3DModelImageryEnhancement/s7_make_datasets/s1_trainingset/image_patches_small/clear_nostructure_noimagine/100_379_11_SKBKBPEAPE_1_11_20_C_Living_0_ori.png,To_Yukun_3DModelImageryEnhancement/To_Yukun_3DModelImageryEnhancement/s7_make_datasets/s1_trainingset/image_patches_small/clear_nostructure_noimagine/100_379_11_SKBKBPEAPE_1_11_20_C_Living_0_generated.png,True,True,True,900,900,900,900,severe,False,4.464175701141357,0.11692098765432099,20.0,27.70691755011018,0.9897694869452136,35.05026967945619,0.9984948460733463,0,0.0
image_patches_small/100_396_11_SKBKBPEAPE_1_12_1_C_Bed_0,image_patches_small,image_patches_small/clear_nostructure_noimagine,396_11_SKBKBPEAPE_1_12_1_C_Bed,train,To_Yukun_3DModelImageryEnhancement/To_Yukun_3DModelImageryEnhancement/s7_make_datasets/s1_trainingset/image_patches_small/clear_nostructure_noimagine/100_396_11_SKBKBPEAPE_1_12_1_C_Bed_0_ori.png,To_Yukun_3DModelImageryEnhancement/To_Yukun_3DModelImageryEnhancement/s7_make_datasets/s1_trainingset/image_patches_small/clear_nostructure_noimagine/100_396_11_SKBKBPEAPE_1_12_1_C_Bed_0_generated.png,True,True,True,900,900,900,900,severe,False,5.36665678024292,0.14976172839506172,19.33333396911621,25.996977550364008,0.9883703985948004,35.94392159416867,0.9990334661116281,0,0.0
image_patches_small/101_132_10_SKADBPYRPE_3_24_27_A_Bed_1,image_patches_small,image_patches_small/clear_nostructure_noimagine,132_10_SKADBPYRPE_3_24_27_A_Bed,val,To_Yukun_3DModelImageryEnhancement/To_Yukun_3DModelImageryEnhancement/s7_make_datasets/s1_trainingset/image_patches_small/clear_nostructure_noimagine/101_132_10_SKADBPYRPE_3_24_27_A_Bed_1_ori.png,To_Yukun_3DModelImageryEnhancement/To_Yukun_3DModelImageryEnhancement/s7_make_datasets/s1_trainingset/image_patches_small/clear_nostructure_noimagine/101_132_10_SKADBPYRPE_3_24_27_A_Bed_1_generated.png,True,True,True,900,900,900,900,severe,False,6.630789279937744,0.15037901234567902,18.0,27.127213865214358,0.9848287886499428,33.408336771459034,0.9969517646617876,0,0.0
image_patches_small/12_134_15_SKEYPPEAPE_1_5_32_A_MBed_12,image_patches_small,image_patches_small/clear_nostructure_noimagine,134_15_SKEYPPEAPE_1_5_32_A_MBed,test,To_Yukun_3DModelImageryEnhancement/To_Yukun_3DModelImageryEnhancement/s7_make_datasets/s1_trainingset/image_patches_small/clear_nostructure_noimagine/12_134_15_SKEYPPEAPE_1_5_32_A_MBed_12_ori.png,To_Yukun_3DModelImageryEnhancement/To_Yukun_3DModelImageryEnhancement/s7_make_datasets/s1_trainingset/image_patches_small/clear_nostructure_noimagine/12_134_15_SKEYPPEAPE_1_5_32_A_MBed_12_generated.png,True,True,True,900,900,900,900,light,True,0.6475168466567993,0.01849135802469136,29.0,33.632934833004896,0.9602054937579824,46.87667109039494,0.9984624042284934,0,0.0
image_patches_small/13_156_86_TZSMTHISHM_1_6_12_A_Bath_13,image_patches_small,image_patches_small/clear_nostructure_noimagine,156_86_TZSMTHISHM_1_6_12_A_Bath,train,To_Yukun_3DModelImageryEnhancement/To_Yukun_3DModelImageryEnhancement/s7_make_datasets/s1_trainingset/image_patches_small/clear_nostructure_noimagine/13_156_86_TZSMTHISHM_1_6_12_A_Bath_13_ori.png,To_Yukun_3DModelImageryEnhancement/To_Yukun_3DModelImageryEnhancement/s7_make_datasets/s1_trainingset/image_patches_small/clear_nostructure_noimagine/13_156_86_TZSMTHISHM_1_6_12_A_Bath_13_generated.png,True,True,True,900,900,900,900,light,True,0.6936938166618347,0.018403703703703703,25.66666603088379,34.77798083136029,0.9859585616789014,43.62730998402639,0.9986159758343416,0,0.0
image_patches_small/14_1346_81_TZMNIHIXHM_1_34_25_E_MBed_14,image_patches_small,image_patches_small/clear_nostructure_noimagine,1346_81_TZMNIHIXHM_1_34_25_E_MBed,train,To_Yukun_3DModelImageryEnhancement/To_Yukun_3DModelImageryEnhancement/s7_make_datasets/s1_trainingset/image_patches_small/clear_nostructure_noimagine/14_1346_81_TZMNIHIXHM_1_34_25_E_MBed_14_ori.png,To_Yukun_3DModelImageryEnhancement/To_Yukun_3DModelImageryEnhancement/s7_make_datasets/s1_trainingset/image_patches_small/clear_nostructure_noimagine/14_1346_81_TZMNIHIXHM_1_34_25_E_MBed_14_generated.png,True,True,True,900,900,900,900,light,True,0.7654650211334229,0.01241604938271605,36.0,32.80605204036466,0.9701877835927927,41.12663280079836,0.995955498242979,0,0.0
image_patches_small/15_308_15_SKEYPPEAPE_1_12_10_B_MBed_15,image_patches_small,image_patches_small/clear_nostructure_noimagine,308_15_SKEYPPEAPE_1_12_10_B_MBed,test,To_Yukun_3DModelImageryEnhancement/To_Yukun_3DModelImageryEnhancement/s7_make_datasets/s1_trainingset/image_patches_small/clear_nostructure_noimagine/15_308_15_SKEYPPEAPE_1_12_10_B_MBed_15_ori.png,To_Yukun_3DModelImageryEnhancement/To_Yukun_3DModelImageryEnhancement/s7_make_datasets/s1_trainingset/image_patches_small/clear_nostructure_noimagine/15_308_15_SKEYPPEAPE_1_12_10_B_MBed_15_generated.png,True,True,True,900,900,900,900,light,True,0.5687271356582642,0.022230864197530863,25.33333396911621,35.93916360861994,0.9881994023466878,46.43604149407969,0.9990759468038656,0,0.0
image_patches_small/16_156_86_TZSMTHISHM_1_6_12_A_Bath_16,image_patches_small,image_patches_small/clear_nostructure_noimagine,156_86_TZSMTHISHM_1_6_12_A_Bath,train,To_Yukun_3DModelImageryEnhancement/To_Yukun_3DModelImageryEnhancement/s7_make_datasets/s1_trainingset/image_patches_small/clear_nostructure_noimagine/16_156_86_TZSMTHISHM_1_6_12_A_Bath_16_ori.png,To_Yukun_3DModelImageryEnhancement/To_Yukun_3DModelImageryEnhancement/s7_make_datasets/s1_trainingset/image_patches_small/clear_nostructure_noimagine/16_156_86_TZSMTHISHM_1_6_12_A_Bath_16_generated.png,True,True,True,900,900,900,900,light,True,0.5340468883514404,0.01508395061728395,22.33333396911621,36.568059935778166,0.992178092328231,45.01681482127197,0.9991039096946217,0,0.0
image_patches_small/17_156_86_TZSMTHISHM_1_6_12_A_Bath_17,image_patches_small,image_patches_small/clear_nostructure_noimagine,156_86_TZSMTHISHM_1_6_12_A_Bath,train,To_Yukun_3DModelImageryEnhancement/To_Yukun_3DModelImageryEnhancement/s7_make_datasets/s1_trainingset/image_patches_small/clear_nostructure_noimagine/17_156_86_TZSMTHISHM_1_6_12_A_Bath_17_ori.png,To_Yukun_3DModelImageryEnhancement/To_Yukun_3DModelImageryEnhancement/s7_make_datasets/s1_trainingset/image_patches_small/clear_nostructure_noimagine/17_156_86_TZSMTHISHM_1_6_12_A_Bath_17_generated.png,True,True,True,900,900,900,900,light,True,0.5024420022964478,0.01568395061728395,21.66666603088379,37.34233172256468,0.9915560093361016,44.63520342713514,0.9986990292512227,0,0.0
image_patches_small/1_1007_11_SKBKBPEAPE_1_106_36_G_Bed_1,image_patches_small,image_patches_small/clear_nostructure_noimagine,1007_11_SKBKBPEAPE_1_106_36_G_Bed,train,To_Yukun_3DModelImageryEnhancement/To_Yukun_3DModelImageryEnhancement/s7_make_datasets/s1_trainingset/image_patches_small/clear_nostructure_noimagine/1_1007_11_SKBKBPEAPE_1_106_36_G_Bed_1_ori.png,To_Yukun_3DModelImageryEnhancement/To_Yukun_3DModelImageryEnhancement/s7_make_datasets/s1_trainingset/image_patches_small/clear_nostructure_noimagine/1_1007_11_SKBKBPEAPE_1_106_36_G_Bed_1_generated.png,True,True,True,900,900,900,900,medium,False,3.189767837524414,0.07639506172839507,32.0,27.676853886765755,0.9807912223506735,36.21776172711588,0.9976472575021602,0,0.0
image_patches_small/1_102_10_SKADBPYRPE_3_23_16_A_Bed_1,image_patches_small,image_patches_small/clear_nostructure_noimagine,102_10_SKADBPYRPE_3_23_16_A_Bed,train,To_Yukun_3DModelImageryEnhancement/To_Yukun_3DModelImageryEnhancement/s7_make_datasets/s1_trainingset/image_patches_small/clear_nostructure_noimagine/1_102_10_SKADBPYRPE_3_23_16_A_Bed_1_ori.png,To_Yukun_3DModelImageryEnhancement/To_Yukun_3DModelImageryEnhancement/s7_make_datasets/s1_trainingset/image_patches_small/clear_nostructure_noimagine/1_102_10_SKADBPYRPE_3_23_16_A_Bed_1_generated.png,True,True,True,900,900,900,900,severe,False,4.162040710449219,0.034895061728395065,18.0,31.44730900261694,0.9968940818488592,33.51385974106848,0.9981473001134529,0,0.0
image_patches_small/1_10_61_TTNTIHLEHM_1_1_12_A_Bed_1,image_patches_small,image_patches_small/clear_nostructure_noimagine,10_61_TTNTIHLEHM_1_1_12_A_Bed,test,To_Yukun_3DModelImageryEnhancement/To_Yukun_3DModelImageryEnhancement/s7_make_datasets/s1_trainingset/image_patches_small/clear_nostructure_noimagine/1_10_61_TTNTIHLEHM_1_1_12_A_Bed_1_ori.png,To_Yukun_3DModelImageryEnhancement/To_Yukun_3DModelImageryEnhancement/s7_make_datasets/s1_trainingset/image_patches_small/clear_nostructure_noimagine/1_10_61_TTNTIHLEHM_1_1_12_A_Bed_1_generated.png,True,True,True,900,900,900,900,medium,False,1.5107718706130981,0.05207530864197531,18.0,33.224805627866175,0.9952769571160966,40.51503443599043,0.9992873024502807,0,0.0
image_patches_small/1_122_17_SKPDPPERPE_1_5_20_A_MBed_1,image_patches_small,image_patches_small/clear_nostructure_noimagine,122_17_SKPDPPERPE_1_5_20_A_MBed,test,To_Yukun_3DModelImageryEnhancement/To_Yukun_3DModelImageryEnhancement/s7_make_datasets/s1_trainingset/image_patches_small/clear_nostructure_noimagine/1_122_17_SKPDPPERPE_1_5_20_A_MBed_1_ori.png,To_Yukun_3DModelImageryEnhancement/To_Yukun_3DModelImageryEnhancement/s7_make_datasets/s1_trainingset/image_patches_small/clear_nostructure_noimagine/1_122_17_SKPDPPERPE_1_5_20_A_MBed_1_generated.png,True,True,True,900,900,900,900,light,True,1.265523910522461,0.03952098765432099,18.0,33.995427173259486,0.9947277511539798,41.082990579609984,0.999099147930927,0,0.0
image_patches_small/1_132_10_SKADBPYRPE_3_24_27_A_Bed_1,image_patches_small,image_patches_small/clear_nostructure_noimagine,132_10_SKADBPYRPE_3_24_27_A_Bed,val,To_Yukun_3DModelImageryEnhancement/To_Yukun_3DModelImageryEnhancement/s7_make_datasets/s1_trainingset/image_patches_small/clear_nostructure_noimagine/1_132_10_SKADBPYRPE_3_24_27_A_Bed_1_ori.png,To_Yukun_3DModelImageryEnhancement/To_Yukun_3DModelImageryEnhancement/s7_make_datasets/s1_trainingset/image_patches_small/clear_nostructure_noimagine/1_132_10_SKADBPYRPE_3_24_27_A_Bed_1_generated.png,True,True,True,900,900,900,900,medium,False,2.0015690326690674,0.02505432098765432,18.0,34.0308756813334,0.9977198264000382,37.18369678957278,0.9990245563233086,0,0.0
image_patches_small/1_134_15_SKEYPPEAPE_1_5_32_A_MBed_1,image_patches_small,image_patches_small/clear_nostructure_noimagine,134_15_SKEYPPEAPE_1_5_32_A_MBed,test,To_Yukun_3DModelImageryEnhancement/To_Yukun_3DModelImageryEnhancement/s7_make_datasets/s1_trainingset/image_patches_small/clear_nostructure_noimagine/1_134_15_SKEYPPEAPE_1_5_32_A_MBed_1_ori.png,To_Yukun_3DModelImageryEnhancement/To_Yukun_3DModelImageryEnhancement/s7_make_datasets/s1_trainingset/image_patches_small/clear_nostructure_noimagine/1_134_15_SKEYPPEAPE_1_5_32_A_MBed_1_generated.png,True,True,True,900,900,900,900,severe,False,4.025234699249268,0.10744691358024691,22.66666603088379,27.541490988087595,0.9831019821540701,35.80957017129768,0.9980164351494553,0,0.0
image_patches_small/1_1549_40_SKSSGPYXPE_1_39_36_H_Bed_1,image_patches_small,image_patches_small/clear_nostructure_noimagine,1549_40_SKSSGPYXPE_1_39_36_H_Bed,train,To_Yukun_3DModelImageryEnhancement/To_Yukun_3DModelImageryEnhancement/s7_make_datasets/s1_trainingset/image_patches_small/clear_nostructure_noimagine/1_1549_40_SKSSGPYXPE_1_39_36_H_Bed_1_ori.png,To_Yukun_3DModelImageryEnhancement/To_Yukun_3DModelImageryEnhancement/s7_make_datasets/s1_trainingset/image_patches_small/clear_nostructure_noimagine/1_1549_40_SKSSGPYXPE_1_39_36_H_Bed_1_generated.png,True,True,True,900,900,900,900,medium,False,2.4161369800567627,0.04458148148148148,25.33333396911621,28.521328528250898,0.96595904873239,37.59151520912502,0.9967587081668408,0,0.0
image_patches_small/1_168_41_SKSWBPWJPS_1_7_1_B_Bed_1,image_patches_small,image_patches_small/clear_nostructure_noimagine,168_41_SKSWBPWJPS_1_7_1_B_Bed,test,To_Yukun_3DModelImageryEnhancement/To_Yukun_3DModelImageryEnhancement/s7_make_datasets/s1_trainingset/image_patches_small/clear_nostructure_noimagine/1_168_41_SKSWBPWJPS_1_7_1_B_Bed_1_ori.png,To_Yukun_3DModelImageryEnhancement/To_Yukun_3DModelImageryEnhancement/s7_make_datasets/s1_trainingset/image_patches_small/clear_nostructure_noimagine/1_168_41_SKSWBPWJPS_1_7_1_B_Bed_1_generated.png,True,True,True,900,900,900,900,severe,False,7.920519828796387,0.22520864197530865,18.33333396911621,25.776430421289138,0.9883129826434143,33.57001791135449,0.998246356891597,0,0.0
image_patches_small/1_1_11_SKBKBPEAPE_1_1_2_A_Living_1,image_patches_small,image_patches_small/clear_nostructure_noimagine,1_11_SKBKBPEAPE_1_1_2_A_Living,train,To_Yukun_3DModelImageryEnhancement/To_Yukun_3DModelImageryEnhancement/s7_make_datasets/s1_trainingset/image_patches_small/clear_nostructure_noimagine/1_1_11_SKBKBPEAPE_1_1_2_A_Living_1_ori.png,To_Yukun_3DModelImageryEnhancement/To_Yukun_3DModelImageryEnhancement/s7_make_datasets/s1_trainingset/image_patches_small/clear_nostructure_noimagine/1_1_11_SKBKBPEAPE_1_1_2_A_Living_1_generated.png,True,True,True,900,900,900,900,medium,False,2.760190010070801,0.07596543209876543,23.66666603088379,28.530532761780982,0.977329276664561,38.26518506297903,0.9979289027969778,0,0.0
image_patches_small/1_229_78_TZIDZHMXHM_3_39_26_A_Utility_1,image_patches_small,image_patches_small/clear_nostructure_noimagine,229_78_TZIDZHMXHM_3_39_26_A_Utility,train,To_Yukun_3DModelImageryEnhancement/To_Yukun_3DModelImageryEnhancement/s7_make_datasets/s1_trainingset/image_patches_small/clear_nostructure_noimagine/1_229_78_TZIDZHMXHM_3_39_26_A_Utility_1_ori.png,To_Yukun_3DModelImageryEnhancement/To_Yukun_3DModelImageryEnhancement/s7_make_datasets/s1_trainingset/image_patches_small/clear_nostructure_noimagine/1_229_78_TZIDZHMXHM_3_39_26_A_Utility_1_generated.png,True,True,True,900,900,900,900,medium,False,2.468034505844116,0.02818888888888889,18.0,33.638791048048255,0.9975362155499913,36.07102277523016,0.9986665074407208,0,0.0
image_patches_small/1_280_17_SKPDPPERPE_1_11_10_C_MBed_1,image_patches_small,image_patches_small/clear_nostructure_noimagine,280_17_SKPDPPERPE_1_11_10_C_MBed,train,To_Yukun_3DModelImageryEnhancement/To_Yukun_3DModelImageryEnhancement/s7_make_datasets/s1_trainingset/image_patches_small/clear_nostructure_noimagine/1_280_17_SKPDPPERPE_1_11_10_C_MBed_1_ori.png,To_Yukun_3DModelImageryEnhancement/To_Yukun_3DModelImageryEnhancement/s7_make_datasets/s1_trainingset/image_patches_small/clear_nostructure_noimagine/1_280_17_SKPDPPERPE_1_11_10_C_MBed_1_generated.png,True,True,True,900,900,900,900,medium,False,1.788405418395996,0.041277777777777774,18.0,33.54204501796983,0.9971408777375895,38.12508264478257,0.9990882371965429,0,0.0
image_patches_small/1_31_4_OSRRQRUXOU_1_3_10_A_Bed_1,image_patches_small,image_patches_small/clear_nostructure_noimagine,31_4_OSRRQRUXOU_1_3_10_A_Bed,train,To_Yukun_3DModelImageryEnhancement/To_Yukun_3DModelImageryEnhancement/s7_make_datasets/s1_trainingset/image_patches_small/clear_nostructure_noimagine/1_31_4_OSRRQRUXOU_1_3_10_A_Bed_1_ori.png,To_Yukun_3DModelImageryEnhancement/To_Yukun_3DModelImageryEnhancement/s7_make_datasets/s1_trainingset/image_patches_small/clear_nostructure_noimagine/1_31_4_OSRRQRUXOU_1_3_10_A_Bed_1_generated.png,True,True,True,900,900,900,900,light,True,1.3742774724960327,0.02111851851851852,18.0,35.51725135087815,0.9985312689708309,38.62522062762388,0.9993170970293556,0,0.0
image_patches_small/1_631_86_TZSMTHISHM_1_23_23_D_Utility_1,image_patches_small,image_patches_small/clear_nostructure_noimagine,631_86_TZSMTHISHM_1_23_23_D_Utility,train,To_Yukun_3DModelImageryEnhancement/To_Yukun_3DModelImageryEnhancement/s7_make_datasets/s1_trainingset/image_patches_small/clear_nostructure_noimagine/1_631_86_TZSMTHISHM_1_23_23_D_Utility_1_ori.png,To_Yukun_3DModelImageryEnhancement/To_Yukun_3DModelImageryEnhancement/s7_make_datasets/s1_trainingset/image_patches_small/clear_nostructure_noimagine/1_631_86_TZSMTHISHM_1_23_23_D_Utility_1_generated.png,True,True,True,900,900,900,900,severe,False,3.632429361343384,0.10433827160493828,18.0,29.113112395079874,0.992417944538543,36.27804978043811,0.9987935762349374,0,0.0
image_patches_small/1_682_41_SKSWBPWJPS_1_26_11_C_Bed_1,image_patches_small,image_patches_small/clear_nostructure_noimagine,682_41_SKSWBPWJPS_1_26_11_C_Bed,train,To_Yukun_3DModelImageryEnhancement/To_Yukun_3DModelImageryEnhancement/s7_make_datasets/s1_trainingset/image_patches_small/clear_nostructure_noimagine/1_682_41_SKSWBPWJPS_1_26_11_C_Bed_1_ori.png,To_Yukun_3DModelImageryEnhancement/To_Yukun_3DModelImageryEnhancement/s7_make_datasets/s1_trainingset/image_patches_small/clear_nostructure_noimagine/1_682_41_SKSWBPWJPS_1_26_11_C_Bed_1_generated.png,True,True,True,900,900,900,900,medium,False,2.401958465576172,0.09468888888888889,18.0,30.526024677500658,0.9920769604004354,39.933229640520025,0.9992208900307789,0,0.0
image_patches_small/1_847_81_TZMNIHIXHM_1_22_43_C_MBed_1,image_patches_small,image_patches_small/clear_nostructure_noimagine,847_81_TZMNIHIXHM_1_22_43_C_MBed,train,To_Yukun_3DModelImageryEnhancement/To_Yukun_3DModelImageryEnhancement/s7_make_datasets/s1_trainingset/image_patches_small/clear_nostructure_noimagine/1_847_81_TZMNIHIXHM_1_22_43_C_MBed_1_ori.png,To_Yukun_3DModelImageryEnhancement/To_Yukun_3DModelImageryEnhancement/s7_make_datasets/s1_trainingset/image_patches_small/clear_nostructure_noimagine/1_847_81_TZMNIHIXHM_1_22_43_C_MBed_1_generated.png,True,True,True,900,900,900,900,medium,False,1.6450999975204468,0.04629135802469136,18.0,32.63166334897686,0.9949926868491678,39.695126410169046,0.9992136194578554,0,0.0
image_patches_small/1_90_78_TZIDZHMXHM_2_27_8_A_Utility_1,image_patches_small,image_patches_small/clear_nostructure_noimagine,90_78_TZIDZHMXHM_2_27_8_A_Utility,val,To_Yukun_3DModelImageryEnhancement/To_Yukun_3DModelImageryEnhancement/s7_make_datasets/s1_trainingset/image_patches_small/clear_nostructure_noimagine/1_90_78_TZIDZHMXHM_2_27_8_A_Utility_1_ori.png,To_Yukun_3DModelImageryEnhancement/To_Yukun_3DModelImageryEnhancement/s7_make_datasets/s1_trainingset/image_patches_small/clear_nostructure_noimagine/1_90_78_TZIDZHMXHM_2_27_8_A_Utility_1_generated.png,True,True,True,900,900,900,900,medium,False,2.1926472187042236,0.007519753086419753,18.0,35.54667636659246,0.9991365234032119,36.08924708812474,0.9992563662296399,0,0.0
image_patches_small/2_0_24_SKPPWDPXPS_1_1_6_A_LivingDining_2,image_patches_small,image_patches_small/clear_nostructure_noimagine,0_24_SKPPWDPXPS_1_1_6_A_LivingDining,train,To_Yukun_3DModelImageryEnhancement/To_Yukun_3DModelImageryEnhancement/s7_make_datasets/s1_trainingset/image_patches_small/clear_nostructure_noimagine/2_0_24_SKPPWDPXPS_1_1_6_A_LivingDining_2_ori.png,To_Yukun_3DModelImageryEnhancement/To_Yukun_3DModelImageryEnhancement/s7_make_datasets/s1_trainingset/image_patches_small/clear_nostructure_noimagine/2_0_24_SKPPWDPXPS_1_1_6_A_LivingDining_2_generated.png,True,True,True,900,900,900,900,medium,False,1.4336724281311035,0.04185925925925926,20.66666603088379,32.8374102498299,0.9947734681837272,40.5734825207405,0.9991904235072908,0,0.0
image_patches_small/2_102_10_SKADBPYRPE_3_23_16_A_Bed_2,image_patches_small,image_patches_small/clear_nostructure_noimagine,102_10_SKADBPYRPE_3_23_16_A_Bed,train,To_Yukun_3DModelImageryEnhancement/To_Yukun_3DModelImageryEnhancement/s7_make_datasets/s1_trainingset/image_patches_small/clear_nostructure_noimagine/2_102_10_SKADBPYRPE_3_23_16_A_Bed_2_ori.png,To_Yukun_3DModelImageryEnhancement/To_Yukun_3DModelImageryEnhancement/s7_make_datasets/s1_trainingset/image_patches_small/clear_nostructure_noimagine/2_102_10_SKADBPYRPE_3_23_16_A_Bed_2_generated.png,True,True,True,900,900,900,900,medium,False,3.1145823001861572,0.08391604938271605,18.0,30.47144008791532,0.9938078790109416,37.25752615473426,0.9988663549784121,0,0.0
image_patches_small/2_1145_30_SKPPWKPEPE_2_50_47_C_Bed_2,image_patches_small,image_patches_small/clear_nostructure_noimagine,1145_30_SKPPWKPEPE_2_50_47_C_Bed,train,To_Yukun_3DModelImageryEnhancement/To_Yukun_3DModelImageryEnhancement/s7_make_datasets/s1_trainingset/image_patches_small/clear_nostructure_noimagine/2_1145_30_SKPPWKPEPE_2_50_47_C_Bed_2_ori.png,To_Yukun_3DModelImageryEnhancement/To_Yukun_3DModelImageryEnhancement/s7_make_datasets/s1_trainingset/image_patches_small/clear_nostructure_noimagine/2_1145_30_SKPPWKPEPE_2_50_47_C_Bed_2_generated.png,True,True,True,900,900,900,900,medium,False,2.1798930168151855,0.06590987654320987,19.33333396911621,31.35555255544697,0.9949457013986809,38.72485119437227,0.9992416416169336,0,0.0
image_patches_small/2_132_10_SKADBPYRPE_3_24_27_A_Bed_2,image_patches_small,image_patches_small/clear_nostructure_noimagine,132_10_SKADBPYRPE_3_24_27_A_Bed,val,To_Yukun_3DModelImageryEnhancement/To_Yukun_3DModelImageryEnhancement/s7_make_datasets/s1_trainingset/image_patches_small/clear_nostructure_noimagine/2_132_10_SKADBPYRPE_3_24_27_A_Bed_2_ori.png,To_Yukun_3DModelImageryEnhancement/To_Yukun_3DModelImageryEnhancement/s7_make_datasets/s1_trainingset/image_patches_small/clear_nostructure_noimagine/2_132_10_SKADBPYRPE_3_24_27_A_Bed_2_generated.png,True,True,True,900,900,900,900,light,True,0.5820493698120117,0.006209876543209877,18.0,39.35627865057139,0.9968252522471639,42.13561976661307,0.9985612192415887,0,0.0
image_patches_small/2_134_10_SKADBPYRPE_3_25_10_A_Bed_2,image_patches_small,image_patches_small/clear_nostructure_noimagine,134_10_SKADBPYRPE_3_25_10_A_Bed,train,To_Yukun_3DModelImageryEnhancement/To_Yukun_3DModelImageryEnhancement/s7_make_datasets/s1_trainingset/image_patches_small/clear_nostructure_noimagine/2_134_10_SKADBPYRPE_3_25_10_A_Bed_2_ori.png,To_Yukun_3DModelImageryEnhancement/To_Yukun_3DModelImageryEnhancement/s7_make_datasets/s1_trainingset/image_patches_small/clear_nostructure_noimagine/2_134_10_SKADBPYRPE_3_25_10_A_Bed_2_generated.png,True,True,True,900,900,900,900,medium,False,2.06435489654541,0.06609753086419753,18.0,32.10450630849169,0.9958494991463656,39.03251027130849,0.9992492009129301,0,0.0
image_patches_small/2_1494_93_TZTNIHIYHM_1_38_47_F_Bed_2,image_patches_small,image_patches_small/clear_nostructure_noimagine,1494_93_TZTNIHIYHM_1_38_47_F_Bed,train,To_Yukun_3DModelImageryEnhancement/To_Yukun_3DModelImageryEnhancement/s7_make_datasets/s1_trainingset/image_patches_small/clear_nostructure_noimagine/2_1494_93_TZTNIHIYHM_1_38_47_F_Bed_2_ori.png,To_Yukun_3DModelImageryEnhancement/To_Yukun_3DModelImageryEnhancement/s7_make_datasets/s1_trainingset/image_patches_small/clear_nostructure_noimagine/2_1494_93_TZTNIHIYHM_1_38_47_F_Bed_2_generated.png,True,True,True,900,900,900,900,light,True,1.1290024518966675,0.020853086419753086,23.66666603088379,31.667067854234823,0.9834818264355762,41.51903149562406,0.9983856522212737,0,0.0
image_patches_small/2_179_61_TTNTIHLEHM_1_17_8_C_Bed_2,image_patches_small,image_patches_small/clear_nostructure_noimagine,179_61_TTNTIHLEHM_1_17_8_C_Bed,train,To_Yukun_3DModelImageryEnhancement/To_Yukun_3DModelImageryEnhancement/s7_make_datasets/s1_trainingset/image_patches_small/clear_nostructure_noimagine/2_179_61_TTNTIHLEHM_1_17_8_C_Bed_2_ori.png,To_Yukun_3DModelImageryEnhancement/To_Yukun_3DModelImageryEnhancement/s7_make_datasets/s1_trainingset/image_patches_small/clear_nostructure_noimagine/2_179_61_TTNTIHLEHM_1_17_8_C_Bed_2_generated.png,True,True,True,900,900,900,900,light,True,0.614759624004364,0.0006950617283950617,18.0,41.516737245909496,0.9995840099974308,41.742760259235716,0.9996107634155827,0,0.0
image_patches_small/2_1_11_SKBKBPEAPE_1_1_2_A_Living_2,image_patches_small,image_patches_small/clear_nostructure_noimagine,1_11_SKBKBPEAPE_1_1_2_A_Living,train,To_Yukun_3DModelImageryEnhancement/To_Yukun_3DModelImageryEnhancement/s7_make_datasets/s1_trainingset/image_patches_small/clear_nostructure_noimagine/2_1_11_SKBKBPEAPE_1_1_2_A_Living_2_ori.png,To_Yukun_3DModelImageryEnhancement/To_Yukun_3DModelImageryEnhancement/s7_make_datasets/s1_trainingset/image_patches_small/clear_nostructure_noimagine/2_1_11_SKBKBPEAPE_1_1_2_A_Living_2_generated.png,True,True,True,900,900,900,900,light,True,1.2783113718032837,0.03557901234567901,18.33333396911621,33.7759382834549,0.9936398596443036,40.150359302301304,0.9987203619397895,0,0.0
image_patches_small/2_304_17_SKPDPPERPE_1_11_34_C_MBed_2,image_patches_small,image_patches_small/clear_nostructure_noimagine,304_17_SKPDPPERPE_1_11_34_C_MBed,train,To_Yukun_3DModelImageryEnhancement/To_Yukun_3DModelImageryEnhancement/s7_make_datasets/s1_trainingset/image_patches_small/clear_nostructure_noimagine/2_304_17_SKPDPPERPE_1_11_34_C_MBed_2_ori.png,To_Yukun_3DModelImageryEnhancement/To_Yukun_3DModelImageryEnhancement/s7_make_datasets/s1_trainingset/image_patches_small/clear_nostructure_noimagine/2_304_17_SKPDPPERPE_1_11_34_C_MBed_2_generated.png,True,True,True,900,900,900,900,medium,False,1.775659203529358,0.0487716049382716,18.0,32.92273833908828,0.9961448843278702,39.06488337037694,0.9991396322386925,0,0.0
image_patches_small/2_307_41_SKSWBPWJPS_1_11_28_D_LivingDining_2,image_patches_small,image_patches_small/clear_nostructure_noimagine,307_41_SKSWBPWJPS_1_11_28_D_LivingDining,val,To_Yukun_3DModelImageryEnhancement/To_Yukun_3DModelImageryEnhancement/s7_make_datasets/s1_trainingset/image_patches_small/clear_nostructure_noimagine/2_307_41_SKSWBPWJPS_1_11_28_D_LivingDining_2_ori.png,To_Yukun_3DModelImageryEnhancement/To_Yukun_3DModelImageryEnhancement/s7_make_datasets/s1_trainingset/image_patches_small/clear_nostructure_noimagine/2_307_41_SKSWBPWJPS_1_11_28_D_LivingDining_2_generated.png,True,True,True,900,900,900,900,medium,False,1.9802765846252441,0.02266172839506173,18.0,33.9849689512999,0.997026537931956,37.023743887701436,0.9986795410223855,0,0.0
image_patches_small/2_363_2_OSJDFRJRRU_1_14_2_D_Bed_2,image_patches_small,image_patches_small/clear_nostructure_noimagine,363_2_OSJDFRJRRU_1_14_2_D_Bed,train,To_Yukun_3DModelImageryEnhancement/To_Yukun_3DModelImageryEnhancement/s7_make_datasets/s1_trainingset/image_patches_small/clear_nostructure_noimagine/2_363_2_OSJDFRJRRU_1_14_2_D_Bed_2_ori.png,To_Yukun_3DModelImageryEnhancement/To_Yukun_3DModelImageryEnhancement/s7_make_datasets/s1_trainingset/image_patches_small/clear_nostructure_noimagine/2_363_2_OSJDFRJRRU_1_14_2_D_Bed_2_generated.png,True,True,True,900,900,900,900,light,True,1.3110533952713013,0.014728395061728395,18.0,35.76008417697991,0.9986529165326858,38.550709718589516,0.9993560593734055,0,0.0
image_patches_small/2_562_17_SKPDPPERPE_2_29_38_B_Living_2,image_patches_small,image_patches_small/clear_nostructure_noimagine,562_17_SKPDPPERPE_2_29_38_B_Living,val,To_Yukun_3DModelImageryEnhancement/To_Yukun_3DModelImageryEnhancement/s7_make_datasets/s1_trainingset/image_patches_small/clear_nostructure_noimagine/2_562_17_SKPDPPERPE_2_29_38_B_Living_2_ori.png,To_Yukun_3DModelImageryEnhancement/To_Yukun_3DModelImageryEnhancement/s7_make_datasets/s1_trainingset/image_patches_small/clear_nostructure_noimagine/2_562_17_SKPDPPERPE_2_29_38_B_Living_2_generated.png,True,True,True,900,900,900,900,medium,False,1.6467291116714478,0.037340740740740744,25.66666603088379,30.941660293699712,0.9858689883819279,39.20917944890056,0.9981987097131441,0,0.0
image_patches_small/2_594_86_TZSMTHISHM_1_22_15_D_Bath_2,image_patches_small,image_patches_small/clear_nostructure_noimagine,594_86_TZSMTHISHM_1_22_15_D_Bath,train,To_Yukun_3DModelImageryEnhancement/To_Yukun_3DModelImageryEnhancement/s7_make_datasets/s1_trainingset/image_patches_small/clear_nostructure_noimagine/2_594_86_TZSMTHISHM_1_22_15_D_Bath_2_ori.png,To_Yukun_3DModelImageryEnhancement/To_Yukun_3DModelImageryEnhancement/s7_make_datasets/s1_trainingset/image_patches_small/clear_nostructure_noimagine/2_594_86_TZSMTHISHM_1_22_15_D_Bath_2_generated.png,True,True,True,900,900,900,900,medium,False,1.6537046432495117,0.05467530864197531,18.0,32.43730985424651,0.9959024027483422,40.29420115182831,0.9993939935004099,0,0.0
image_patches_small/3_134_15_SKEYPPEAPE_1_5_32_A_MBed_3,image_patches_small,image_patches_small/clear_nostructure_noimagine,134_15_SKEYPPEAPE_1_5_32_A_MBed,test,To_Yukun_3DModelImageryEnhancement/To_Yukun_3DModelImageryEnhancement/s7_make_datasets/s1_trainingset/image_patches_small/clear_nostructure_noimagine/3_134_15_SKEYPPEAPE_1_5_32_A_MBed_3_ori.png,To_Yukun_3DModelImageryEnhancement/To_Yukun_3DModelImageryEnhancement/s7_make_datasets/s1_trainingset/image_patches_small/clear_nostructure_noimagine/3_134_15_SKEYPPEAPE_1_5_32_A_MBed_3_generated.png,True,True,True,900,900,900,900,medium,False,2.8337979316711426,0.07008271604938271,23.66666603088379,28.971649633858437,0.9865619585842587,36.91883956028836,0.9982804023188928,0,0.0
image_patches_small/3_13_22_SKPPWBPEPE_1_14_7_Whole_MBed_3,image_patches_small,image_patches_small/clear_nostructure_noimagine,13_22_SKPPWBPEPE_1_14_7_Whole_MBed,train,To_Yukun_3DModelImageryEnhancement/To_Yukun_3DModelImageryEnhancement/s7_make_datasets/s1_trainingset/image_patches_small/clear_nostructure_noimagine/3_13_22_SKPPWBPEPE_1_14_7_Whole_MBed_3_ori.png,To_Yukun_3DModelImageryEnhancement/To_Yukun_3DModelImageryEnhancement/s7_make_datasets/s1_trainingset/image_patches_small/clear_nostructure_noimagine/3_13_22_SKPPWBPEPE_1_14_7_Whole_MBed_3_generated.png,True,True,True,900,900,900,900,light,True,0.8841612935066223,0.01395925925925926,18.0,37.075918761874696,0.9980706907649536,40.947946021747455,0.9992621037794307,0,0.0
image_patches_small/3_308_15_SKEYPPEAPE_1_12_10_B_MBed_3,image_patches_small,image_patches_small/clear_nostructure_noimagine,308_15_SKEYPPEAPE_1_12_10_B_MBed,test,To_Yukun_3DModelImageryEnhancement/To_Yukun_3DModelImageryEnhancement/s7_make_datasets/s1_trainingset/image_patches_small/clear_nostructure_noimagine/3_308_15_SKEYPPEAPE_1_12_10_B_MBed_3_ori.png,To_Yukun_3DModelImageryEnhancement/To_Yukun_3DModelImageryEnhancement/s7_make_datasets/s1_trainingset/image_patches_small/clear_nostructure_noimagine/3_308_15_SKEYPPEAPE_1_12_10_B_MBed_3_generated.png,True,True,True,900,900,900,900,light,True,1.267993450164795,0.05338271604938272,20.66666603088379,32.8060097456236,0.9889419496851746,43.48733497728563,0.9992148700141669,0,0.0
image_patches_small/3_30_89_TZTMTHMJMM_1_2_13_A_Bed_3,image_patches_small,image_patches_small/clear_nostructure_noimagine,30_89_TZTMTHMJMM_1_2_13_A_Bed,train,To_Yukun_3DModelImageryEnhancement/To_Yukun_3DModelImageryEnhancement/s7_make_datasets/s1_trainingset/image_patches_small/clear_nostructure_noimagine/3_30_89_TZTMTHMJMM_1_2_13_A_Bed_3_ori.png,To_Yukun_3DModelImageryEnhancement/To_Yukun_3DModelImageryEnhancement/s7_make_datasets/s1_trainingset/image_patches_small/clear_nostructure_noimagine/3_30_89_TZTMTHMJMM_1_2_13_A_Bed_3_generated.png,True,True,True,900,900,900,900,light,True,1.1109567880630493,0.06154197530864197,18.0,34.93608781168211,0.9972163078539966,43.64618976172136,0.9996757369951697,0,0.0
image_patches_small/3_325_38_SKPPWYPEPE_1_105_13_B_MBed_3,image_patches_small,image_patches_small/clear_nostructure_noimagine,325_38_SKPPWYPEPE_1_105_13_B_MBed,train,To_Yukun_3DModelImageryEnhancement/To_Yukun_3DModelImageryEnhancement/s7_make_datasets/s1_trainingset/image_patches_small/clear_nostructure_noimagine/3_325_38_SKPPWYPEPE_1_105_13_B_MBed_3_ori.png,To_Yukun_3DModelImageryEnhancement/To_Yukun_3DModelImageryEnhancement/s7_make_datasets/s1_trainingset/image_patches_small/clear_nostructure_noimagine/3_325_38_SKPPWYPEPE_1_105_13_B_MBed_3_generated.png,True,True,True,900,900,900,900,light,True,1.2673202753067017,0.032780246913580245,25.0,30.77036438418883,0.9598191083789157,41.77978630732042,0.9971910229384218,0,0.0
image_patches_small/3_396_11_SKBKBPEAPE_1_12_1_C_Bed_3,image_patches_small,image_patches_small/clear_nostructure_noimagine,396_11_SKBKBPEAPE_1_12_1_C_Bed,train,To_Yukun_3DModelImageryEnhancement/To_Yukun_3DModelImageryEnhancement/s7_make_datasets/s1_trainingset/image_patches_small/clear_nostructure_noimagine/3_396_11_SKBKBPEAPE_1_12_1_C_Bed_3_ori.png,To_Yukun_3DModelImageryEnhancement/To_Yukun_3DModelImageryEnhancement/s7_make_datasets/s1_trainingset/image_patches_small/clear_nostructure_noimagine/3_396_11_SKBKBPEAPE_1_12_1_C_Bed_3_generated.png,True,True,True,900,900,900,900,light,True,1.1304210424423218,0.03025925925925926,22.0,33.74079736790294,0.9927620394838156,41.31765984533465,0.9989078985769232,0,0.0
image_patches_small/3_631_86_TZSMTHISHM_1_23_23_D_Utility_3,image_patches_small,image_patches_small/clear_nostructure_noimagine,631_86_TZSMTHISHM_1_23_23_D_Utility,train,To_Yukun_3DModelImageryEnhancement/To_Yukun_3DModelImageryEnhancement/s7_make_datasets/s1_trainingset/image_patches_small/clear_nostructure_noimagine/3_631_86_TZSMTHISHM_1_23_23_D_Utility_3_ori.png,To_Yukun_3DModelImageryEnhancement/To_Yukun_3DModelImageryEnhancement/s7_make_datasets/s1_trainingset/image_patches_small/clear_nostructure_noimagine/3_631_86_TZSMTHISHM_1_23_23_D_Utility_3_generated.png,True,True,True,900,900,900,900,medium,False,1.973462462425232,0.05467037037037037,18.0,32.13820005605923,0.9950435297014852,38.381333950736874,0.9989930389008355,0,0.0
image_patches_small/3_667_3_OSRJURUXRU_1_32_24_D_Bed_3,image_patches_small,image_patches_small/clear_nostructure_noimagine,667_3_OSRJURUXRU_1_32_24_D_Bed,val,To_Yukun_3DModelImageryEnhancement/To_Yukun_3DModelImageryEnhancement/s7_make_datasets/s1_trainingset/image_patches_small/clear_nostructure_noimagine/3_667_3_OSRJURUXRU_1_32_24_D_Bed_3_ori.png,To_Yukun_3DModelImageryEnhancement/To_Yukun_3DModelImageryEnhancement/s7_make_datasets/s1_trainingset/image_patches_small/clear_nostructure_noimagine/3_667_3_OSRJURUXRU_1_32_24_D_Bed_3_generated.png,True,True,True,900,900,900,900,medium,False,1.8864349126815796,0.05863827160493827,18.0,32.17156827716397,0.9949357871292521,39.13920769636322,0.9991658594478798,0,0.0
image_patches_small/3_908_80_TZLZZHIOHT_1_223_7_H_Bed_3,image_patches_small,image_patches_small/clear_nostructure_noimagine,908_80_TZLZZHIOHT_1_223_7_H_Bed,test,To_Yukun_3DModelImageryEnhancement/To_Yukun_3DModelImageryEnhancement/s7_make_datasets/s1_trainingset/image_patches_small/clear_nostructure_noimagine/3_908_80_TZLZZHIOHT_1_223_7_H_Bed_3_ori.png,To_Yukun_3DModelImageryEnhancement/To_Yukun_3DModelImageryEnhancement/s7_make_datasets/s1_trainingset/image_patches_small/clear_nostructure_noimagine/3_908_80_TZLZZHIOHT_1_223_7_H_Bed_3_generated.png,True,True,True,900,900,900,900,medium,False,1.678229570388794,0.04657777777777778,18.66666603088379,31.478145867849623,0.9921522274061647,40.13131321026201,0.9990381765326987,0,0.0
image_patches_small/4_120_17_SKPDPPERPE_1_5_18_A_MBed_4,image_patches_small,image_patches_small/clear_nostructure_noimagine,120_17_SKPDPPERPE_1_5_18_A_MBed,val,To_Yukun_3DModelImageryEnhancement/To_Yukun_3DModelImageryEnhancement/s7_make_datasets/s1_trainingset/image_patches_small/clear_nostructure_noimagine/4_120_17_SKPDPPERPE_1_5_18_A_MBed_4_ori.png,To_Yukun_3DModelImageryEnhancement/To_Yukun_3DModelImageryEnhancement/s7_make_datasets/s1_trainingset/image_patches_small/clear_nostructure_noimagine/4_120_17_SKPDPPERPE_1_5_18_A_MBed_4_generated.png,True,True,True,900,900,900,900,light,True,0.7391814589500427,0.020464197530864196,18.0,36.18594242058763,0.9955898821166584,42.658803702734,0.9993456496430108,0,0.0
image_patches_small/4_122_17_SKPDPPERPE_1_5_20_A_MBed_4,image_patches_small,image_patches_small/clear_nostructure_noimagine,122_17_SKPDPPERPE_1_5_20_A_MBed,test,To_Yukun_3DModelImageryEnhancement/To_Yukun_3DModelImageryEnhancement/s7_make_datasets/s1_trainingset/image_patches_small/clear_nostructure_noimagine/4_122_17_SKPDPPERPE_1_5_20_A_MBed_4_ori.png,To_Yukun_3DModelImageryEnhancement/To_Yukun_3DModelImageryEnhancement/s7_make_datasets/s1_trainingset/image_patches_small/clear_nostructure_noimagine/4_122_17_SKPDPPERPE_1_5_20_A_MBed_4_generated.png,True,True,True,900,900,900,900,light,True,0.7633193731307983,0.023301234567901234,18.0,35.72547118144702,0.9947863395225859,43.23534522485232,0.9993145518673116,0,0.0
image_patches_small/4_134_10_SKADBPYRPE_3_25_10_A_Bed_4,image_patches_small,image_patches_small/clear_nostructure_noimagine,134_10_SKADBPYRPE_3_25_10_A_Bed,train,To_Yukun_3DModelImageryEnhancement/To_Yukun_3DModelImageryEnhancement/s7_make_datasets/s1_trainingset/image_patches_small/clear_nostructure_noimagine/4_134_10_SKADBPYRPE_3_25_10_A_Bed_4_ori.png,To_Yukun_3DModelImageryEnhancement/To_Yukun_3DModelImageryEnhancement/s7_make_datasets/s1_trainingset/image_patches_small/clear_nostructure_noimagine/4_134_10_SKADBPYRPE_3_25_10_A_Bed_4_generated.png,True,True,True,900,900,900,900,light,True,1.1710469722747803,0.03612716049382716,18.0,34.43279501288743,0.9958251556130225,41.61202390052031,0.9993403191383343,0,0.0
image_patches_small/4_179_61_TTNTIHLEHM_1_17_8_C_Bed_4,image_patches_small,image_patches_small/clear_nostructure_noimagine,179_61_TTNTIHLEHM_1_17_8_C_Bed,train,To_Yukun_3DModelImageryEnhancement/To_Yukun_3DModelImageryEnhancement/s7_make_datasets/s1_trainingset/image_patches_small/clear_nostructure_noimagine/4_179_61_TTNTIHLEHM_1_17_8_C_Bed_4_ori.png,To_Yukun_3DModelImageryEnhancement/To_Yukun_3DModelImageryEnhancement/s7_make_datasets/s1_trainingset/image_patches_small/clear_nostructure_noimagine/4_179_61_TTNTIHLEHM_1_17_8_C_Bed_4_generated.png,True,True,True,900,900,900,900,light,True,1.2052229642868042,0.04641358024691358,18.0,33.705147627880045,0.9945252005226265,43.54099565914257,0.9995155751980559,0,0.0
image_patches_small/4_396_11_SKBKBPEAPE_1_12_1_C_Bed_4,image_patches_small,image_patches_small/clear_nostructure_noimagine,396_11_SKBKBPEAPE_1_12_1_C_Bed,train,To_Yukun_3DModelImageryEnhancement/To_Yukun_3DModelImageryEnhancement/s7_make_datasets/s1_trainingset/image_patches_small/clear_nostructure_noimagine/4_396_11_SKBKBPEAPE_1_12_1_C_Bed_4_ori.png,To_Yukun_3DModelImageryEnhancement/To_Yukun_3DModelImageryEnhancement/s7_make_datasets/s1_trainingset/image_patches_small/clear_nostructure_noimagine/4_396_11_SKBKBPEAPE_1_12_1_C_Bed_4_generated.png,True,True,True,900,900,900,900,light,True,0.9821019768714905,0.027292592592592594,20.66666603088379,34.791356842095205,0.993805002279897,41.77284639146705,0.9989061808606914,0,0.0
image_patches_small/4_908_80_TZLZZHIOHT_1_223_7_H_Bed_4,image_patches_small,image_patches_small/clear_nostructure_noimagine,908_80_TZLZZHIOHT_1_223_7_H_Bed,test,To_Yukun_3DModelImageryEnhancement/To_Yukun_3DModelImageryEnhancement/s7_make_datasets/s1_trainingset/image_patches_small/clear_nostructure_noimagine/4_908_80_TZLZZHIOHT_1_223_7_H_Bed_4_ori.png,To_Yukun_3DModelImageryEnhancement/To_Yukun_3DModelImageryEnhancement/s7_make_datasets/s1_trainingset/image_patches_small/clear_nostructure_noimagine/4_908_80_TZLZZHIOHT_1_223_7_H_Bed_4_generated.png,True,True,True,900,900,900,900,light,True,0.9589476585388184,0.03716296296296296,18.0,34.82504748604289,0.9944271340053518,43.64761240617674,0.999332245591813,0,0.0
image_patches_small/5_1145_30_SKPPWKPEPE_2_50_47_C_Bed_5,image_patches_small,image_patches_small/clear_nostructure_noimagine,1145_30_SKPPWKPEPE_2_50_47_C_Bed,train,To_Yukun_3DModelImageryEnhancement/To_Yukun_3DModelImageryEnhancement/s7_make_datasets/s1_trainingset/image_patches_small/clear_nostructure_noimagine/5_1145_30_SKPPWKPEPE_2_50_47_C_Bed_5_ori.png,To_Yukun_3DModelImageryEnhancement/To_Yukun_3DModelImageryEnhancement/s7_make_datasets/s1_trainingset/image_patches_small/clear_nostructure_noimagine/5_1145_30_SKPPWKPEPE_2_50_47_C_Bed_5_generated.png,True,True,True,900,900,900,900,medium,False,1.6720540523529053,0.06880246913580247,19.0,31.82741724125217,0.9928007902219255,42.152343262152286,0.9994736723825675,0,0.0
image_patches_small/5_120_17_SKPDPPERPE_1_5_18_A_MBed_5,image_patches_small,image_patches_small/clear_nostructure_noimagine,120_17_SKPDPPERPE_1_5_18_A_MBed,val,To_Yukun_3DModelImageryEnhancement/To_Yukun_3DModelImageryEnhancement/s7_make_datasets/s1_trainingset/image_patches_small/clear_nostructure_noimagine/5_120_17_SKPDPPERPE_1_5_18_A_MBed_5_ori.png,To_Yukun_3DModelImageryEnhancement/To_Yukun_3DModelImageryEnhancement/s7_make_datasets/s1_trainingset/image_patches_small/clear_nostructure_noimagine/5_120_17_SKPDPPERPE_1_5_18_A_MBed_5_generated.png,True,True,True,900,900,900,900,light,True,0.38709384202957153,0.014730864197530865,18.0,40.54517464201743,0.9981535122747994,45.53172499441531,0.9994636768979608,0,0.0
image_patches_small/5_1325_56_SSPPWYPXPS_1_26_11_G_Living_5,image_patches_small,image_patches_small/clear_nostructure_noimagine,1325_56_SSPPWYPXPS_1_26_11_G_Living,train,To_Yukun_3DModelImageryEnhancement/To_Yukun_3DModelImageryEnhancement/s7_make_datasets/s1_trainingset/image_patches_small/clear_nostructure_noimagine/5_1325_56_SSPPWYPXPS_1_26_11_G_Living_5_ori.png,To_Yukun_3DModelImageryEnhancement/To_Yukun_3DModelImageryEnhancement/s7_make_datasets/s1_trainingset/image_patches_small/clear_nostructure_noimagine/5_1325_56_SSPPWYPXPS_1_26_11_G_Living_5_generated.png,True,True,True,900,900,900,900,light,True,0.9452081918716431,0.013892592592592592,18.0,36.57606879438954,0.9987329802756737,40.18374244075244,0.9995388920736298,0,0.0
image_patches_small/5_134_15_SKEYPPEAPE_1_5_32_A_MBed_5,image_patches_small,image_patches_small/clear_nostructure_noimagine,134_15_SKEYPPEAPE_1_5_32_A_MBed,test,To_Yukun_3DModelImageryEnhancement/To_Yukun_3DModelImageryEnhancement/s7_make_datasets/s1_trainingset/image_patches_small/clear_nostructure_noimagine/5_134_15_SKEYPPEAPE_1_5_32_A_MBed_5_ori.png,To_Yukun_3DModelImageryEnhancement/To_Yukun_3DModelImageryEnhancement/s7_make_datasets/s1_trainingset/image_patches_small/clear_nostructure_noimagine/5_134_15_SKEYPPEAPE_1_5_32_A_MBed_5_generated.png,True,True,True,900,900,900,900,light,True,1.1132996082305908,0.02999753086419753,29.0,32.12922321705128,0.9798675846636781,41.165029586700406,0.9980039716670406,0,0.0
image_patches_small/5_280_17_SKPDPPERPE_1_11_10_C_MBed_5,image_patches_small,image_patches_small/clear_nostructure_noimagine,280_17_SKPDPPERPE_1_11_10_C_MBed,train,To_Yukun_3DModelImageryEnhancement/To_Yukun_3DModelImageryEnhancement/s7_make_datasets/s1_trainingset/image_patches_small/clear_nostructure_noimagine/5_280_17_SKPDPPERPE_1_11_10_C_MBed_5_ori.png,To_Yukun_3DModelImageryEnhancement/To_Yukun_3DModelImageryEnhancement/s7_make_datasets/s1_trainingset/image_patches_small/clear_nostructure_noimagine/5_280_17_SKPDPPERPE_1_11_10_C_MBed_5_generated.png,True,True,True,900,900,900,900,light,True,1.0687596797943115,0.011393827160493827,18.0,37.268121065802895,0.998504182254759,39.429678113290365,0.9991371082500442,0,0.0
image_patches_small/5_325_38_SKPPWYPEPE_1_105_13_B_MBed_5,image_patches_small,image_patches_small/clear_nostructure_noimagine,325_38_SKPPWYPEPE_1_105_13_B_MBed,train,To_Yukun_3DModelImageryEnhancement/To_Yukun_3DModelImageryEnhancement/s7_make_datasets/s1_trainingset/image_patches_small/clear_nostructure_noimagine/5_325_38_SKPPWYPEPE_1_105_13_B_MBed_5_ori.png,To_Yukun_3DModelImageryEnhancement/To_Yukun_3DModelImageryEnhancement/s7_make_datasets/s1_trainingset/image_patches_small/clear_nostructure_noimagine/5_325_38_SKPPWYPEPE_1_105_13_B_MBed_5_generated.png,True,True,True,900,900,900,900,light,True,1.242945671081543,0.029496296296296295,28.0,30.8856555430403,0.9611931448370059,41.58856780017597,0.9971128548023949,0,0.0
image_patches_small/5_631_86_TZSMTHISHM_1_23_23_D_Utility_5,image_patches_small,image_patches_small/clear_nostructure_noimagine,631_86_TZSMTHISHM_1_23_23_D_Utility,train,To_Yukun_3DModelImageryEnhancement/To_Yukun_3DModelImageryEnhancement/s7_make_datasets/s1_trainingset/image_patches_small/clear_nostructure_noimagine/5_631_86_TZSMTHISHM_1_23_23_D_Utility_5_ori.png,To_Yukun_3DModelImageryEnhancement/To_Yukun_3DModelImageryEnhancement/s7_make_datasets/s1_trainingset/image_patches_small/clear_nostructure_noimagine/5_631_86_TZSMTHISHM_1_23_23_D_Utility_5_generated.png,True,True,True,900,900,900,900,medium,False,1.8642441034317017,0.05908641975308642,19.33333396911621,30.393903890496105,0.9894072457383587,40.943670410914876,0.9992382681430448,0,0.0
image_patches_small/5_667_3_OSRJURUXRU_1_32_24_D_Bed_5,image_patches_small,image_patches_small/clear_nostructure_noimagine,667_3_OSRJURUXRU_1_32_24_D_Bed,val,To_Yukun_3DModelImageryEnhancement/To_Yukun_3DModelImageryEnhancement/s7_make_datasets/s1_trainingset/image_patches_small/clear_nostructure_noimagine/5_667_3_OSRJURUXRU_1_32_24_D_Bed_5_ori.png,To_Yukun_3DModelImageryEnhancement/To_Yukun_3DModelImageryEnhancement/s7_make_datasets/s1_trainingset/image_patches_small/clear_nostructure_noimagine/5_667_3_OSRJURUXRU_1_32_24_D_Bed_5_generated.png,True,True,True,900,900,900,900,medium,False,2.2808823585510254,0.07103580246913581,21.33333396911621,30.200056321676282,0.9874846006784944,39.03258112678243,0.9986725000723033,0,0.0
image_patches_small/6_0_24_SKPPWDPXPS_1_1_6_A_LivingDining_6,image_patches_small,image_patches_small/clear_nostructure_noimagine,0_24_SKPPWDPXPS_1_1_6_A_LivingDining,train,To_Yukun_3DModelImageryEnhancement/To_Yukun_3DModelImageryEnhancement/s7_make_datasets/s1_trainingset/image_patches_small/clear_nostructure_noimagine/6_0_24_SKPPWDPXPS_1_1_6_A_LivingDining_6_ori.png,To_Yukun_3DModelImageryEnhancement/To_Yukun_3DModelImageryEnhancement/s7_make_datasets/s1_trainingset/image_patches_small/clear_nostructure_noimagine/6_0_24_SKPPWDPXPS_1_1_6_A_LivingDining_6_generated.png,True,True,True,900,900,900,900,light,True,1.2381864786148071,0.029555555555555557,25.0,32.455724084813106,0.9895261101502486,40.74139639722912,0.9986028406404809,0,0.0
image_patches_small/6_11_5_OSRRQRUXUU_1_2_1_A_Bed_6,image_patches_small,image_patches_small/clear_nostructure_noimagine,11_5_OSRRQRUXUU_1_2_1_A_Bed,train,To_Yukun_3DModelImageryEnhancement/To_Yukun_3DModelImageryEnhancement/s7_make_datasets/s1_trainingset/image_patches_small/clear_nostructure_noimagine/6_11_5_OSRRQRUXUU_1_2_1_A_Bed_6_ori.png,To_Yukun_3DModelImageryEnhancement/To_Yukun_3DModelImageryEnhancement/s7_make_datasets/s1_trainingset/image_patches_small/clear_nostructure_noimagine/6_11_5_OSRRQRUXUU_1_2_1_A_Bed_6_generated.png,True,True,True,900,900,900,900,medium,False,1.552748203277588,0.0598679012345679,18.0,32.52693931640027,0.9957626609717672,41.36615392693301,0.9995100039810901,0,0.0
image_patches_small/6_11_61_TTNTIHLEHM_1_1_13_A_Bed_6,image_patches_small,image_patches_small/clear_nostructure_noimagine,11_61_TTNTIHLEHM_1_1_13_A_Bed,train,To_Yukun_3DModelImageryEnhancement/To_Yukun_3DModelImageryEnhancement/s7_make_datasets/s1_trainingset/image_patches_small/clear_nostructure_noimagine/6_11_61_TTNTIHLEHM_1_1_13_A_Bed_6_ori.png,To_Yukun_3DModelImageryEnhancement/To_Yukun_3DModelImageryEnhancement/s7_make_datasets/s1_trainingset/image_patches_small/clear_nostructure_noimagine/6_11_61_TTNTIHLEHM_1_1_13_A_Bed_6_generated.png,True,True,True,900,900,900,900,light,True,0.9197271466255188,0.023687654320987656,18.0,35.47542343928717,0.9954173219994713,41.81299941565862,0.999044888609864,0,0.0
image_patches_small/6_122_17_SKPDPPERPE_1_5_20_A_MBed_6,image_patches_small,image_patches_small/clear_nostructure_noimagine,122_17_SKPDPPERPE_1_5_20_A_MBed,test,To_Yukun_3DModelImageryEnhancement/To_Yukun_3DModelImageryEnhancement/s7_make_datasets/s1_trainingset/image_patches_small/clear_nostructure_noimagine/6_122_17_SKPDPPERPE_1_5_20_A_MBed_6_ori.png,To_Yukun_3DModelImageryEnhancement/To_Yukun_3DModelImageryEnhancement/s7_make_datasets/s1_trainingset/image_patches_small/clear_nostructure_noimagine/6_122_17_SKPDPPERPE_1_5_20_A_MBed_6_generated.png,True,True,True,900,900,900,900,light,True,0.5281456708908081,0.02227037037037037,19.33333396911621,37.995218557125035,0.9963646252323951,46.04952649531973,0.999468796242412,0,0.0
image_patches_small/6_1493_93_TZTNIHIYHM_1_38_46_F_Bed_6,image_patches_small,image_patches_small/clear_nostructure_noimagine,1493_93_TZTNIHIYHM_1_38_46_F_Bed,train,To_Yukun_3DModelImageryEnhancement/To_Yukun_3DModelImageryEnhancement/s7_make_datasets/s1_trainingset/image_patches_small/clear_nostructure_noimagine/6_1493_93_TZTNIHIYHM_1_38_46_F_Bed_6_ori.png,To_Yukun_3DModelImageryEnhancement/To_Yukun_3DModelImageryEnhancement/s7_make_datasets/s1_trainingset/image_patches_small/clear_nostructure_noimagine/6_1493_93_TZTNIHIYHM_1_38_46_F_Bed_6_generated.png,True,True,True,900,900,900,900,light,True,0.6742156744003296,0.01122962962962963,29.33333396911621,34.87370066115,0.9872422943468663,41.2619573062896,0.9974470041598568,0,0.0
image_patches_small/6_1494_93_TZTNIHIYHM_1_38_47_F_Bed_6,image_patches_small,image_patches_small/clear_nostructure_noimagine,1494_93_TZTNIHIYHM_1_38_47_F_Bed,train,To_Yukun_3DModelImageryEnhancement/To_Yukun_3DModelImageryEnhancement/s7_make_datasets/s1_trainingset/image_patches_small/clear_nostructure_noimagine/6_1494_93_TZTNIHIYHM_1_38_47_F_Bed_6_ori.png,To_Yukun_3DModelImageryEnhancement/To_Yukun_3DModelImageryEnhancement/s7_make_datasets/s1_trainingset/image_patches_small/clear_nostructure_noimagine/6_1494_93_TZTNIHIYHM_1_38_47_F_Bed_6_generated.png,True,True,True,900,900,900,900,light,True,0.8906551003456116,0.013367901234567901,35.0,33.10969155453394,0.9806977866206802,38.85944121972587,0.9953423191783782,0,0.0
image_patches_small/7_134_15_SKEYPPEAPE_1_5_32_A_MBed_7,image_patches_small,image_patches_small/clear_nostructure_noimagine,134_15_SKEYPPEAPE_1_5_32_A_MBed,test,To_Yukun_3DModelImageryEnhancement/To_Yukun_3DModelImageryEnhancement/s7_make_datasets/s1_trainingset/image_patches_small/clear_nostructure_noimagine/7_134_15_SKEYPPEAPE_1_5_32_A_MBed_7_ori.png,To_Yukun_3DModelImageryEnhancement/To_Yukun_3DModelImageryEnhancement/s7_make_datasets/s1_trainingset/image_patches_small/clear_nostructure_noimagine/7_134_15_SKEYPPEAPE_1_5_32_A_MBed_7_generated.png,True,True,True,900,900,900,900,light,True,0.9640876650810242,0.02442469135802469,35.0,32.420666651581655,0.9752422741999568,41.79482499543993,0.9974751557325633,0,0.0
image_patches_small/7_56_15_SKEYPPEAPE_1_3_10_A_MBath_7,image_patches_small,image_patches_small/clear_nostructure_noimagine,56_15_SKEYPPEAPE_1_3_10_A_MBath,train,To_Yukun_3DModelImageryEnhancement/To_Yukun_3DModelImageryEnhancement/s7_make_datasets/s1_trainingset/image_patches_small/clear_nostructure_noimagine/7_56_15_SKEYPPEAPE_1_3_10_A_MBath_7_ori.png,To_Yukun_3DModelImageryEnhancement/To_Yukun_3DModelImageryEnhancement/s7_make_datasets/s1_trainingset/image_patches_small/clear_nostructure_noimagine/7_56_15_SKEYPPEAPE_1_3_10_A_MBath_7_generated.png,True,True,True,900,900,900,900,medium,False,1.42383873462677,0.06050246913580247,19.66666603088379,32.3043965260863,0.993896242993232,42.72746824311583,0.9994985865159399,0,0.0
image_patches_small/7_594_86_TZSMTHISHM_1_22_15_D_Bath_7,image_patches_small,image_patches_small/clear_nostructure_noimagine,594_86_TZSMTHISHM_1_22_15_D_Bath,train,To_Yukun_3DModelImageryEnhancement/To_Yukun_3DModelImageryEnhancement/s7_make_datasets/s1_trainingset/image_patches_small/clear_nostructure_noimagine/7_594_86_TZSMTHISHM_1_22_15_D_Bath_7_ori.png,To_Yukun_3DModelImageryEnhancement/To_Yukun_3DModelImageryEnhancement/s7_make_datasets/s1_trainingset/image_patches_small/clear_nostructure_noimagine/7_594_86_TZSMTHISHM_1_22_15_D_Bath_7_generated.png,True,True,True,900,900,900,900,light,True,0.7819284200668335,0.022571604938271605,18.0,34.185440962747016,0.9938323784375824,44.426440199869916,0.9994288057234078,0,0.0
image_patches_small/7_631_86_TZSMTHISHM_1_23_23_D_Utility_7,image_patches_small,image_patches_small/clear_nostructure_noimagine,631_86_TZSMTHISHM_1_23_23_D_Utility,train,To_Yukun_3DModelImageryEnhancement/To_Yukun_3DModelImageryEnhancement/s7_make_datasets/s1_trainingset/image_patches_small/clear_nostructure_noimagine/7_631_86_TZSMTHISHM_1_23_23_D_Utility_7_ori.png,To_Yukun_3DModelImageryEnhancement/To_Yukun_3DModelImageryEnhancement/s7_make_datasets/s1_trainingset/image_patches_small/clear_nostructure_noimagine/7_631_86_TZSMTHISHM_1_23_23_D_Utility_7_generated.png,True,True,True,900,900,900,900,medium,False,2.1356725692749023,0.0625037037037037,26.0,29.559681235849705,0.9891361992567951,39.58211283877637,0.9990532248205107,0,0.0
image_patches_small/7_682_41_SKSWBPWJPS_1_26_11_C_Bed_7,image_patches_small,image_patches_small/clear_nostructure_noimagine,682_41_SKSWBPWJPS_1_26_11_C_Bed,train,To_Yukun_3DModelImageryEnhancement/To_Yukun_3DModelImageryEnhancement/s7_make_datasets/s1_trainingset/image_patches_small/clear_nostructure_noimagine/7_682_41_SKSWBPWJPS_1_26_11_C_Bed_7_ori.png,To_Yukun_3DModelImageryEnhancement/To_Yukun_3DModelImageryEnhancement/s7_make_datasets/s1_trainingset/image_patches_small/clear_nostructure_noimagine/7_682_41_SKSWBPWJPS_1_26_11_C_Bed_7_generated.png,True,True,True,900,900,900,900,light,True,1.1399494409561157,0.02288641975308642,29.66666603088379,31.980018622740594,0.9879728547973325,41.06191639881824,0.9986272645542519,0,0.0
image_patches_small/7_908_80_TZLZZHIOHT_1_223_7_H_Bed_7,image_patches_small,image_patches_small/clear_nostructure_noimagine,908_80_TZLZZHIOHT_1_223_7_H_Bed,test,To_Yukun_3DModelImageryEnhancement/To_Yukun_3DModelImageryEnhancement/s7_make_datasets/s1_trainingset/image_patches_small/clear_nostructure_noimagine/7_908_80_TZLZZHIOHT_1_223_7_H_Bed_7_ori.png,To_Yukun_3DModelImageryEnhancement/To_Yukun_3DModelImageryEnhancement/s7_make_datasets/s1_trainingset/image_patches_small/clear_nostructure_noimagine/7_908_80_TZLZZHIOHT_1_223_7_H_Bed_7_generated.png,True,True,True,900,900,900,900,light,True,0.9677164554595947,0.021682716049382714,24.66666603088379,33.52504697009063,0.9921932462894536,41.12588116114284,0.9986504727508949,0,0.0
image_patches_small/8_0_24_SKPPWDPXPS_1_1_6_A_LivingDining_8,image_patches_small,image_patches_small/clear_nostructure_noimagine,0_24_SKPPWDPXPS_1_1_6_A_LivingDining,train,To_Yukun_3DModelImageryEnhancement/To_Yukun_3DModelImageryEnhancement/s7_make_datasets/s1_trainingset/image_patches_small/clear_nostructure_noimagine/8_0_24_SKPPWDPXPS_1_1_6_A_LivingDining_8_ori.png,To_Yukun_3DModelImageryEnhancement/To_Yukun_3DModelImageryEnhancement/s7_make_datasets/s1_trainingset/image_patches_small/clear_nostructure_noimagine/8_0_24_SKPPWDPXPS_1_1_6_A_LivingDining_8_generated.png,True,True,True,900,900,900,900,light,True,1.093550205230713,0.03220987654320988,19.0,33.45059512160149,0.9939005624306911,41.94938500954477,0.9991962798681577,0,0.0
image_patches_small/8_1145_30_SKPPWKPEPE_2_50_47_C_Bed_8,image_patches_small,image_patches_small/clear_nostructure_noimagine,1145_30_SKPPWKPEPE_2_50_47_C_Bed,train,To_Yukun_3DModelImageryEnhancement/To_Yukun_3DModelImageryEnhancement/s7_make_datasets/s1_trainingset/image_patches_small/clear_nostructure_noimagine/8_1145_30_SKPPWKPEPE_2_50_47_C_Bed_8_ori.png,To_Yukun_3DModelImageryEnhancement/To_Yukun_3DModelImageryEnhancement/s7_make_datasets/s1_trainingset/image_patches_small/clear_nostructure_noimagine/8_1145_30_SKPPWKPEPE_2_50_47_C_Bed_8_generated.png,True,True,True,900,900,900,900,light,True,1.3345752954483032,0.04145679012345679,25.66666603088379,32.58023598126051,0.9930273780324079,41.027082177458766,0.9991177354369432,0,0.0
image_patches_small/8_134_10_SKADBPYRPE_3_25_10_A_Bed_8,image_patches_small,image_patches_small/clear_nostructure_noimagine,134_10_SKADBPYRPE_3_25_10_A_Bed,train,To_Yukun_3DModelImageryEnhancement/To_Yukun_3DModelImageryEnhancement/s7_make_datasets/s1_trainingset/image_patches_small/clear_nostructure_noimagine/8_134_10_SKADBPYRPE_3_25_10_A_Bed_8_ori.png,To_Yukun_3DModelImageryEnhancement/To_Yukun_3DModelImageryEnhancement/s7_make_datasets/s1_trainingset/image_patches_small/clear_nostructure_noimagine/8_134_10_SKADBPYRPE_3_25_10_A_Bed_8_generated.png,True,True,True,900,900,900,900,light,True,0.8748785257339478,0.01571111111111111,18.0,36.787456738151405,0.99696209635306,40.04325772249926,0.9985818732738341,0,0.0
image_patches_small/8_134_15_SKEYPPEAPE_1_5_32_A_MBed_8,image_patches_small,image_patches_small/clear_nostructure_noimagine,134_15_SKEYPPEAPE_1_5_32_A_MBed,test,To_Yukun_3DModelImageryEnhancement/To_Yukun_3DModelImageryEnhancement/s7_make_datasets/s1_trainingset/image_patches_small/clear_nostructure_noimagine/8_134_15_SKEYPPEAPE_1_5_32_A_MBed_8_ori.png,To_Yukun_3DModelImageryEnhancement/To_Yukun_3DModelImageryEnhancement/s7_make_datasets/s1_trainingset/image_patches_small/clear_nostructure_noimagine/8_134_15_SKEYPPEAPE_1_5_32_A_MBed_8_generated.png,True,True,True,900,900,900,900,light,True,0.6556789875030518,0.01929753086419753,24.0,34.56152086820358,0.9793318747205905,44.86459138881134,0.9986292029669418,0,0.0
image_patches_small/8_1_11_SKBKBPEAPE_1_1_2_A_Living_8,image_patches_small,image_patches_small/clear_nostructure_noimagine,1_11_SKBKBPEAPE_1_1_2_A_Living,train,To_Yukun_3DModelImageryEnhancement/To_Yukun_3DModelImageryEnhancement/s7_make_datasets/s1_trainingset/image_patches_small/clear_nostructure_noimagine/8_1_11_SKBKBPEAPE_1_1_2_A_Living_8_ori.png,To_Yukun_3DModelImageryEnhancement/To_Yukun_3DModelImageryEnhancement/s7_make_datasets/s1_trainingset/image_patches_small/clear_nostructure_noimagine/8_1_11_SKBKBPEAPE_1_1_2_A_Living_8_generated.png,True,True,True,900,900,900,900,light,True,0.7195987701416016,0.02490864197530864,21.0,35.53612112424615,0.9906520233243261,44.5202965313397,0.9989146744546492,0,0.0
image_patches_small/8_594_87_TZSNTHIAHM_1_22_11_D_MBed_8,image_patches_small,image_patches_small/clear_nostructure_noimagine,594_87_TZSNTHIAHM_1_22_11_D_MBed,train,To_Yukun_3DModelImageryEnhancement/To_Yukun_3DModelImageryEnhancement/s7_make_datasets/s1_trainingset/image_patches_small/clear_nostructure_noimagine/8_594_87_TZSNTHIAHM_1_22_11_D_MBed_8_ori.png,To_Yukun_3DModelImageryEnhancement/To_Yukun_3DModelImageryEnhancement/s7_make_datasets/s1_trainingset/image_patches_small/clear_nostructure_noimagine/8_594_87_TZSNTHIAHM_1_22_11_D_MBed_8_generated.png,True,True,True,900,900,900,900,light,True,0.9900192618370056,0.02829135802469136,36.0,31.868771806818895,0.9776725537254071,42.57303732538875,0.9984240870237664,0,0.0
image_patches_small/9_141_15_SKEYPPEAPE_1_6_11_A_Bed_9,image_patches_small,image_patches_small/clear_nostructure_noimagine,141_15_SKEYPPEAPE_1_6_11_A_Bed,train,To_Yukun_3DModelImageryEnhancement/To_Yukun_3DModelImageryEnhancement/s7_make_datasets/s1_trainingset/image_patches_small/clear_nostructure_noimagine/9_141_15_SKEYPPEAPE_1_6_11_A_Bed_9_ori.png,To_Yukun_3DModelImageryEnhancement/To_Yukun_3DModelImageryEnhancement/s7_make_datasets/s1_trainingset/image_patches_small/clear_nostructure_noimagine/9_141_15_SKEYPPEAPE_1_6_11_A_Bed_9_generated.png,True,True,True,900,900,900,900,light,True,0.8464917540550232,0.021680246913580246,30.33333396911621,32.54251847031525,0.9606361015242911,43.82388302618037,0.9973906860227723,0,0.0
image_patches_small/0_138_7_SEPPWDPXPE_1_5_19_A_Bed_0,image_patches_small,image_patches_small/clear_structure_imagine,138_7_SEPPWDPXPE_1_5_19_A_Bed,train,To_Yukun_3DModelImageryEnhancement/To_Yukun_3DModelImageryEnhancement/s7_make_datasets/s1_trainingset/image_patches_small/clear_structure_imagine/0_138_7_SEPPWDPXPE_1_5_19_A_Bed_0_ori.png,To_Yukun_3DModelImageryEnhancement/To_Yukun_3DModelImageryEnhancement/s7_make_datasets/s1_trainingset/image_patches_small/clear_structure_imagine/0_138_7_SEPPWDPXPE_1_5_19_A_Bed_0_generated.png,True,True,True,900,900,900,900,severe,False,5.187922954559326,0.11182716049382715,27.33333396911621,25.524531501942583,0.9692574549111715,34.264652308014966,0.9965457867518482,0,0.0
image_patches_small/0_590_2_OSJDFRJRRU_1_20_31_F_Bed_0,image_patches_small,image_patches_small/clear_structure_imagine,590_2_OSJDFRJRRU_1_20_31_F_Bed,val,To_Yukun_3DModelImageryEnhancement/To_Yukun_3DModelImageryEnhancement/s7_make_datasets/s1_trainingset/image_patches_small/clear_structure_imagine/0_590_2_OSJDFRJRRU_1_20_31_F_Bed_0_ori.png,To_Yukun_3DModelImageryEnhancement/To_Yukun_3DModelImageryEnhancement/s7_make_datasets/s1_trainingset/image_patches_small/clear_structure_imagine/0_590_2_OSJDFRJRRU_1_20_31_F_Bed_0_generated.png,True,True,True,900,900,900,900,severe,False,7.53973388671875,0.23241604938271604,19.33333396911621,24.715020628878737,0.9857990982083374,34.65791448596585,0.998820341951197,0,0.0
image_patches_small/100_126_27_SKPPWEPXPE_2_32_17_B_Living_0,image_patches_small,image_patches_small/clear_structure_imagine,126_27_SKPPWEPXPE_2_32_17_B_Living,val,To_Yukun_3DModelImageryEnhancement/To_Yukun_3DModelImageryEnhancement/s7_make_datasets/s1_trainingset/image_patches_small/clear_structure_imagine/100_126_27_SKPPWEPXPE_2_32_17_B_Living_0_ori.png,To_Yukun_3DModelImageryEnhancement/To_Yukun_3DModelImageryEnhancement/s7_make_datasets/s1_trainingset/image_patches_small/clear_structure_imagine/100_126_27_SKPPWEPXPE_2_32_17_B_Living_0_generated.png,True,True,True,900,900,900,900,severe,False,4.337705135345459,0.10968518518518519,18.0,29.032547075230525,0.9954870468623306,34.95939521537204,0.9989646014053931,0,0.0
image_patches_small/100_138_7_SEPPWDPXPE_1_5_19_A_Bed_0,image_patches_small,image_patches_small/clear_structure_imagine,138_7_SEPPWDPXPE_1_5_19_A_Bed,train,To_Yukun_3DModelImageryEnhancement/To_Yukun_3DModelImageryEnhancement/s7_make_datasets/s1_trainingset/image_patches_small/clear_structure_imagine/100_138_7_SEPPWDPXPE_1_5_19_A_Bed_0_ori.png,To_Yukun_3DModelImageryEnhancement/To_Yukun_3DModelImageryEnhancement/s7_make_datasets/s1_trainingset/image_patches_small/clear_structure_imagine/100_138_7_SEPPWDPXPE_1_5_19_A_Bed_0_generated.png,True,True,True,900,900,900,900,severe,False,5.228556156158447,0.11066913580246913,27.66666603088379,25.464565313644627,0.9689783428258134,34.122173842783155,0.9964329615236439,0,0.0
image_patches_small/10_11_5_OSRRQRUXUU_1_2_1_A_Bed_10,image_patches_small,image_patches_small/clear_structure_imagine,11_5_OSRRQRUXUU_1_2_1_A_Bed,train,To_Yukun_3DModelImageryEnhancement/To_Yukun_3DModelImageryEnhancement/s7_make_datasets/s1_trainingset/image_patches_small/clear_structure_imagine/10_11_5_OSRRQRUXUU_1_2_1_A_Bed_10_ori.png,To_Yukun_3DModelImageryEnhancement/To_Yukun_3DModelImageryEnhancement/s7_make_datasets/s1_trainingset/image_patches_small/clear_structure_imagine/10_11_5_OSRRQRUXUU_1_2_1_A_Bed_10_generated.png,True,True,True,900,900,900,900,light,False,1.1386959552764893,0.022512345679012346,29.66666603088379,32.20374984020276,0.9873430428412433,39.520052051600345,0.9978405857672664,0,0.0
image_patches_small/10_1325_56_SSPPWYPXPS_1_26_11_G_Living_10,image_patches_small,image_patches_small/clear_structure_imagine,1325_56_SSPPWYPXPS_1_26_11_G_Living,train,To_Yukun_3DModelImageryEnhancement/To_Yukun_3DModelImageryEnhancement/s7_make_datasets/s1_trainingset/image_patches_small/clear_structure_imagine/10_1325_56_SSPPWYPXPS_1_26_11_G_Living_10_ori.png,To_Yukun_3DModelImageryEnhancement/To_Yukun_3DModelImageryEnhancement/s7_make_datasets/s1_trainingset/image_patches_small/clear_structure_imagine/10_1325_56_SSPPWYPXPS_1_26_11_G_Living_10_generated.png,True,True,True,900,900,900,900,light,False,1.028304934501648,0.02115679012345679,26.66666603088379,30.960193232327438,0.986414352523621,41.93414845557372,0.9991368162614577,0,0.0
image_patches_small/11_11_5_OSRRQRUXUU_1_2_1_A_Bed_11,image_patches_small,image_patches_small/clear_structure_imagine,11_5_OSRRQRUXUU_1_2_1_A_Bed,train,To_Yukun_3DModelImageryEnhancement/To_Yukun_3DModelImageryEnhancement/s7_make_datasets/s1_trainingset/image_patches_small/clear_structure_imagine/11_11_5_OSRRQRUXUU_1_2_1_A_Bed_11_ori.png,To_Yukun_3DModelImageryEnhancement/To_Yukun_3DModelImageryEnhancement/s7_make_datasets/s1_trainingset/image_patches_small/clear_structure_imagine/11_11_5_OSRRQRUXUU_1_2_1_A_Bed_11_generated.png,True,True,True,900,900,900,900,light,False,0.7428049445152283,0.014144444444444444,29.66666603088379,34.07574901756647,0.9867917341878294,40.98381372750448,0.9975047673408908,0,0.0
image_patches_small/11_1325_56_SSPPWYPXPS_1_26_11_G_Living_11,image_patches_small,image_patches_small/clear_structure_imagine,1325_56_SSPPWYPXPS_1_26_11_G_Living,train,To_Yukun_3DModelImageryEnhancement/To_Yukun_3DModelImageryEnhancement/s7_make_datasets/s1_trainingset/image_patches_small/clear_structure_imagine/11_1325_56_SSPPWYPXPS_1_26_11_G_Living_11_ori.png,To_Yukun_3DModelImageryEnhancement/To_Yukun_3DModelImageryEnhancement/s7_make_datasets/s1_trainingset/image_patches_small/clear_structure_imagine/11_1325_56_SSPPWYPXPS_1_26_11_G_Living_11_generated.png,True,True,True,900,900,900,900,light,False,1.261834979057312,0.025603703703703705,37.0,30.90930892139086,0.9640571611260491,39.44409477696607,0.9953344399779418,0,0.0
image_patches_small/11_179_61_TTNTIHLEHM_1_17_8_C_Bed_11,image_patches_small,image_patches_small/clear_structure_imagine,179_61_TTNTIHLEHM_1_17_8_C_Bed,train,To_Yukun_3DModelImageryEnhancement/To_Yukun_3DModelImageryEnhancement/s7_make_datasets/s1_trainingset/image_patches_small/clear_structure_imagine/11_179_61_TTNTIHLEHM_1_17_8_C_Bed_11_ori.png,To_Yukun_3DModelImageryEnhancement/To_Yukun_3DModelImageryEnhancement/s7_make_datasets/s1_trainingset/image_patches_small/clear_structure_imagine/11_179_61_TTNTIHLEHM_1_17_8_C_Bed_11_generated.png,True,True,True,900,900,900,900,light,False,0.7816477417945862,0.018085185185185187,26.0,34.078852292506056,0.9910013312908261,41.97903075597466,0.9986851505953221,0,0.0
image_patches_small/12_179_61_TTNTIHLEHM_1_17_8_C_Bed_12,image_patches_small,image_patches_small/clear_structure_imagine,179_61_TTNTIHLEHM_1_17_8_C_Bed,train,To_Yukun_3DModelImageryEnhancement/To_Yukun_3DModelImageryEnhancement/s7_make_datasets/s1_trainingset/image_patches_small/clear_structure_imagine/12_179_61_TTNTIHLEHM_1_17_8_C_Bed_12_ori.png,To_Yukun_3DModelImageryEnhancement/To_Yukun_3DModelImageryEnhancement/s7_make_datasets/s1_trainingset/image_patches_small/clear_structure_imagine/12_179_61_TTNTIHLEHM_1_17_8_C_Bed_12_generated.png,True,True,True,900,900,900,900,light,False,0.4662967324256897,0.01717037037037037,25.66666603088379,37.01079112336921,0.9913284983853696,45.538300082514425,0.9989604542484112,0,0.0
image_patches_small/2_594_30_SKPPWKPEPE_2_38_36_B_Living_2,image_patches_small,image_patches_small/clear_structure_imagine,594_30_SKPPWKPEPE_2_38_36_B_Living,test,To_Yukun_3DModelImageryEnhancement/To_Yukun_3DModelImageryEnhancement/s7_make_datasets/s1_trainingset/image_patches_small/clear_structure_imagine/2_594_30_SKPPWKPEPE_2_38_36_B_Living_2_ori.png,To_Yukun_3DModelImageryEnhancement/To_Yukun_3DModelImageryEnhancement/s7_make_datasets/s1_trainingset/image_patches_small/clear_structure_imagine/2_594_30_SKPPWKPEPE_2_38_36_B_Living_2_generated.png,True,True,True,900,900,900,900,severe,False,3.6724421977996826,0.06549506172839506,35.0,26.646826206568164,0.9815765414835435,34.31677859999023,0.9970165957937807,0,0.0
image_patches_small/2_608_82_TZNITHIOHM_1_117_27_D_Bed_2,image_patches_small,image_patches_small/clear_structure_imagine,608_82_TZNITHIOHM_1_117_27_D_Bed,train,To_Yukun_3DModelImageryEnhancement/To_Yukun_3DModelImageryEnhancement/s7_make_datasets/s1_trainingset/image_patches_small/clear_structure_imagine/2_608_82_TZNITHIOHM_1_117_27_D_Bed_2_ori.png,To_Yukun_3DModelImageryEnhancement/To_Yukun_3DModelImageryEnhancement/s7_make_datasets/s1_trainingset/image_patches_small/clear_structure_imagine/2_608_82_TZNITHIOHM_1_117_27_D_Bed_2_generated.png,True,True,True,900,900,900,900,medium,False,2.770385503768921,0.05857654320987654,30.0,28.329965382676363,0.982600644233279,36.434448038791956,0.9975645487554096,0,0.0
image_patches_small/3_126_27_SKPPWEPXPE_2_32_17_B_Living_3,image_patches_small,image_patches_small/clear_structure_imagine,126_27_SKPPWEPXPE_2_32_17_B_Living,val,To_Yukun_3DModelImageryEnhancement/To_Yukun_3DModelImageryEnhancement/s7_make_datasets/s1_trainingset/image_patches_small/clear_structure_imagine/3_126_27_SKPPWEPXPE_2_32_17_B_Living_3_ori.png,To_Yukun_3DModelImageryEnhancement/To_Yukun_3DModelImageryEnhancement/s7_make_datasets/s1_trainingset/image_patches_small/clear_structure_imagine/3_126_27_SKPPWEPXPE_2_32_17_B_Living_3_generated.png,True,True,True,900,900,900,900,light,False,0.9628543257713318,0.026008641975308642,18.0,35.11815218612339,0.9960317777703921,42.09489637361475,0.9992931319761612,0,0.0
image_patches_small/3_29_44_SSPPWBPEPK_1_2_6_A_MBed_3,image_patches_small,image_patches_small/clear_structure_imagine,29_44_SSPPWBPEPK_1_2_6_A_MBed,train,To_Yukun_3DModelImageryEnhancement/To_Yukun_3DModelImageryEnhancement/s7_make_datasets/s1_trainingset/image_patches_small/clear_structure_imagine/3_29_44_SSPPWBPEPK_1_2_6_A_MBed_3_ori.png,To_Yukun_3DModelImageryEnhancement/To_Yukun_3DModelImageryEnhancement/s7_make_datasets/s1_trainingset/image_patches_small/clear_structure_imagine/3_29_44_SSPPWBPEPK_1_2_6_A_MBed_3_generated.png,True,True,True,900,900,900,900,light,False,1.1318128108978271,0.0205641975308642,18.0,35.45834758795392,0.9981107359843836,39.94991933585639,0.9993749804181357,0,0.0
image_patches_small/4_632_3_OSRJURUXRU_1_31_15_D_MBed_4,image_patches_small,image_patches_small/clear_structure_imagine,632_3_OSRJURUXRU_1_31_15_D_MBed,train,To_Yukun_3DModelImageryEnhancement/To_Yukun_3DModelImageryEnhancement/s7_make_datasets/s1_trainingset/image_patches_small/clear_structure_imagine/4_632_3_OSRJURUXRU_1_31_15_D_MBed_4_ori.png,To_Yukun_3DModelImageryEnhancement/To_Yukun_3DModelImageryEnhancement/s7_make_datasets/s1_trainingset/image_patches_small/clear_structure_imagine/4_632_3_OSRJURUXRU_1_31_15_D_MBed_4_generated.png,True,True,True,900,900,900,900,light,False,1.233220100402832,0.042823456790123456,18.0,33.8569346958868,0.9950043783913665,41.7253633957135,0.9993162503757245,0,0.0
image_patches_small/5_608_82_TZNITHIOHM_1_117_27_D_Bed_5,image_patches_small,image_patches_small/clear_structure_imagine,608_82_TZNITHIOHM_1_117_27_D_Bed,train,To_Yukun_3DModelImageryEnhancement/To_Yukun_3DModelImageryEnhancement/s7_make_datasets/s1_trainingset/image_patches_small/clear_structure_imagine/5_608_82_TZNITHIOHM_1_117_27_D_Bed_5_ori.png,To_Yukun_3DModelImageryEnhancement/To_Yukun_3DModelImageryEnhancement/s7_make_datasets/s1_trainingset/image_patches_small/clear_structure_imagine/5_608_82_TZNITHIOHM_1_117_27_D_Bed_5_generated.png,True,True,True,900,900,900,900,light,False,0.6563135981559753,0.015112345679012346,28.0,35.12870170516549,0.9891803409114345,42.60697093501609,0.998254190746865,0,0.0
image_patches_small/6_1346_81_TZMNIHIXHM_1_34_25_E_MBed_6,image_patches_small,image_patches_small/clear_structure_imagine,1346_81_TZMNIHIXHM_1_34_25_E_MBed,train,To_Yukun_3DModelImageryEnhancement/To_Yukun_3DModelImageryEnhancement/s7_make_datasets/s1_trainingset/image_patches_small/clear_structure_imagine/6_1346_81_TZMNIHIXHM_1_34_25_E_MBed_6_ori.png,To_Yukun_3DModelImageryEnhancement/To_Yukun_3DModelImageryEnhancement/s7_make_datasets/s1_trainingset/image_patches_small/clear_structure_imagine/6_1346_81_TZMNIHIXHM_1_34_25_E_MBed_6_generated.png,True,True,True,900,900,900,900,medium,False,1.5714555978775024,0.02551851851851852,32.0,30.139246387503064,0.9741658119061468,37.48744163452743,0.995832356928051,0,0.0
image_patches_small/6_589_87_TZSNTHIAHM_1_22_6_D_MBed_6,image_patches_small,image_patches_small/clear_structure_imagine,589_87_TZSNTHIAHM_1_22_6_D_MBed,train,To_Yukun_3DModelImageryEnhancement/To_Yukun_3DModelImageryEnhancement/s7_make_datasets/s1_trainingset/image_patches_small/clear_structure_imagine/6_589_87_TZSNTHIAHM_1_22_6_D_MBed_6_ori.png,To_Yukun_3DModelImageryEnhancement/To_Yukun_3DModelImageryEnhancement/s7_make_datasets/s1_trainingset/image_patches_small/clear_structure_imagine/6_589_87_TZSNTHIAHM_1_22_6_D_MBed_6_generated.png,True,True,True,900,900,900,900,light,False,0.7579366564750671,0.026139506172839506,18.0,37.043814874702484,0.997437191035235,43.31060666434769,0.9994071355891058,0,0.0
image_patches_small/6_594_87_TZSNTHIAHM_1_22_11_D_MBed_6,image_patches_small,image_patches_small/clear_structure_imagine,594_87_TZSNTHIAHM_1_22_11_D_MBed,train,To_Yukun_3DModelImageryEnhancement/To_Yukun_3DModelImageryEnhancement/s7_make_datasets/s1_trainingset/image_patches_small/clear_structure_imagine/6_594_87_TZSNTHIAHM_1_22_11_D_MBed_6_ori.png,To_Yukun_3DModelImageryEnhancement/To_Yukun_3DModelImageryEnhancement/s7_make_datasets/s1_trainingset/image_patches_small/clear_structure_imagine/6_594_87_TZSNTHIAHM_1_22_11_D_MBed_6_generated.png,True,True,True,900,900,900,900,light,False,0.7085234522819519,0.024201234567901235,18.0,37.199399184274455,0.9975610554425709,43.460338803945476,0.9994543025310255,0,0.0
image_patches_small/7_11_61_TTNTIHLEHM_1_1_13_A_Bed_7,image_patches_small,image_patches_small/clear_structure_imagine,11_61_TTNTIHLEHM_1_1_13_A_Bed,train,To_Yukun_3DModelImageryEnhancement/To_Yukun_3DModelImageryEnhancement/s7_make_datasets/s1_trainingset/image_patches_small/clear_structure_imagine/7_11_61_TTNTIHLEHM_1_1_13_A_Bed_7_ori.png,To_Yukun_3DModelImageryEnhancement/To_Yukun_3DModelImageryEnhancement/s7_make_datasets/s1_trainingset/image_patches_small/clear_structure_imagine/7_11_61_TTNTIHLEHM_1_1_13_A_Bed_7_generated.png,True,True,True,900,900,900,900,light,False,0.8782176971435547,0.02369259259259259,18.0,34.83765627193511,0.9963231139057223,42.8248964937623,0.9994730200109679,0,0.0
image_patches_small/8_11_61_TTNTIHLEHM_1_1_13_A_Bed_8,image_patches_small,image_patches_small/clear_structure_imagine,11_61_TTNTIHLEHM_1_1_13_A_Bed,train,To_Yukun_3DModelImageryEnhancement/To_Yukun_3DModelImageryEnhancement/s7_make_datasets/s1_trainingset/image_patches_small/clear_structure_imagine/8_11_61_TTNTIHLEHM_1_1_13_A_Bed_8_ori.png,To_Yukun_3DModelImageryEnhancement/To_Yukun_3DModelImageryEnhancement/s7_make_datasets/s1_trainingset/image_patches_small/clear_structure_imagine/8_11_61_TTNTIHLEHM_1_1_13_A_Bed_8_generated.png,True,True,True,900,900,900,900,light,False,1.133458137512207,0.04220493827160494,20.33333396911621,33.28717462788197,0.9939167800653139,42.95198787448782,0.9994171408808213,0,0.0
image_patches_small/0_0_24_SKPPWDPXPS_1_1_6_A_LivingDining_0,image_patches_small,image_patches_small/clear_structure_noimagine,0_24_SKPPWDPXPS_1_1_6_A_LivingDining,train,To_Yukun_3DModelImageryEnhancement/To_Yukun_3DModelImageryEnhancement/s7_make_datasets/s1_trainingset/image_patches_small/clear_structure_noimagine/0_0_24_SKPPWDPXPS_1_1_6_A_LivingDining_0_ori.png,To_Yukun_3DModelImageryEnhancement/To_Yukun_3DModelImageryEnhancement/s7_make_datasets/s1_trainingset/image_patches_small/clear_structure_noimagine/0_0_24_SKPPWDPXPS_1_1_6_A_LivingDining_0_generated.png,True,True,True,900,900,900,900,medium,False,2.5762171745300293,0.06299135802469136,18.0,30.42120676945953,0.9926558248963201,37.931724765465894,0.9988774767180759,0,0.0
image_patches_small/0_11_63_TTTSTHHXHM_1_1_12_A_Kitchen_0,image_patches_small,image_patches_small/clear_structure_noimagine,11_63_TTTSTHHXHM_1_1_12_A_Kitchen,train,To_Yukun_3DModelImageryEnhancement/To_Yukun_3DModelImageryEnhancement/s7_make_datasets/s1_trainingset/image_patches_small/clear_structure_noimagine/0_11_63_TTTSTHHXHM_1_1_12_A_Kitchen_0_ori.png,To_Yukun_3DModelImageryEnhancement/To_Yukun_3DModelImageryEnhancement/s7_make_datasets/s1_trainingset/image_patches_small/clear_structure_noimagine/0_11_63_TTTSTHHXHM_1_1_12_A_Kitchen_0_generated.png,True,True,True,900,900,900,900,medium,False,1.9934498071670532,0.07220493827160494,18.0,32.01046425013697,0.9964860529380449,39.583449994915505,0.9995041084991945,0,0.0
image_patches_small/0_120_41_SKSWBPWJPS_1_5_9_A_Bed_0,image_patches_small,image_patches_small/clear_structure_noimagine,120_41_SKSWBPWJPS_1_5_9_A_Bed,train,To_Yukun_3DModelImageryEnhancement/To_Yukun_3DModelImageryEnhancement/s7_make_datasets/s1_trainingset/image_patches_small/clear_structure_noimagine/0_120_41_SKSWBPWJPS_1_5_9_A_Bed_0_ori.png,To_Yukun_3DModelImageryEnhancement/To_Yukun_3DModelImageryEnhancement/s7_make_datasets/s1_trainingset/image_patches_small/clear_structure_noimagine/0_120_41_SKSWBPWJPS_1_5_9_A_Bed_0_generated.png,True,True,True,900,900,900,900,severe,False,4.524235248565674,0.11064074074074073,21.33333396911621,27.098233302486243,0.98877386445206,35.24329379722862,0.9984873749193973,0,0.0
image_patches_small/0_141_15_SKEYPPEAPE_1_6_11_A_Bed_0,image_patches_small,image_patches_small/clear_structure_noimagine,141_15_SKEYPPEAPE_1_6_11_A_Bed,train,To_Yukun_3DModelImageryEnhancement/To_Yukun_3DModelImageryEnhancement/s7_make_datasets/s1_trainingset/image_patches_small/clear_structure_noimagine/0_141_15_SKEYPPEAPE_1_6_11_A_Bed_0_ori.png,To_Yukun_3DModelImageryEnhancement/To_Yukun_3DModelImageryEnhancement/s7_make_datasets/s1_trainingset/image_patches_small/clear_structure_noimagine/0_141_15_SKEYPPEAPE_1_6_11_A_Bed_0_generated.png,True,True,True,900,900,900,900,severe,False,3.9652011394500732,0.08668888888888888,27.66666603088379,26.86162933874283,0.9831548008390055,35.051136177497085,0.9978149876473272,0,0.0
image_patches_small/0_179_61_TTNTIHLEHM_1_17_8_C_Bed_0,image_patches_small,image_patches_small/clear_structure_noimagine,179_61_TTNTIHLEHM_1_17_8_C_Bed,train,To_Yukun_3DModelImageryEnhancement/To_Yukun_3DModelImageryEnhancement/s7_make_datasets/s1_trainingset/image_patches_small/clear_structure_noimagine/0_179_61_TTNTIHLEHM_1_17_8_C_Bed_0_ori.png,To_Yukun_3DModelImageryEnhancement/To_Yukun_3DModelImageryEnhancement/s7_make_datasets/s1_trainingset/image_patches_small/clear_structure_noimagine/0_179_61_TTNTIHLEHM_1_17_8_C_Bed_0_generated.png,True,True,True,900,900,900,900,medium,False,2.5282344818115234,0.04061851851851852,18.0,33.3702846976577,0.9986036750558589,36.327039637457524,0.9993391107081088,0,0.0
image_patches_small/0_1_11_SKBKBPEAPE_1_1_2_A_Living_0,image_patches_small,image_patches_small/clear_structure_noimagine,1_11_SKBKBPEAPE_1_1_2_A_Living,train,To_Yukun_3DModelImageryEnhancement/To_Yukun_3DModelImageryEnhancement/s7_make_datasets/s1_trainingset/image_patches_small/clear_structure_noimagine/0_1_11_SKBKBPEAPE_1_1_2_A_Living_0_ori.png,To_Yukun_3DModelImageryEnhancement/To_Yukun_3DModelImageryEnhancement/s7_make_datasets/s1_trainingset/image_patches_small/clear_structure_noimagine/0_1_11_SKBKBPEAPE_1_1_2_A_Living_0_generated.png,True,True,True,900,900,900,900,medium,False,2.353705644607544,0.02678395061728395,18.0,33.64030685220567,0.9986508008218811,35.22713304477255,0.9991292468970696,0,0.0
image_patches_small/0_1_20_SKPPWAPXPE_1_15_7_A_Living_0,image_patches_small,image_patches_small/clear_structure_noimagine,1_20_SKPPWAPXPE_1_15_7_A_Living,val,To_Yukun_3DModelImageryEnhancement/To_Yukun_3DModelImageryEnhancement/s7_make_datasets/s1_trainingset/image_patches_small/clear_structure_noimagine/0_1_20_SKPPWAPXPE_1_15_7_A_Living_0_ori.png,To_Yukun_3DModelImageryEnhancement/To_Yukun_3DModelImageryEnhancement/s7_make_datasets/s1_trainingset/image_patches_small/clear_structure_noimagine/0_1_20_SKPPWAPXPE_1_15_7_A_Living_0_generated.png,True,True,True,900,900,900,900,severe,False,4.347125053405762,0.12793333333333334,20.33333396911621,27.861707719663954,0.9933877941483722,35.69291150810367,0.9990826734978924,0,0.0
image_patches_small/0_29_44_SSPPWBPEPK_1_2_6_A_MBed_0,image_patches_small,image_patches_small/clear_structure_noimagine,29_44_SSPPWBPEPK_1_2_6_A_MBed,train,To_Yukun_3DModelImageryEnhancement/To_Yukun_3DModelImageryEnhancement/s7_make_datasets/s1_trainingset/image_patches_small/clear_structure_noimagine/0_29_44_SSPPWBPEPK_1_2_6_A_MBed_0_ori.png,To_Yukun_3DModelImageryEnhancement/To_Yukun_3DModelImageryEnhancement/s7_make_datasets/s1_trainingset/image_patches_small/clear_structure_noimagine/0_29_44_SSPPWBPEPK_1_2_6_A_MBed_0_generated.png,True,True,True,900,900,900,900,medium,False,2.3586385250091553,0.0630037037037037,18.0,31.54212002745328,0.9965662405637479,38.233517330499154,0.9993311731811654,0,0.0
image_patches_small/0_883_71_TZDZTHIRHM_1_26_34_C_LivingDining_0,image_patches_small,image_patches_small/clear_structure_noimagine,883_71_TZDZTHIRHM_1_26_34_C_LivingDining,train,To_Yukun_3DModelImageryEnhancement/To_Yukun_3DModelImageryEnhancement/s7_make_datasets/s1_trainingset/image_patches_small/clear_structure_noimagine/0_883_71_TZDZTHIRHM_1_26_34_C_LivingDining_0_ori.png,To_Yukun_3DModelImageryEnhancement/To_Yukun_3DModelImageryEnhancement/s7_make_datasets/s1_trainingset/image_patches_small/clear_structure_noimagine/0_883_71_TZDZTHIRHM_1_26_34_C_LivingDining_0_generated.png,True,True,True,900,900,900,900,medium,False,3.5607573986053467,0.08202716049382716,18.0,29.669210100590213,0.9949537141454549,35.526424048128064,0.9988680534166987,0,0.0
image_patches_small/100_156_86_TZSMTHISHM_1_6_12_A_Bath_0,image_patches_small,image_patches_small/clear_structure_noimagine,156_86_TZSMTHISHM_1_6_12_A_Bath,train,To_Yukun_3DModelImageryEnhancement/To_Yukun_3DModelImageryEnhancement/s7_make_datasets/s1_trainingset/image_patches_small/clear_structure_noimagine/100_156_86_TZSMTHISHM_1_6_12_A_Bath_0_ori.png,To_Yukun_3DModelImageryEnhancement/To_Yukun_3DModelImageryEnhancement/s7_make_datasets/s1_trainingset/image_patches_small/clear_structure_noimagine/100_156_86_TZSMTHISHM_1_6_12_A_Bath_0_generated.png,True,True,True,900,900,900,900,medium,False,1.4874262809753418,0.041401234567901235,18.0,32.342736595963174,0.9960578246371307,41.01859275888961,0.9995519994680302,0,0.0
image_patches_small/100_179_61_TTNTIHLEHM_1_17_8_C_Bed_0,image_patches_small,image_patches_small/clear_structure_noimagine,179_61_TTNTIHLEHM_1_17_8_C_Bed,train,To_Yukun_3DModelImageryEnhancement/To_Yukun_3DModelImageryEnhancement/s7_make_datasets/s1_trainingset/image_patches_small/clear_structure_noimagine/100_179_61_TTNTIHLEHM_1_17_8_C_Bed_0_ori.png,To_Yukun_3DModelImageryEnhancement/To_Yukun_3DModelImageryEnhancement/s7_make_datasets/s1_trainingset/image_patches_small/clear_structure_noimagine/100_179_61_TTNTIHLEHM_1_17_8_C_Bed_0_generated.png,True,True,True,900,900,900,900,severe,False,4.142331600189209,0.10698271604938271,18.0,28.717912106376843,0.9957981544986458,35.984740316402714,0.9992883262157423,0,0.0
image_patches_small/100_1_20_SKPPWAPXPE_1_15_7_A_Living_0,image_patches_small,image_patches_small/clear_structure_noimagine,1_20_SKPPWAPXPE_1_15_7_A_Living,val,To_Yukun_3DModelImageryEnhancement/To_Yukun_3DModelImageryEnhancement/s7_make_datasets/s1_trainingset/image_patches_small/clear_structure_noimagine/100_1_20_SKPPWAPXPE_1_15_7_A_Living_0_ori.png,To_Yukun_3DModelImageryEnhancement/To_Yukun_3DModelImageryEnhancement/s7_make_datasets/s1_trainingset/image_patches_small/clear_structure_noimagine/100_1_20_SKPPWAPXPE_1_15_7_A_Living_0_generated.png,True,True,True,900,900,900,900,severe,False,6.230684757232666,0.19816666666666666,20.33333396911621,26.30905733117466,0.991971834888353,34.30712211942338,0.9989311022455492,0,0.0
image_patches_small/100_56_15_SKEYPPEAPE_1_3_10_A_MBath_0,image_patches_small,image_patches_small/clear_structure_noimagine,56_15_SKEYPPEAPE_1_3_10_A_MBath,train,To_Yukun_3DModelImageryEnhancement/To_Yukun_3DModelImageryEnhancement/s7_make_datasets/s1_trainingset/image_patches_small/clear_structure_noimagine/100_56_15_SKEYPPEAPE_1_3_10_A_MBath_0_ori.png,To_Yukun_3DModelImageryEnhancement/To_Yukun_3DModelImageryEnhancement/s7_make_datasets/s1_trainingset/image_patches_small/clear_structure_noimagine/100_56_15_SKEYPPEAPE_1_3_10_A_MBath_0_generated.png,True,True,True,900,900,900,900,medium,False,2.6964104175567627,0.07431851851851852,27.0,28.564602668871238,0.9884599387399204,38.24576867925588,0.9988464580877319,0,0.0
image_patches_small/100_594_86_TZSMTHISHM_1_22_15_D_Bath_0,image_patches_small,image_patches_small/clear_structure_noimagine,594_86_TZSMTHISHM_1_22_15_D_Bath,train,To_Yukun_3DModelImageryEnhancement/To_Yukun_3DModelImageryEnhancement/s7_make_datasets/s1_trainingset/image_patches_small/clear_structure_noimagine/100_594_86_TZSMTHISHM_1_22_15_D_Bath_0_ori.png,To_Yukun_3DModelImageryEnhancement/To_Yukun_3DModelImageryEnhancement/s7_make_datasets/s1_trainingset/image_patches_small/clear_structure_noimagine/100_594_86_TZSMTHISHM_1_22_15_D_Bath_0_generated.png,True,True,True,900,900,900,900,severe,False,4.623205661773682,0.15413086419753086,18.0,26.674777701155765,0.9895765415427094,37.735493880586844,0.9992544645216265,0,0.0
image_patches_small/101_0_93_TZTNIHIYHM_1_1_2_A_MBed_1,image_patches_small,image_patches_small/clear_structure_noimagine,0_93_TZTNIHIYHM_1_1_2_A_MBed,train,To_Yukun_3DModelImageryEnhancement/To_Yukun_3DModelImageryEnhancement/s7_make_datasets/s1_trainingset/image_patches_small/clear_structure_noimagine/101_0_93_TZTNIHIYHM_1_1_2_A_MBed_1_ori.png,To_Yukun_3DModelImageryEnhancement/To_Yukun_3DModelImageryEnhancement/s7_make_datasets/s1_trainingset/image_patches_small/clear_structure_noimagine/101_0_93_TZTNIHIYHM_1_1_2_A_MBed_1_generated.png,True,True,True,900,900,900,900,medium,False,2.890106201171875,0.05266543209876543,32.66666793823242,26.909797293218034,0.978199210162542,36.33104852511646,0.9977130821634443,0,0.0
image_patches_small/101_379_11_SKBKBPEAPE_1_11_20_C_Living_1,image_patches_small,image_patches_small/clear_structure_noimagine,379_11_SKBKBPEAPE_1_11_20_C_Living,val,To_Yukun_3DModelImageryEnhancement/To_Yukun_3DModelImageryEnhancement/s7_make_datasets/s1_trainingset/image_patches_small/clear_structure_noimagine/101_379_11_SKBKBPEAPE_1_11_20_C_Living_1_ori.png,To_Yukun_3DModelImageryEnhancement/To_Yukun_3DModelImageryEnhancement/s7_make_datasets/s1_trainingset/image_patches_small/clear_structure_noimagine/101_379_11_SKBKBPEAPE_1_11_20_C_Living_1_generated.png,True,True,True,900,900,900,900,medium,False,1.4491817951202393,0.022969135802469134,37.0,28.91430751047942,0.9436819796249415,40.00315973650758,0.9963103761408449,0,0.0
image_patches_small/101_589_87_TZSNTHIAHM_1_22_6_D_MBed_1,image_patches_small,image_patches_small/clear_structure_noimagine,589_87_TZSNTHIAHM_1_22_6_D_MBed,train,To_Yukun_3DModelImageryEnhancement/To_Yukun_3DModelImageryEnhancement/s7_make_datasets/s1_trainingset/image_patches_small/clear_structure_noimagine/101_589_87_TZSNTHIAHM_1_22_6_D_MBed_1_ori.png,To_Yukun_3DModelImageryEnhancement/To_Yukun_3DModelImageryEnhancement/s7_make_datasets/s1_trainingset/image_patches_small/clear_structure_noimagine/101_589_87_TZSNTHIAHM_1_22_6_D_MBed_1_generated.png,True,True,True,900,900,900,900,severe,False,5.951756000518799,0.17181358024691357,20.66666603088379,25.48988239075193,0.9891072760969472,34.79455859270328,0.9988958776429694,0,0.0
image_patches_small/102_0_93_TZTNIHIYHM_1_1_2_A_MBed_2,image_patches_small,image_patches_small/clear_structure_noimagine,0_93_TZTNIHIYHM_1_1_2_A_MBed,train,To_Yukun_3DModelImageryEnhancement/To_Yukun_3DModelImageryEnhancement/s7_make_datasets/s1_trainingset/image_patches_small/clear_structure_noimagine/102_0_93_TZTNIHIYHM_1_1_2_A_MBed_2_ori.png,To_Yukun_3DModelImageryEnhancement/To_Yukun_3DModelImageryEnhancement/s7_make_datasets/s1_trainingset/image_patches_small/clear_structure_noimagine/102_0_93_TZTNIHIYHM_1_1_2_A_MBed_2_generated.png,True,True,True,900,900,900,900,medium,False,2.2012510299682617,0.06443703703703704,22.0,29.960039254271976,0.9910034741119873,40.385008695824254,0.9992756583275445,0,0.0
image_patches_small/102_120_17_SKPDPPERPE_1_5_18_A_MBed_2,image_patches_small,image_patches_small/clear_structure_noimagine,120_17_SKPDPPERPE_1_5_18_A_MBed,val,To_Yukun_3DModelImageryEnhancement/To_Yukun_3DModelImageryEnhancement/s7_make_datasets/s1_trainingset/image_patches_small/clear_structure_noimagine/102_120_17_SKPDPPERPE_1_5_18_A_MBed_2_ori.png,To_Yukun_3DModelImageryEnhancement/To_Yukun_3DModelImageryEnhancement/s7_make_datasets/s1_trainingset/image_patches_small/clear_structure_noimagine/102_120_17_SKPDPPERPE_1_5_18_A_MBed_2_generated.png,True,True,True,900,900,900,900,medium,False,1.856674075126648,0.046874074074074075,33.33333206176758,29.655304725617896,0.980431039143374,38.79877203441234,0.9979310210446637,0,0.0
image_patches_small/102_594_86_TZSMTHISHM_1_22_15_D_Bath_2,image_patches_small,image_patches_small/clear_structure_noimagine,594_86_TZSMTHISHM_1_22_15_D_Bath,train,To_Yukun_3DModelImageryEnhancement/To_Yukun_3DModelImageryEnhancement/s7_make_datasets/s1_trainingset/image_patches_small/clear_structure_noimagine/102_594_86_TZSMTHISHM_1_22_15_D_Bath_2_ori.png,To_Yukun_3DModelImageryEnhancement/To_Yukun_3DModelImageryEnhancement/s7_make_datasets/s1_trainingset/image_patches_small/clear_structure_noimagine/102_594_86_TZSMTHISHM_1_22_15_D_Bath_2_generated.png,True,True,True,900,900,900,900,medium,False,2.728994369506836,0.09969506172839507,18.0,30.61153382415766,0.9960716236330817,38.2612417407931,0.9993901031575395,0,0.0
image_patches_small/10_141_15_SKEYPPEAPE_1_6_11_A_Bed_10,image_patches_small,image_patches_small/clear_structure_noimagine,141_15_SKEYPPEAPE_1_6_11_A_Bed,train,To_Yukun_3DModelImageryEnhancement/To_Yukun_3DModelImageryEnhancement/s7_make_datasets/s1_trainingset/image_patches_small/clear_structure_noimagine/10_141_15_SKEYPPEAPE_1_6_11_A_Bed_10_ori.png,To_Yukun_3DModelImageryEnhancement/To_Yukun_3DModelImageryEnhancement/s7_make_datasets/s1_trainingset/image_patches_small/clear_structure_noimagine/10_141_15_SKEYPPEAPE_1_6_11_A_Bed_10_generated.png,True,True,True,900,900,900,900,light,True,1.113891839981079,0.019507407407407407,38.66666793823242,31.7706961949107,0.9787801392643086,38.782447090738536,0.9960022604420663,0,0.0
image_patches_small/10_1_11_SKBKBPEAPE_1_1_2_A_Living_10,image_patches_small,image_patches_small/clear_structure_noimagine,1_11_SKBKBPEAPE_1_1_2_A_Living,train,To_Yukun_3DModelImageryEnhancement/To_Yukun_3DModelImageryEnhancement/s7_make_datasets/s1_trainingset/image_patches_small/clear_structure_noimagine/10_1_11_SKBKBPEAPE_1_1_2_A_Living_10_ori.png,To_Yukun_3DModelImageryEnhancement/To_Yukun_3DModelImageryEnhancement/s7_make_datasets/s1_trainingset/image_patches_small/clear_structure_noimagine/10_1_11_SKBKBPEAPE_1_1_2_A_Living_10_generated.png,True,True,True,900,900,900,900,light,True,0.28918930888175964,0.002117283950617284,18.0,43.542067119280226,0.9993210800201102,44.500895611145424,0.9994649759175394,0,0.0
image_patches_small/10_609_11_SKBKBPEAPE_1_17_34_D_Bed_10,image_patches_small,image_patches_small/clear_structure_noimagine,609_11_SKBKBPEAPE_1_17_34_D_Bed,train,To_Yukun_3DModelImageryEnhancement/To_Yukun_3DModelImageryEnhancement/s7_make_datasets/s1_trainingset/image_patches_small/clear_structure_noimagine/10_609_11_SKBKBPEAPE_1_17_34_D_Bed_10_ori.png,To_Yukun_3DModelImageryEnhancement/To_Yukun_3DModelImageryEnhancement/s7_make_datasets/s1_trainingset/image_patches_small/clear_structure_noimagine/10_609_11_SKBKBPEAPE_1_17_34_D_Bed_10_generated.png,True,True,True,900,900,900,900,light,True,1.1499292850494385,0.024411111111111113,32.66666793823242,31.975335683540784,0.9833588026835524,40.539150035494075,0.9980087836894092,0,0.0
image_patches_small/11_632_3_OSRJURUXRU_1_31_15_D_MBed_11,image_patches_small,image_patches_small/clear_structure_noimagine,632_3_OSRJURUXRU_1_31_15_D_MBed,train,To_Yukun_3DModelImageryEnhancement/To_Yukun_3DModelImageryEnhancement/s7_make_datasets/s1_trainingset/image_patches_small/clear_structure_noimagine/11_632_3_OSRJURUXRU_1_31_15_D_MBed_11_ori.png,To_Yukun_3DModelImageryEnhancement/To_Yukun_3DModelImageryEnhancement/s7_make_datasets/s1_trainingset/image_patches_small/clear_structure_noimagine/11_632_3_OSRJURUXRU_1_31_15_D_MBed_11_generated.png,True,True,True,900,900,900,900,light,True,1.220025658607483,0.02308641975308642,50.33333206176758,29.479488853927403,0.9685290326725954,40.13943416527313,0.9974243072901103,0,0.0
image_patches_small/12_1007_11_SKBKBPEAPE_1_106_36_G_Bed_12,image_patches_small,image_patches_small/clear_structure_noimagine,1007_11_SKBKBPEAPE_1_106_36_G_Bed,train,To_Yukun_3DModelImageryEnhancement/To_Yukun_3DModelImageryEnhancement/s7_make_datasets/s1_trainingset/image_patches_small/clear_structure_noimagine/12_1007_11_SKBKBPEAPE_1_106_36_G_Bed_12_ori.png,To_Yukun_3DModelImageryEnhancement/To_Yukun_3DModelImageryEnhancement/s7_make_datasets/s1_trainingset/image_patches_small/clear_structure_noimagine/12_1007_11_SKBKBPEAPE_1_106_36_G_Bed_12_generated.png,True,True,True,900,900,900,900,light,True,0.44034484028816223,0.0074,42.33333206176758,34.59540036112126,0.950604110397004,43.23685987402935,0.9945790155631796,0,0.0
image_patches_small/14_179_61_TTNTIHLEHM_1_17_8_C_Bed_14,image_patches_small,image_patches_small/clear_structure_noimagine,179_61_TTNTIHLEHM_1_17_8_C_Bed,train,To_Yukun_3DModelImageryEnhancement/To_Yukun_3DModelImageryEnhancement/s7_make_datasets/s1_trainingset/image_patches_small/clear_structure_noimagine/14_179_61_TTNTIHLEHM_1_17_8_C_Bed_14_ori.png,To_Yukun_3DModelImageryEnhancement/To_Yukun_3DModelImageryEnhancement/s7_make_datasets/s1_trainingset/image_patches_small/clear_structure_noimagine/14_179_61_TTNTIHLEHM_1_17_8_C_Bed_14_generated.png,True,True,True,900,900,900,900,light,True,0.2828415632247925,0.007291358024691358,29.33333396911621,38.002036022976284,0.989669581787902,47.287830472657845,0.9988062732073704,0,0.0
image_patches_small/1_0_24_SKPPWDPXPS_1_1_6_A_LivingDining_1,image_patches_small,image_patches_small/clear_structure_noimagine,0_24_SKPPWDPXPS_1_1_6_A_LivingDining,train,To_Yukun_3DModelImageryEnhancement/To_Yukun_3DModelImageryEnhancement/s7_make_datasets/s1_trainingset/image_patches_small/clear_structure_noimagine/1_0_24_SKPPWDPXPS_1_1_6_A_LivingDining_1_ori.png,To_Yukun_3DModelImageryEnhancement/To_Yukun_3DModelImageryEnhancement/s7_make_datasets/s1_trainingset/image_patches_small/clear_structure_noimagine/1_0_24_SKPPWDPXPS_1_1_6_A_LivingDining_1_generated.png,True,True,True,900,900,900,900,medium,False,2.110130786895752,0.05119876543209877,18.0,30.519986999350483,0.9882253894055014,39.09340759753602,0.9985062967369526,0,0.0
image_patches_small/1_0_93_TZTNIHIYHM_1_1_2_A_MBed_1,image_patches_small,image_patches_small/clear_structure_noimagine,0_93_TZTNIHIYHM_1_1_2_A_MBed,train,To_Yukun_3DModelImageryEnhancement/To_Yukun_3DModelImageryEnhancement/s7_make_datasets/s1_trainingset/image_patches_small/clear_structure_noimagine/1_0_93_TZTNIHIYHM_1_1_2_A_MBed_1_ori.png,To_Yukun_3DModelImageryEnhancement/To_Yukun_3DModelImageryEnhancement/s7_make_datasets/s1_trainingset/image_patches_small/clear_structure_noimagine/1_0_93_TZTNIHIYHM_1_1_2_A_MBed_1_generated.png,True,True,True,900,900,900,900,medium,False,2.0689034461975098,0.05395802469135803,27.33333396911621,29.98523813743713,0.9896670997383861,39.76231830536795,0.9990276129123069,0,0.0
image_patches_small/1_11_61_TTNTIHLEHM_1_1_13_A_Bed_1,image_patches_small,image_patches_small/clear_structure_noimagine,11_61_TTNTIHLEHM_1_1_13_A_Bed,train,To_Yukun_3DModelImageryEnhancement/To_Yukun_3DModelImageryEnhancement/s7_make_datasets/s1_trainingset/image_patches_small/clear_structure_noimagine/1_11_61_TTNTIHLEHM_1_1_13_A_Bed_1_ori.png,To_Yukun_3DModelImageryEnhancement/To_Yukun_3DModelImageryEnhancement/s7_make_datasets/s1_trainingset/image_patches_small/clear_structure_noimagine/1_11_61_TTNTIHLEHM_1_1_13_A_Bed_1_generated.png,True,True,True,900,900,900,900,medium,False,1.3928275108337402,0.022075308641975308,18.0,34.07225360860948,0.9973831030566298,38.63540643955156,0.9991239838680214,0,0.0
image_patches_small/1_156_86_TZSMTHISHM_1_6_12_A_Bath_1,image_patches_small,image_patches_small/clear_structure_noimagine,156_86_TZSMTHISHM_1_6_12_A_Bath,train,To_Yukun_3DModelImageryEnhancement/To_Yukun_3DModelImageryEnhancement/s7_make_datasets/s1_trainingset/image_patches_small/clear_structure_noimagine/1_156_86_TZSMTHISHM_1_6_12_A_Bath_1_ori.png,To_Yukun_3DModelImageryEnhancement/To_Yukun_3DModelImageryEnhancement/s7_make_datasets/s1_trainingset/image_patches_small/clear_structure_noimagine/1_156_86_TZSMTHISHM_1_6_12_A_Bath_1_generated.png,True,True,True,900,900,900,900,medium,False,1.6552329063415527,0.0012493827160493828,18.0,37.15661177463687,0.9993765406853424,37.26582013977487,0.9993930391342981,0,0.0
image_patches_small/1_179_61_TTNTIHLEHM_1_17_8_C_Bed_1,image_patches_small,image_patches_small/clear_structure_noimagine,179_61_TTNTIHLEHM_1_17_8_C_Bed,train,To_Yukun_3DModelImageryEnhancement/To_Yukun_3DModelImageryEnhancement/s7_make_datasets/s1_trainingset/image_patches_small/clear_structure_noimagine/1_179_61_TTNTIHLEHM_1_17_8_C_Bed_1_ori.png,To_Yukun_3DModelImageryEnhancement/To_Yukun_3DModelImageryEnhancement/s7_make_datasets/s1_trainingset/image_patches_small/clear_structure_noimagine/1_179_61_TTNTIHLEHM_1_17_8_C_Bed_1_generated.png,True,True,True,900,900,900,900,medium,False,1.8894431591033936,0.03919876543209876,18.0,34.154296092650334,0.9985677693940982,37.84601635839411,0.9994200640057431,0,0.0
image_patches_small/1_1_20_SKPPWAPXPE_1_15_7_A_Living_1,image_patches_small,image_patches_small/clear_structure_noimagine,1_20_SKPPWAPXPE_1_15_7_A_Living,val,To_Yukun_3DModelImageryEnhancement/To_Yukun_3DModelImageryEnhancement/s7_make_datasets/s1_trainingset/image_patches_small/clear_structure_noimagine/1_1_20_SKPPWAPXPE_1_15_7_A_Living_1_ori.png,To_Yukun_3DModelImageryEnhancement/To_Yukun_3DModelImageryEnhancement/s7_make_datasets/s1_trainingset/image_patches_small/clear_structure_noimagine/1_1_20_SKPPWAPXPE_1_15_7_A_Living_1_generated.png,True,True,True,900,900,900,900,light,True,1.2993148565292358,0.03825802469135803,18.66666603088379,34.019160499740025,0.9945427808282081,40.44784891769179,0.9989209013321455,0,0.0
image_patches_small/1_594_86_TZSMTHISHM_1_22_15_D_Bath_1,image_patches_small,image_patches_small/clear_structure_noimagine,594_86_TZSMTHISHM_1_22_15_D_Bath,train,To_Yukun_3DModelImageryEnhancement/To_Yukun_3DModelImageryEnhancement/s7_make_datasets/s1_trainingset/image_patches_small/clear_structure_noimagine/1_594_86_TZSMTHISHM_1_22_15_D_Bath_1_ori.png,To_Yukun_3DModelImageryEnhancement/To_Yukun_3DModelImageryEnhancement/s7_make_datasets/s1_trainingset/image_patches_small/clear_structure_noimagine/1_594_86_TZSMTHISHM_1_22_15_D_Bath_1_generated.png,True,True,True,900,900,900,900,severe,False,3.7784972190856934,0.12884197530864197,18.0,27.59236111735371,0.9902576704256981,38.79408137184171,0.9993359330405607,0,0.0
image_patches_small/1_632_84_TZSHZHMRHM_1_20_25_B_Living_1,image_patches_small,image_patches_small/clear_structure_noimagine,632_84_TZSHZHMRHM_1_20_25_B_Living,test,To_Yukun_3DModelImageryEnhancement/To_Yukun_3DModelImageryEnhancement/s7_make_datasets/s1_trainingset/image_patches_small/clear_structure_noimagine/1_632_84_TZSHZHMRHM_1_20_25_B_Living_1_ori.png,To_Yukun_3DModelImageryEnhancement/To_Yukun_3DModelImageryEnhancement/s7_make_datasets/s1_trainingset/image_patches_small/clear_structure_noimagine/1_632_84_TZSHZHMRHM_1_20_25_B_Living_1_generated.png,True,True,True,900,900,900,900,medium,False,3.529069185256958,0.08174938271604938,31.33333396911621,26.97532160891786,0.9829515248809993,35.5726447545604,0.9981947310184452,0,0.0
image_patches_small/201_0_93_TZTNIHIYHM_1_1_2_A_MBed_1,image_patches_small,image_patches_small/clear_structure_noimagine,0_93_TZTNIHIYHM_1_1_2_A_MBed,train,To_Yukun_3DModelImageryEnhancement/To_Yukun_3DModelImageryEnhancement/s7_make_datasets/s1_trainingset/image_patches_small/clear_structure_noimagine/201_0_93_TZTNIHIYHM_1_1_2_A_MBed_1_ori.png,To_Yukun_3DModelImageryEnhancement/To_Yukun_3DModelImageryEnhancement/s7_make_datasets/s1_trainingset/image_patches_small/clear_structure_noimagine/201_0_93_TZTNIHIYHM_1_1_2_A_MBed_1_generated.png,True,True,True,900,900,900,900,medium,False,3.1566781997680664,0.055462962962962964,38.0,26.47552519856972,0.9754230789553704,35.63839118013639,0.9972799213588063,0,0.0
image_patches_small/202_0_93_TZTNIHIYHM_1_1_2_A_MBed_2,image_patches_small,image_patches_small/clear_structure_noimagine,0_93_TZTNIHIYHM_1_1_2_A_MBed,train,To_Yukun_3DModelImageryEnhancement/To_Yukun_3DModelImageryEnhancement/s7_make_datasets/s1_trainingset/image_patches_small/clear_structure_noimagine/202_0_93_TZTNIHIYHM_1_1_2_A_MBed_2_ori.png,To_Yukun_3DModelImageryEnhancement/To_Yukun_3DModelImageryEnhancement/s7_make_datasets/s1_trainingset/image_patches_small/clear_structure_noimagine/202_0_93_TZTNIHIYHM_1_1_2_A_MBed_2_generated.png,True,True,True,900,900,900,900,medium,False,2.576209783554077,0.0654641975308642,26.0,28.97706759911056,0.9888056850474292,38.57059667725802,0.9988918925422658,0,0.0
image_patches_small/2_0_93_TZTNIHIYHM_1_1_2_A_MBed_2,image_patches_small,image_patches_small/clear_structure_noimagine,0_93_TZTNIHIYHM_1_1_2_A_MBed,train,To_Yukun_3DModelImageryEnhancement/To_Yukun_3DModelImageryEnhancement/s7_make_datasets/s1_trainingset/image_patches_small/clear_structure_noimagine/2_0_93_TZTNIHIYHM_1_1_2_A_MBed_2_ori.png,To_Yukun_3DModelImageryEnhancement/To_Yukun_3DModelImageryEnhancement/s7_make_datasets/s1_trainingset/image_patches_small/clear_structure_noimagine/2_0_93_TZTNIHIYHM_1_1_2_A_MBed_2_generated.png,True,True,True,900,900,900,900,medium,False,2.561098575592041,0.04971604938271605,35.33333206176758,27.87549523741289,0.9799923860338915,36.86382399154607,0.9977108236923031,0,0.0
image_patches_small/2_113_41_SKSWBPWJPS_1_5_2_A_Bed_2,image_patches_small,image_patches_small/clear_structure_noimagine,113_41_SKSWBPWJPS_1_5_2_A_Bed,train,To_Yukun_3DModelImageryEnhancement/To_Yukun_3DModelImageryEnhancement/s7_make_datasets/s1_trainingset/image_patches_small/clear_structure_noimagine/2_113_41_SKSWBPWJPS_1_5_2_A_Bed_2_ori.png,To_Yukun_3DModelImageryEnhancement/To_Yukun_3DModelImageryEnhancement/s7_make_datasets/s1_trainingset/image_patches_small/clear_structure_noimagine/2_113_41_SKSWBPWJPS_1_5_2_A_Bed_2_generated.png,True,True,True,900,900,900,900,light,True,0.9848905205726624,0.037428395061728396,20.0,34.81926741954039,0.9957080282448149,43.35358070392374,0.9994600651079792,0,0.0
image_patches_small/2_12_86_TZSMTHISHM_1_1_13_A_LivingDining_2,image_patches_small,image_patches_small/clear_structure_noimagine,12_86_TZSMTHISHM_1_1_13_A_LivingDining,test,To_Yukun_3DModelImageryEnhancement/To_Yukun_3DModelImageryEnhancement/s7_make_datasets/s1_trainingset/image_patches_small/clear_structure_noimagine/2_12_86_TZSMTHISHM_1_1_13_A_LivingDining_2_ori.png,To_Yukun_3DModelImageryEnhancement/To_Yukun_3DModelImageryEnhancement/s7_make_datasets/s1_trainingset/image_patches_small/clear_structure_noimagine/2_12_86_TZSMTHISHM_1_1_13_A_LivingDining_2_generated.png,True,True,True,900,900,900,900,severe,False,4.641884803771973,0.0995395061728395,28.66666603088379,24.24726237485823,0.9773994337127622,37.955351157347195,0.9992103047103266,0,0.0
image_patches_small/2_1314_25_SKPPWEPEPE_2_51_8_B_Living_2,image_patches_small,image_patches_small/clear_structure_noimagine,1314_25_SKPPWEPEPE_2_51_8_B_Living,test,To_Yukun_3DModelImageryEnhancement/To_Yukun_3DModelImageryEnhancement/s7_make_datasets/s1_trainingset/image_patches_small/clear_structure_noimagine/2_1314_25_SKPPWEPEPE_2_51_8_B_Living_2_ori.png,To_Yukun_3DModelImageryEnhancement/To_Yukun_3DModelImageryEnhancement/s7_make_datasets/s1_trainingset/image_patches_small/clear_structure_noimagine/2_1314_25_SKPPWEPEPE_2_51_8_B_Living_2_generated.png,True,True,True,900,900,900,900,medium,False,1.3902077674865723,0.03729382716049383,18.0,32.43686776688035,0.9941654369484486,41.427530679964136,0.9993543144311541,0,0.0
image_patches_small/2_168_41_SKSWBPWJPS_1_7_1_B_Bed_2,image_patches_small,image_patches_small/clear_structure_noimagine,168_41_SKSWBPWJPS_1_7_1_B_Bed,test,To_Yukun_3DModelImageryEnhancement/To_Yukun_3DModelImageryEnhancement/s7_make_datasets/s1_trainingset/image_patches_small/clear_structure_noimagine/2_168_41_SKSWBPWJPS_1_7_1_B_Bed_2_ori.png,To_Yukun_3DModelImageryEnhancement/To_Yukun_3DModelImageryEnhancement/s7_make_datasets/s1_trainingset/image_patches_small/clear_structure_noimagine/2_168_41_SKSWBPWJPS_1_7_1_B_Bed_2_generated.png,True,True,True,900,900,900,900,light,True,1.3479855060577393,0.03833950617283951,25.33333396911621,32.20623427348043,0.9903609026761934,41.0163481336275,0.9988779164730983,0,0.0
image_patches_small/2_1_20_SKPPWAPXPE_1_15_7_A_Living_2,image_patches_small,image_patches_small/clear_structure_noimagine,1_20_SKPPWAPXPE_1_15_7_A_Living,val,To_Yukun_3DModelImageryEnhancement/To_Yukun_3DModelImageryEnhancement/s7_make_datasets/s1_trainingset/image_patches_small/clear_structure_noimagine/2_1_20_SKPPWAPXPE_1_15_7_A_Living_2_ori.png,To_Yukun_3DModelImageryEnhancement/To_Yukun_3DModelImageryEnhancement/s7_make_datasets/s1_trainingset/image_patches_small/clear_structure_noimagine/2_1_20_SKPPWAPXPE_1_15_7_A_Living_2_generated.png,True,True,True,900,900,900,900,light,True,0.6990402936935425,0.013944444444444445,18.0,35.09718533014745,0.9903178352351705,44.126917045306044,0.9990557768668205,0,0.0
image_patches_small/2_632_84_TZSHZHMRHM_1_20_25_B_Living_2,image_patches_small,image_patches_small/clear_structure_noimagine,632_84_TZSHZHMRHM_1_20_25_B_Living,test,To_Yukun_3DModelImageryEnhancement/To_Yukun_3DModelImageryEnhancement/s7_make_datasets/s1_trainingset/image_patches_small/clear_structure_noimagine/2_632_84_TZSHZHMRHM_1_20_25_B_Living_2_ori.png,To_Yukun_3DModelImageryEnhancement/To_Yukun_3DModelImageryEnhancement/s7_make_datasets/s1_trainingset/image_patches_small/clear_structure_noimagine/2_632_84_TZSHZHMRHM_1_20_25_B_Living_2_generated.png,True,True,True,900,900,900,900,medium,False,3.233656167984009,0.0724530864197531,30.0,27.205759334735077,0.9830845382601588,35.99613108353243,0.99834553067135,0,0.0
image_patches_small/3_138_7_SEPPWDPXPE_1_5_19_A_Bed_3,image_patches_small,image_patches_small/clear_structure_noimagine,138_7_SEPPWDPXPE_1_5_19_A_Bed,train,To_Yukun_3DModelImageryEnhancement/To_Yukun_3DModelImageryEnhancement/s7_make_datasets/s1_trainingset/image_patches_small/clear_structure_noimagine/3_138_7_SEPPWDPXPE_1_5_19_A_Bed_3_ori.png,To_Yukun_3DModelImageryEnhancement/To_Yukun_3DModelImageryEnhancement/s7_make_datasets/s1_trainingset/image_patches_small/clear_structure_noimagine/3_138_7_SEPPWDPXPE_1_5_19_A_Bed_3_generated.png,True,True,True,900,900,900,900,severe,False,4.970775127410889,0.15059876543209877,34.0,25.199870762849184,0.9820792469438981,35.6797150416043,0.9987695577281064,0,0.0
image_patches_small/3_156_86_TZSMTHISHM_1_6_12_A_Bath_3,image_patches_small,image_patches_small/clear_structure_noimagine,156_86_TZSMTHISHM_1_6_12_A_Bath,train,To_Yukun_3DModelImageryEnhancement/To_Yukun_3DModelImageryEnhancement/s7_make_datasets/s1_trainingset/image_patches_small/clear_structure_noimagine/3_156_86_TZSMTHISHM_1_6_12_A_Bath_3_ori.png,To_Yukun_3DModelImageryEnhancement/To_Yukun_3DModelImageryEnhancement/s7_make_datasets/s1_trainingset/image_patches_small/clear_structure_noimagine/3_156_86_TZSMTHISHM_1_6_12_A_Bath_3_generated.png,True,True,True,900,900,900,900,light,True,1.2183637619018555,0.019574074074074074,18.0,35.59940611495397,0.9978678420955999,39.33907579562956,0.9991650347612208,0,0.0
image_patches_small/3_608_82_TZNITHIOHM_1_117_27_D_Bed_3,image_patches_small,image_patches_small/clear_structure_noimagine,608_82_TZNITHIOHM_1_117_27_D_Bed,train,To_Yukun_3DModelImageryEnhancement/To_Yukun_3DModelImageryEnhancement/s7_make_datasets/s1_trainingset/image_patches_small/clear_structure_noimagine/3_608_82_TZNITHIOHM_1_117_27_D_Bed_3_ori.png,To_Yukun_3DModelImageryEnhancement/To_Yukun_3DModelImageryEnhancement/s7_make_datasets/s1_trainingset/image_patches_small/clear_structure_noimagine/3_608_82_TZNITHIOHM_1_117_27_D_Bed_3_generated.png,True,True,True,900,900,900,900,medium,False,2.1951262950897217,0.06480740740740741,28.66666603088379,29.408481755527735,0.9880665148036777,38.48530273595137,0.9987880756077482,0,0.0
image_patches_small/3_632_3_OSRJURUXRU_1_31_15_D_MBed_3,image_patches_small,image_patches_small/clear_structure_noimagine,632_3_OSRJURUXRU_1_31_15_D_MBed,train,To_Yukun_3DModelImageryEnhancement/To_Yukun_3DModelImageryEnhancement/s7_make_datasets/s1_trainingset/image_patches_small/clear_structure_noimagine/3_632_3_OSRJURUXRU_1_31_15_D_MBed_3_ori.png,To_Yukun_3DModelImageryEnhancement/To_Yukun_3DModelImageryEnhancement/s7_make_datasets/s1_trainingset/image_patches_small/clear_structure_noimagine/3_632_3_OSRJURUXRU_1_31_15_D_MBed_3_generated.png,True,True,True,900,900,900,900,medium,False,1.5503880977630615,0.05051358024691358,19.66666603088379,32.67483413569226,0.9954219778551375,40.492806824995895,0.9993354066254274,0,0.0
image_patches_small/3_650_86_TZSMTHISHM_1_24_13_D_LivingDining_3,image_patches_small,image_patches_small/clear_structure_noimagine,650_86_TZSMTHISHM_1_24_13_D_LivingDining,test,To_Yukun_3DModelImageryEnhancement/To_Yukun_3DModelImageryEnhancement/s7_make_datasets/s1_trainingset/image_patches_small/clear_structure_noimagine/3_650_86_TZSMTHISHM_1_24_13_D_LivingDining_3_ori.png,To_Yukun_3DModelImageryEnhancement/To_Yukun_3DModelImageryEnhancement/s7_make_datasets/s1_trainingset/image_patches_small/clear_structure_noimagine/3_650_86_TZSMTHISHM_1_24_13_D_LivingDining_3_generated.png,True,True,True,900,900,900,900,medium,False,1.478901743888855,0.06445185185185186,18.0,33.846795683790766,0.997206617416915,42.14770461268273,0.9996272540899878,0,0.0
image_patches_small/3_682_41_SKSWBPWJPS_1_26_11_C_Bed_3,image_patches_small,image_patches_small/clear_structure_noimagine,682_41_SKSWBPWJPS_1_26_11_C_Bed,train,To_Yukun_3DModelImageryEnhancement/To_Yukun_3DModelImageryEnhancement/s7_make_datasets/s1_trainingset/image_patches_small/clear_structure_noimagine/3_682_41_SKSWBPWJPS_1_26_11_C_Bed_3_ori.png,To_Yukun_3DModelImageryEnhancement/To_Yukun_3DModelImageryEnhancement/s7_make_datasets/s1_trainingset/image_patches_small/clear_structure_noimagine/3_682_41_SKSWBPWJPS_1_26_11_C_Bed_3_generated.png,True,True,True,900,900,900,900,medium,False,1.9896453619003296,0.0643320987654321,21.33333396911621,30.195088065191094,0.9844511701925955,40.566174618379094,0.9987885762190659,0,0.0
image_patches_small/3_838_27_SKPPWEPXPE_5_95_23_B_Living_3,image_patches_small,image_patches_small/clear_structure_noimagine,838_27_SKPPWEPXPE_5_95_23_B_Living,train,To_Yukun_3DModelImageryEnhancement/To_Yukun_3DModelImageryEnhancement/s7_make_datasets/s1_trainingset/image_patches_small/clear_structure_noimagine/3_838_27_SKPPWEPXPE_5_95_23_B_Living_3_ori.png,To_Yukun_3DModelImageryEnhancement/To_Yukun_3DModelImageryEnhancement/s7_make_datasets/s1_trainingset/image_patches_small/clear_structure_noimagine/3_838_27_SKPPWEPXPE_5_95_23_B_Living_3_generated.png,True,True,True,900,900,900,900,light,True,0.7213781476020813,0.012696296296296296,18.0,37.86455304807447,0.9981728058845004,41.18674237705049,0.9991706043362256,0,0.0
image_patches_small/4_0_24_SKPPWDPXPS_1_1_6_A_LivingDining_4,image_patches_small,image_patches_small/clear_structure_noimagine,0_24_SKPPWDPXPS_1_1_6_A_LivingDining,train,To_Yukun_3DModelImageryEnhancement/To_Yukun_3DModelImageryEnhancement/s7_make_datasets/s1_trainingset/image_patches_small/clear_structure_noimagine/4_0_24_SKPPWDPXPS_1_1_6_A_LivingDining_4_ori.png,To_Yukun_3DModelImageryEnhancement/To_Yukun_3DModelImageryEnhancement/s7_make_datasets/s1_trainingset/image_patches_small/clear_structure_noimagine/4_0_24_SKPPWDPXPS_1_1_6_A_LivingDining_4_generated.png,True,True,True,900,900,900,900,light,True,0.8560028672218323,0.018174074074074075,18.0,35.5714756397608,0.9950242420353296,42.481286343229726,0.9991054953809123,0,0.0
image_patches_small/4_134_15_SKEYPPEAPE_1_5_32_A_MBed_4,image_patches_small,image_patches_small/clear_structure_noimagine,134_15_SKEYPPEAPE_1_5_32_A_MBed,test,To_Yukun_3DModelImageryEnhancement/To_Yukun_3DModelImageryEnhancement/s7_make_datasets/s1_trainingset/image_patches_small/clear_structure_noimagine/4_134_15_SKEYPPEAPE_1_5_32_A_MBed_4_ori.png,To_Yukun_3DModelImageryEnhancement/To_Yukun_3DModelImageryEnhancement/s7_make_datasets/s1_trainingset/image_patches_small/clear_structure_noimagine/4_134_15_SKEYPPEAPE_1_5_32_A_MBed_4_generated.png,True,True,True,900,900,900,900,light,True,1.1090288162231445,0.03119753086419753,26.33333396911621,31.77342653015764,0.98700233477574,41.92932826332803,0.9989511596138071,0,0.0
image_patches_small/4_141_15_SKEYPPEAPE_1_6_11_A_Bed_4,image_patches_small,image_patches_small/clear_structure_noimagine,141_15_SKEYPPEAPE_1_6_11_A_Bed,train,To_Yukun_3DModelImageryEnhancement/To_Yukun_3DModelImageryEnhancement/s7_make_datasets/s1_trainingset/image_patches_small/clear_structure_noimagine/4_141_15_SKEYPPEAPE_1_6_11_A_Bed_4_ori.png,To_Yukun_3DModelImageryEnhancement/To_Yukun_3DModelImageryEnhancement/s7_make_datasets/s1_trainingset/image_patches_small/clear_structure_noimagine/4_141_15_SKEYPPEAPE_1_6_11_A_Bed_4_generated.png,True,True,True,900,900,900,900,medium,False,1.4788402318954468,0.04874197530864197,21.66666603088379,31.7416464595637,0.9926524195416343,41.32471615641707,0.9992345918340884,0,0.0
image_patches_small/4_609_11_SKBKBPEAPE_1_17_34_D_Bed_4,image_patches_small,image_patches_small/clear_structure_noimagine,609_11_SKBKBPEAPE_1_17_34_D_Bed,train,To_Yukun_3DModelImageryEnhancement/To_Yukun_3DModelImageryEnhancement/s7_make_datasets/s1_trainingset/image_patches_small/clear_structure_noimagine/4_609_11_SKBKBPEAPE_1_17_34_D_Bed_4_ori.png,To_Yukun_3DModelImageryEnhancement/To_Yukun_3DModelImageryEnhancement/s7_make_datasets/s1_trainingset/image_patches_small/clear_structure_noimagine/4_609_11_SKBKBPEAPE_1_17_34_D_Bed_4_generated.png,True,True,True,900,900,900,900,medium,False,2.2634835243225098,0.057149382716049385,30.0,29.40213466565138,0.9844255382031101,37.912913948722306,0.9979749986533799,0,0.0
image_patches_small/5_0_24_SKPPWDPXPS_1_1_6_A_LivingDining_5,image_patches_small,image_patches_small/clear_structure_noimagine,0_24_SKPPWDPXPS_1_1_6_A_LivingDining,train,To_Yukun_3DModelImageryEnhancement/To_Yukun_3DModelImageryEnhancement/s7_make_datasets/s1_trainingset/image_patches_small/clear_structure_noimagine/5_0_24_SKPPWDPXPS_1_1_6_A_LivingDining_5_ori.png,To_Yukun_3DModelImageryEnhancement/To_Yukun_3DModelImageryEnhancement/s7_make_datasets/s1_trainingset/image_patches_small/clear_structure_noimagine/5_0_24_SKPPWDPXPS_1_1_6_A_LivingDining_5_generated.png,True,True,True,900,900,900,900,light,True,1.3455029726028442,0.03666172839506173,20.33333396911621,32.3198085344959,0.9820109064688572,41.36019423974,0.9980374579462162,0,0.0
image_patches_small/5_13_22_SKPPWBPEPE_1_14_7_Whole_MBed_5,image_patches_small,image_patches_small/clear_structure_noimagine,13_22_SKPPWBPEPE_1_14_7_Whole_MBed,train,To_Yukun_3DModelImageryEnhancement/To_Yukun_3DModelImageryEnhancement/s7_make_datasets/s1_trainingset/image_patches_small/clear_structure_noimagine/5_13_22_SKPPWBPEPE_1_14_7_Whole_MBed_5_ori.png,To_Yukun_3DModelImageryEnhancement/To_Yukun_3DModelImageryEnhancement/s7_make_datasets/s1_trainingset/image_patches_small/clear_structure_noimagine/5_13_22_SKPPWBPEPE_1_14_7_Whole_MBed_5_generated.png,True,True,True,900,900,900,900,medium,False,2.1403167247772217,0.056623456790123455,35.66666793823242,28.583666098056845,0.9785663189154664,39.108708451067734,0.9983470134097954,0,0.0
image_patches_small/5_609_11_SKBKBPEAPE_1_17_34_D_Bed_5,image_patches_small,image_patches_small/clear_structure_noimagine,609_11_SKBKBPEAPE_1_17_34_D_Bed,train,To_Yukun_3DModelImageryEnhancement/To_Yukun_3DModelImageryEnhancement/s7_make_datasets/s1_trainingset/image_patches_small/clear_structure_noimagine/5_609_11_SKBKBPEAPE_1_17_34_D_Bed_5_ori.png,To_Yukun_3DModelImageryEnhancement/To_Yukun_3DModelImageryEnhancement/s7_make_datasets/s1_trainingset/image_patches_small/clear_structure_noimagine/5_609_11_SKBKBPEAPE_1_17_34_D_Bed_5_generated.png,True,True,True,900,900,900,900,medium,False,1.6905159950256348,0.048106172839506176,21.66666603088379,30.58707822815488,0.9856882711568756,39.9495557309131,0.9986784575105478,0,0.0
image_patches_small/6_141_15_SKEYPPEAPE_1_6_11_A_Bed_6,image_patches_small,image_patches_small/clear_structure_noimagine,141_15_SKEYPPEAPE_1_6_11_A_Bed,train,To_Yukun_3DModelImageryEnhancement/To_Yukun_3DModelImageryEnhancement/s7_make_datasets/s1_trainingset/image_patches_small/clear_structure_noimagine/6_141_15_SKEYPPEAPE_1_6_11_A_Bed_6_ori.png,To_Yukun_3DModelImageryEnhancement/To_Yukun_3DModelImageryEnhancement/s7_make_datasets/s1_trainingset/image_patches_small/clear_structure_noimagine/6_141_15_SKEYPPEAPE_1_6_11_A_Bed_6_generated.png,True,True,True,900,900,900,900,medium,False,1.6864814758300781,0.03800617283950617,33.66666793823242,29.733603825269306,0.9721630845730911,38.36026623118795,0.9967732793456497,0,0.0
image_patches_small/6_154_44_SSPPWBPEPK_1_12_5_E_Living_6,image_patches_small,image_patches_small/clear_structure_noimagine,154_44_SSPPWBPEPK_1_12_5_E_Living,test,To_Yukun_3DModelImageryEnhancement/To_Yukun_3DModelImageryEnhancement/s7_make_datasets/s1_trainingset/image_patches_small/clear_structure_noimagine/6_154_44_SSPPWBPEPK_1_12_5_E_Living_6_ori.png,To_Yukun_3DModelImageryEnhancement/To_Yukun_3DModelImageryEnhancement/s7_make_datasets/s1_trainingset/image_patches_small/clear_structure_noimagine/6_154_44_SSPPWBPEPK_1_12_5_E_Living_6_generated.png,True,True,True,900,900,900,900,light,True,0.7489683032035828,0.02047037037037037,21.0,32.45614611854276,0.9476011867364093,47.802505977487385,0.998794459939884,0,0.0
image_patches_small/6_179_61_TTNTIHLEHM_1_17_8_C_Bed_6,image_patches_small,image_patches_small/clear_structure_noimagine,179_61_TTNTIHLEHM_1_17_8_C_Bed,train,To_Yukun_3DModelImageryEnhancement/To_Yukun_3DModelImageryEnhancement/s7_make_datasets/s1_trainingset/image_patches_small/clear_structure_noimagine/6_179_61_TTNTIHLEHM_1_17_8_C_Bed_6_ori.png,To_Yukun_3DModelImageryEnhancement/To_Yukun_3DModelImageryEnhancement/s7_make_datasets/s1_trainingset/image_patches_small/clear_structure_noimagine/6_179_61_TTNTIHLEHM_1_17_8_C_Bed_6_generated.png,True,True,True,900,900,900,900,medium,False,1.4483410120010376,0.029371604938271605,44.0,29.500410936081455,0.9621372786349753,39.38199245950606,0.9965178285807988,0,0.0
image_patches_small/6_325_38_SKPPWYPEPE_1_105_13_B_MBed_6,image_patches_small,image_patches_small/clear_structure_noimagine,325_38_SKPPWYPEPE_1_105_13_B_MBed,train,To_Yukun_3DModelImageryEnhancement/To_Yukun_3DModelImageryEnhancement/s7_make_datasets/s1_trainingset/image_patches_small/clear_structure_noimagine/6_325_38_SKPPWYPEPE_1_105_13_B_MBed_6_ori.png,To_Yukun_3DModelImageryEnhancement/To_Yukun_3DModelImageryEnhancement/s7_make_datasets/s1_trainingset/image_patches_small/clear_structure_noimagine/6_325_38_SKPPWYPEPE_1_105_13_B_MBed_6_generated.png,True,True,True,900,900,900,900,medium,False,1.4326390027999878,0.03220246913580247,40.66666793823242,30.280536451214715,0.9648912079681355,39.404912930925136,0.9959591151905124,0,0.0
image_patches_small/6_379_11_SKBKBPEAPE_1_11_20_C_Living_6,image_patches_small,image_patches_small/clear_structure_noimagine,379_11_SKBKBPEAPE_1_11_20_C_Living,val,To_Yukun_3DModelImageryEnhancement/To_Yukun_3DModelImageryEnhancement/s7_make_datasets/s1_trainingset/image_patches_small/clear_structure_noimagine/6_379_11_SKBKBPEAPE_1_11_20_C_Living_6_ori.png,To_Yukun_3DModelImageryEnhancement/To_Yukun_3DModelImageryEnhancement/s7_make_datasets/s1_trainingset/image_patches_small/clear_structure_noimagine/6_379_11_SKBKBPEAPE_1_11_20_C_Living_6_generated.png,True,True,True,900,900,900,900,light,True,1.0081465244293213,0.01667530864197531,32.66666793823242,30.35689456377552,0.9409522903903104,42.360129727969934,0.9970180509889904,0,0.0
image_patches_small/6_637_3_OSRJURUXRU_1_31_20_D_MBed_6,image_patches_small,image_patches_small/clear_structure_noimagine,637_3_OSRJURUXRU_1_31_20_D_MBed,train,To_Yukun_3DModelImageryEnhancement/To_Yukun_3DModelImageryEnhancement/s7_make_datasets/s1_trainingset/image_patches_small/clear_structure_noimagine/6_637_3_OSRJURUXRU_1_31_20_D_MBed_6_ori.png,To_Yukun_3DModelImageryEnhancement/To_Yukun_3DModelImageryEnhancement/s7_make_datasets/s1_trainingset/image_patches_small/clear_structure_noimagine/6_637_3_OSRJURUXRU_1_31_20_D_MBed_6_generated.png,True,True,True,900,900,900,900,medium,False,1.9305493831634521,0.05223086419753086,42.33333206176758,28.469025582995148,0.9783009244344746,40.40506403590288,0.9987002436606857,0,0.0
image_patches_small/6_651_3_OSRJURUXRU_1_32_8_D_Bed_6,image_patches_small,image_patches_small/clear_structure_noimagine,651_3_OSRJURUXRU_1_32_8_D_Bed,train,To_Yukun_3DModelImageryEnhancement/To_Yukun_3DModelImageryEnhancement/s7_make_datasets/s1_trainingset/image_patches_small/clear_structure_noimagine/6_651_3_OSRJURUXRU_1_32_8_D_Bed_6_ori.png,To_Yukun_3DModelImageryEnhancement/To_Yukun_3DModelImageryEnhancement/s7_make_datasets/s1_trainingset/image_patches_small/clear_structure_noimagine/6_651_3_OSRJURUXRU_1_32_8_D_Bed_6_generated.png,True,True,True,900,900,900,900,light,True,1.052722692489624,0.02096172839506173,18.0,36.169400310383345,0.998174681487227,39.99274704270925,0.9992991714392417,0,0.0
image_patches_small/7_134_10_SKADBPYRPE_3_25_10_A_Bed_7,image_patches_small,image_patches_small/clear_structure_noimagine,134_10_SKADBPYRPE_3_25_10_A_Bed,train,To_Yukun_3DModelImageryEnhancement/To_Yukun_3DModelImageryEnhancement/s7_make_datasets/s1_trainingset/image_patches_small/clear_structure_noimagine/7_134_10_SKADBPYRPE_3_25_10_A_Bed_7_ori.png,To_Yukun_3DModelImageryEnhancement/To_Yukun_3DModelImageryEnhancement/s7_make_datasets/s1_trainingset/image_patches_small/clear_structure_noimagine/7_134_10_SKADBPYRPE_3_25_10_A_Bed_7_generated.png,True,True,True,900,900,900,900,light,True,0.9805238246917725,0.03571481481481482,18.0,34.918044378456635,0.9954554044576035,43.07097226928604,0.999390763270981,0,0.0
image_patches_small/7_179_61_TTNTIHLEHM_1_17_8_C_Bed_7,image_patches_small,image_patches_small/clear_structure_noimagine,179_61_TTNTIHLEHM_1_17_8_C_Bed,train,To_Yukun_3DModelImageryEnhancement/To_Yukun_3DModelImageryEnhancement/s7_make_datasets/s1_trainingset/image_patches_small/clear_structure_noimagine/7_179_61_TTNTIHLEHM_1_17_8_C_Bed_7_ori.png,To_Yukun_3DModelImageryEnhancement/To_Yukun_3DModelImageryEnhancement/s7_make_datasets/s1_trainingset/image_patches_small/clear_structure_noimagine/7_179_61_TTNTIHLEHM_1_17_8_C_Bed_7_generated.png,True,True,True,900,900,900,900,light,True,1.0247094631195068,0.025750617283950616,31.66666603088379,31.62107953171903,0.9580410730901903,41.873295390054125,0.9962367375695437,0,0.0
image_patches_small/7_637_3_OSRJURUXRU_1_31_20_D_MBed_7,image_patches_small,image_patches_small/clear_structure_noimagine,637_3_OSRJURUXRU_1_31_20_D_MBed,train,To_Yukun_3DModelImageryEnhancement/To_Yukun_3DModelImageryEnhancement/s7_make_datasets/s1_trainingset/image_patches_small/clear_structure_noimagine/7_637_3_OSRJURUXRU_1_31_20_D_MBed_7_ori.png,To_Yukun_3DModelImageryEnhancement/To_Yukun_3DModelImageryEnhancement/s7_make_datasets/s1_trainingset/image_patches_small/clear_structure_noimagine/7_637_3_OSRJURUXRU_1_31_20_D_MBed_7_generated.png,True,True,True,900,900,900,900,light,True,0.9364275336265564,0.02654567901234568,20.33333396911621,33.66050269428364,0.987665376804584,42.44415896778133,0.9988967008640924,0,0.0
image_patches_small/8_667_3_OSRJURUXRU_1_32_24_D_Bed_8,image_patches_small,image_patches_small/clear_structure_noimagine,667_3_OSRJURUXRU_1_32_24_D_Bed,val,To_Yukun_3DModelImageryEnhancement/To_Yukun_3DModelImageryEnhancement/s7_make_datasets/s1_trainingset/image_patches_small/clear_structure_noimagine/8_667_3_OSRJURUXRU_1_32_24_D_Bed_8_ori.png,To_Yukun_3DModelImageryEnhancement/To_Yukun_3DModelImageryEnhancement/s7_make_datasets/s1_trainingset/image_patches_small/clear_structure_noimagine/8_667_3_OSRJURUXRU_1_32_24_D_Bed_8_generated.png,True,True,True,900,900,900,900,medium,False,2.4223194122314453,0.06052222222222222,44.33333206176758,27.211928161114557,0.9744881628958144,38.82912375135824,0.9983803398047666,0,0.0
image_patches_small/9_0_24_SKPPWDPXPS_1_1_6_A_LivingDining_9,image_patches_small,image_patches_small/clear_structure_noimagine,0_24_SKPPWDPXPS_1_1_6_A_LivingDining,train,To_Yukun_3DModelImageryEnhancement/To_Yukun_3DModelImageryEnhancement/s7_make_datasets/s1_trainingset/image_patches_small/clear_structure_noimagine/9_0_24_SKPPWDPXPS_1_1_6_A_LivingDining_9_ori.png,To_Yukun_3DModelImageryEnhancement/To_Yukun_3DModelImageryEnhancement/s7_make_datasets/s1_trainingset/image_patches_small/clear_structure_noimagine/9_0_24_SKPPWDPXPS_1_1_6_A_LivingDining_9_generated.png,True,True,True,900,900,900,900,light,True,1.2007074356079102,0.0240641975308642,22.0,32.36369499246611,0.978467531995886,40.25967674883738,0.9967258917562339,0,0.0
image_patches_small/9_120_17_SKPDPPERPE_1_5_18_A_MBed_9,image_patches_small,image_patches_small/clear_structure_noimagine,120_17_SKPDPPERPE_1_5_18_A_MBed,val,To_Yukun_3DModelImageryEnhancement/To_Yukun_3DModelImageryEnhancement/s7_make_datasets/s1_trainingset/image_patches_small/clear_structure_noimagine/9_120_17_SKPDPPERPE_1_5_18_A_MBed_9_ori.png,To_Yukun_3DModelImageryEnhancement/To_Yukun_3DModelImageryEnhancement/s7_make_datasets/s1_trainingset/image_patches_small/clear_structure_noimagine/9_120_17_SKPDPPERPE_1_5_18_A_MBed_9_generated.png,True,True,True,900,900,900,900,light,True,0.7742740511894226,0.017132098765432098,36.0,33.35248052224573,0.9811032726852751,42.48093391955777,0.9979842783579804,0,0.0
image_patches_small/9_1346_81_TZMNIHIXHM_1_34_25_E_MBed_9,image_patches_small,image_patches_small/clear_structure_noimagine,1346_81_TZMNIHIXHM_1_34_25_E_MBed,train,To_Yukun_3DModelImageryEnhancement/To_Yukun_3DModelImageryEnhancement/s7_make_datasets/s1_trainingset/image_patches_small/clear_structure_noimagine/9_1346_81_TZMNIHIXHM_1_34_25_E_MBed_9_ori.png,To_Yukun_3DModelImageryEnhancement/To_Yukun_3DModelImageryEnhancement/s7_make_datasets/s1_trainingset/image_patches_small/clear_structure_noimagine/9_1346_81_TZMNIHIXHM_1_34_25_E_MBed_9_generated.png,True,True,True,900,900,900,900,light,True,0.9561090469360352,0.01871358024691358,28.0,33.03112030440928,0.9816458935798091,40.60566079924102,0.9969419207372605,0,0.0
image_patches_small/9_134_15_SKEYPPEAPE_1_5_32_A_MBed_9,image_patches_small,image_patches_small/clear_structure_noimagine,134_15_SKEYPPEAPE_1_5_32_A_MBed,test,To_Yukun_3DModelImageryEnhancement/To_Yukun_3DModelImageryEnhancement/s7_make_datasets/s1_trainingset/image_patches_small/clear_structure_noimagine/9_134_15_SKEYPPEAPE_1_5_32_A_MBed_9_ori.png,To_Yukun_3DModelImageryEnhancement/To_Yukun_3DModelImageryEnhancement/s7_make_datasets/s1_trainingset/image_patches_small/clear_structure_noimagine/9_134_15_SKEYPPEAPE_1_5_32_A_MBed_9_generated.png,True,True,True,900,900,900,900,light,True,0.9895206093788147,0.022369135802469135,34.0,31.144650355439886,0.9837663668151196,40.38989522714668,0.9987417392168905,0,0.0
image_patches_small/9_156_86_TZSMTHISHM_1_6_12_A_Bath_9,image_patches_small,image_patches_small/clear_structure_noimagine,156_86_TZSMTHISHM_1_6_12_A_Bath,train,To_Yukun_3DModelImageryEnhancement/To_Yukun_3DModelImageryEnhancement/s7_make_datasets/s1_trainingset/image_patches_small/clear_structure_noimagine/9_156_86_TZSMTHISHM_1_6_12_A_Bath_9_ori.png,To_Yukun_3DModelImageryEnhancement/To_Yukun_3DModelImageryEnhancement/s7_make_datasets/s1_trainingset/image_patches_small/clear_structure_noimagine/9_156_86_TZSMTHISHM_1_6_12_A_Bath_9_generated.png,True,True,True,900,900,900,900,light,True,0.5574625730514526,0.009607407407407408,18.0,40.36190621136808,0.9991681095661102,42.876834743263956,0.9995580196444301,0,0.0
image_patches_small/9_29_44_SSPPWBPEPK_1_2_6_A_MBed_9,image_patches_small,image_patches_small/clear_structure_noimagine,29_44_SSPPWBPEPK_1_2_6_A_MBed,train,To_Yukun_3DModelImageryEnhancement/To_Yukun_3DModelImageryEnhancement/s7_make_datasets/s1_trainingset/image_patches_small/clear_structure_noimagine/9_29_44_SSPPWBPEPK_1_2_6_A_MBed_9_ori.png,To_Yukun_3DModelImageryEnhancement/To_Yukun_3DModelImageryEnhancement/s7_make_datasets/s1_trainingset/image_patches_small/clear_structure_noimagine/9_29_44_SSPPWBPEPK_1_2_6_A_MBed_9_generated.png,True,True,True,900,900,900,900,light,True,1.1850255727767944,0.029779012345679014,24.66666603088379,30.36576480041773,0.9432287753742388,45.16804283897865,0.9985650483692959,0,0.0
image_patches_small/9_651_3_OSRJURUXRU_1_32_8_D_Bed_9,image_patches_small,image_patches_small/clear_structure_noimagine,651_3_OSRJURUXRU_1_32_8_D_Bed,train,To_Yukun_3DModelImageryEnhancement/To_Yukun_3DModelImageryEnhancement/s7_make_datasets/s1_trainingset/image_patches_small/clear_structure_noimagine/9_651_3_OSRJURUXRU_1_32_8_D_Bed_9_ori.png,To_Yukun_3DModelImageryEnhancement/To_Yukun_3DModelImageryEnhancement/s7_make_datasets/s1_trainingset/image_patches_small/clear_structure_noimagine/9_651_3_OSRJURUXRU_1_32_8_D_Bed_9_generated.png,True,True,True,900,900,900,900,light,True,0.6488855481147766,0.012251851851851852,18.0,39.39671040302632,0.9989872891880482,42.85000123473633,0.9995639823773893,0,0.0
image_patches_small/0_10_72_TZDZZHIAHT_1_1_11_F_Bed_0,image_patches_small,image_patches_small/unclear_nostructure_noimagine,10_72_TZDZZHIAHT_1_1_11_F_Bed,val,To_Yukun_3DModelImageryEnhancement/To_Yukun_3DModelImageryEnhancement/s7_make_datasets/s1_trainingset/image_patches_small/unclear_nostructure_noimagine/0_10_72_TZDZZHIAHT_1_1_11_F_Bed_0_ori.png,To_Yukun_3DModelImageryEnhancement/To_Yukun_3DModelImageryEnhancement/s7_make_datasets/s1_trainingset/image_patches_small/unclear_nostructure_noimagine/0_10_72_TZDZZHIAHT_1_1_11_F_Bed_0_generated.png,True,True,True,900,900,900,900,severe,False,4.299267292022705,0.09423086419753086,18.0,29.831766138625653,0.9954281513891333,34.41983454409398,0.9986351612420493,0,0.0
image_patches_small/0_134_10_SKADBPYRPE_3_25_10_A_Bed_0,image_patches_small,image_patches_small/unclear_nostructure_noimagine,134_10_SKADBPYRPE_3_25_10_A_Bed,train,To_Yukun_3DModelImageryEnhancement/To_Yukun_3DModelImageryEnhancement/s7_make_datasets/s1_trainingset/image_patches_small/unclear_nostructure_noimagine/0_134_10_SKADBPYRPE_3_25_10_A_Bed_0_ori.png,To_Yukun_3DModelImageryEnhancement/To_Yukun_3DModelImageryEnhancement/s7_make_datasets/s1_trainingset/image_patches_small/unclear_nostructure_noimagine/0_134_10_SKADBPYRPE_3_25_10_A_Bed_0_generated.png,True,True,True,900,900,900,900,medium,False,2.562596082687378,0.020667901234567902,18.0,33.531572876482564,0.9984088359093061,34.977401230879,0.998887458930488,0,0.0
image_patches_small/0_154_44_SSPPWBPEPK_1_12_5_E_Living_0,image_patches_small,image_patches_small/unclear_nostructure_noimagine,154_44_SSPPWBPEPK_1_12_5_E_Living,test,To_Yukun_3DModelImageryEnhancement/To_Yukun_3DModelImageryEnhancement/s7_make_datasets/s1_trainingset/image_patches_small/unclear_nostructure_noimagine/0_154_44_SSPPWBPEPK_1_12_5_E_Living_0_ori.png,To_Yukun_3DModelImageryEnhancement/To_Yukun_3DModelImageryEnhancement/s7_make_datasets/s1_trainingset/image_patches_small/unclear_nostructure_noimagine/0_154_44_SSPPWBPEPK_1_12_5_E_Living_0_generated.png,True,True,True,900,900,900,900,medium,False,2.6006758213043213,3.08641975308642e-05,18.0,36.26072159078349,0.9993198742006383,36.262771971652526,0.9993202243217431,0,0.0
image_patches_small/0_304_17_SKPDPPERPE_1_11_34_C_MBed_0,image_patches_small,image_patches_small/unclear_nostructure_noimagine,304_17_SKPDPPERPE_1_11_34_C_MBed,train,To_Yukun_3DModelImageryEnhancement/To_Yukun_3DModelImageryEnhancement/s7_make_datasets/s1_trainingset/image_patches_small/unclear_nostructure_noimagine/0_304_17_SKPDPPERPE_1_11_34_C_MBed_0_ori.png,To_Yukun_3DModelImageryEnhancement/To_Yukun_3DModelImageryEnhancement/s7_make_datasets/s1_trainingset/image_patches_small/unclear_nostructure_noimagine/0_304_17_SKPDPPERPE_1_11_34_C_MBed_0_generated.png,True,True,True,900,900,900,900,medium,False,3.0539307594299316,0.0324679012345679,18.0,32.32705332165792,0.9976451567021732,35.04841458557449,0.9988386760727036,0,0.0
image_patches_small/0_700_41_SKSWBPWJPS_1_28_1_C_LivingDining_0,image_patches_small,image_patches_small/unclear_nostructure_noimagine,700_41_SKSWBPWJPS_1_28_1_C_LivingDining,test,To_Yukun_3DModelImageryEnhancement/To_Yukun_3DModelImageryEnhancement/s7_make_datasets/s1_trainingset/image_patches_small/unclear_nostructure_noimagine/0_700_41_SKSWBPWJPS_1_28_1_C_LivingDining_0_ori.png,To_Yukun_3DModelImageryEnhancement/To_Yukun_3DModelImageryEnhancement/s7_make_datasets/s1_trainingset/image_patches_small/unclear_nostructure_noimagine/0_700_41_SKSWBPWJPS_1_28_1_C_LivingDining_0_generated.png,True,True,True,900,900,900,900,medium,False,2.167665481567383,0.01845679012345679,18.0,34.45679661425012,0.998697942262821,36.5627489034236,0.9992481115324795,0,0.0
image_patches_small/0_838_27_SKPPWEPXPE_5_95_23_B_Living_0,image_patches_small,image_patches_small/unclear_nostructure_noimagine,838_27_SKPPWEPXPE_5_95_23_B_Living,train,To_Yukun_3DModelImageryEnhancement/To_Yukun_3DModelImageryEnhancement/s7_make_datasets/s1_trainingset/image_patches_small/unclear_nostructure_noimagine/0_838_27_SKPPWEPXPE_5_95_23_B_Living_0_ori.png,To_Yukun_3DModelImageryEnhancement/To_Yukun_3DModelImageryEnhancement/s7_make_datasets/s1_trainingset/image_patches_small/unclear_nostructure_noimagine/0_838_27_SKPPWEPXPE_5_95_23_B_Living_0_generated.png,True,True,True,900,900,900,900,severe,False,3.820333957672119,0.07271851851851852,18.0,29.610512334290732,0.996161069046917,34.967461976222054,0.9989565015461237,0,0.0
image_patches_small/100_111_10_SKADBPYRPE_3_23_25_A_Bed_0,image_patches_small,image_patches_small/unclear_nostructure_noimagine,111_10_SKADBPYRPE_3_23_25_A_Bed,train,To_Yukun_3DModelImageryEnhancement/To_Yukun_3DModelImageryEnhancement/s7_make_datasets/s1_trainingset/image_patches_small/unclear_nostructure_noimagine/100_111_10_SKADBPYRPE_3_23_25_A_Bed_0_ori.png,To_Yukun_3DModelImageryEnhancement/To_Yukun_3DModelImageryEnhancement/s7_make_datasets/s1_trainingset/image_patches_small/unclear_nostructure_noimagine/100_111_10_SKADBPYRPE_3_23_25_A_Bed_0_generated.png,True,True,True,900,900,900,900,severe,False,7.9509429931640625,0.14774444444444446,18.0,26.748811014170396,0.9376392677425784,32.09569371526972,0.9836716220537941,0,0.0
image_patches_small/100_116_10_SKADBPYRPE_3_24_11_A_Bed_0,image_patches_small,image_patches_small/unclear_nostructure_noimagine,116_10_SKADBPYRPE_3_24_11_A_Bed,test,To_Yukun_3DModelImageryEnhancement/To_Yukun_3DModelImageryEnhancement/s7_make_datasets/s1_trainingset/image_patches_small/unclear_nostructure_noimagine/100_116_10_SKADBPYRPE_3_24_11_A_Bed_0_ori.png,To_Yukun_3DModelImageryEnhancement/To_Yukun_3DModelImageryEnhancement/s7_make_datasets/s1_trainingset/image_patches_small/unclear_nostructure_noimagine/100_116_10_SKADBPYRPE_3_24_11_A_Bed_0_generated.png,True,True,True,900,900,900,900,severe,False,7.590759754180908,0.12403827160493827,18.0,27.71789137965277,0.924277692647384,31.710321251130345,0.9716485726957176,0,0.0
image_patches_small/100_229_78_TZIDZHMXHM_3_39_26_A_Utility_0,image_patches_small,image_patches_small/unclear_nostructure_noimagine,229_78_TZIDZHMXHM_3_39_26_A_Utility,train,To_Yukun_3DModelImageryEnhancement/To_Yukun_3DModelImageryEnhancement/s7_make_datasets/s1_trainingset/image_patches_small/unclear_nostructure_noimagine/100_229_78_TZIDZHMXHM_3_39_26_A_Utility_0_ori.png,To_Yukun_3DModelImageryEnhancement/To_Yukun_3DModelImageryEnhancement/s7_make_datasets/s1_trainingset/image_patches_small/unclear_nostructure_noimagine/100_229_78_TZIDZHMXHM_3_39_26_A_Utility_0_generated.png,True,True,True,900,900,900,900,severe,False,7.83640718460083,0.14070864197530863,18.0,27.42702038015493,0.8978598762858379,31.574029821162917,0.9643141234535342,0,0.0
image_patches_small/100_280_17_SKPDPPERPE_1_11_10_C_MBed_0,image_patches_small,image_patches_small/unclear_nostructure_noimagine,280_17_SKPDPPERPE_1_11_10_C_MBed,train,To_Yukun_3DModelImageryEnhancement/To_Yukun_3DModelImageryEnhancement/s7_make_datasets/s1_trainingset/image_patches_small/unclear_nostructure_noimagine/100_280_17_SKPDPPERPE_1_11_10_C_MBed_0_ori.png,To_Yukun_3DModelImageryEnhancement/To_Yukun_3DModelImageryEnhancement/s7_make_datasets/s1_trainingset/image_patches_small/unclear_nostructure_noimagine/100_280_17_SKPDPPERPE_1_11_10_C_MBed_0_generated.png,True,True,True,900,900,900,900,severe,False,5.882437705993652,0.06541481481481481,18.0,29.86066951153167,0.9113428198159781,32.41707405328646,0.9552152000279333,0,0.0
image_patches_small/100_304_17_SKPDPPERPE_1_11_34_C_MBed_0,image_patches_small,image_patches_small/unclear_nostructure_noimagine,304_17_SKPDPPERPE_1_11_34_C_MBed,train,To_Yukun_3DModelImageryEnhancement/To_Yukun_3DModelImageryEnhancement/s7_make_datasets/s1_trainingset/image_patches_small/unclear_nostructure_noimagine/100_304_17_SKPDPPERPE_1_11_34_C_MBed_0_ori.png,To_Yukun_3DModelImageryEnhancement/To_Yukun_3DModelImageryEnhancement/s7_make_datasets/s1_trainingset/image_patches_small/unclear_nostructure_noimagine/100_304_17_SKPDPPERPE_1_11_34_C_MBed_0_generated.png,True,True,True,900,900,900,900,severe,False,3.674912691116333,0.03426666666666667,18.0,31.852207674513732,0.9968728451387071,34.40408287931314,0.9984023555150923,0,0.0
image_patches_small/103_594_86_TZSMTHISHM_1_22_15_D_Bath_3,image_patches_small,image_patches_small/unclear_nostructure_noimagine,594_86_TZSMTHISHM_1_22_15_D_Bath,train,To_Yukun_3DModelImageryEnhancement/To_Yukun_3DModelImageryEnhancement/s7_make_datasets/s1_trainingset/image_patches_small/unclear_nostructure_noimagine/103_594_86_TZSMTHISHM_1_22_15_D_Bath_3_ori.png,To_Yukun_3DModelImageryEnhancement/To_Yukun_3DModelImageryEnhancement/s7_make_datasets/s1_trainingset/image_patches_small/unclear_nostructure_noimagine/103_594_86_TZSMTHISHM_1_22_15_D_Bath_3_generated.png,True,True,True,900,900,900,900,light,True,1.1628514528274536,0.023392592592592593,18.0,35.00643869254622,0.997452698378019,39.40463024838941,0.9991960156785652,0,0.0
image_patches_small/1_100_63_TTTSTHHXHM_1_6_12_B_Bed_1,image_patches_small,image_patches_small/unclear_nostructure_noimagine,100_63_TTTSTHHXHM_1_6_12_B_Bed,train,To_Yukun_3DModelImageryEnhancement/To_Yukun_3DModelImageryEnhancement/s7_make_datasets/s1_trainingset/image_patches_small/unclear_nostructure_noimagine/1_100_63_TTTSTHHXHM_1_6_12_B_Bed_1_ori.png,To_Yukun_3DModelImageryEnhancement/To_Yukun_3DModelImageryEnhancement/s7_make_datasets/s1_trainingset/image_patches_small/unclear_nostructure_noimagine/1_100_63_TTTSTHHXHM_1_6_12_B_Bed_1_generated.png,True,True,True,900,900,900,900,medium,False,1.895853877067566,0.04485925925925926,18.0,32.0335045700219,0.9927644675535181,38.37830354279353,0.9986633753696827,0,0.0
image_patches_small/1_111_10_SKADBPYRPE_3_23_25_A_Bed_1,image_patches_small,image_patches_small/unclear_nostructure_noimagine,111_10_SKADBPYRPE_3_23_25_A_Bed,train,To_Yukun_3DModelImageryEnhancement/To_Yukun_3DModelImageryEnhancement/s7_make_datasets/s1_trainingset/image_patches_small/unclear_nostructure_noimagine/1_111_10_SKADBPYRPE_3_23_25_A_Bed_1_ori.png,To_Yukun_3DModelImageryEnhancement/To_Yukun_3DModelImageryEnhancement/s7_make_datasets/s1_trainingset/image_patches_small/unclear_nostructure_noimagine/1_111_10_SKADBPYRPE_3_23_25_A_Bed_1_generated.png,True,True,True,900,900,900,900,severe,False,4.178225994110107,0.037890123456790124,18.0,31.458792284152103,0.9964297771907848,33.59984863564114,0.9979635935008773,0,0.0
image_patches_small/1_116_10_SKADBPYRPE_3_24_11_A_Bed_1,image_patches_small,image_patches_small/unclear_nostructure_noimagine,116_10_SKADBPYRPE_3_24_11_A_Bed,test,To_Yukun_3DModelImageryEnhancement/To_Yukun_3DModelImageryEnhancement/s7_make_datasets/s1_trainingset/image_patches_small/unclear_nostructure_noimagine/1_116_10_SKADBPYRPE_3_24_11_A_Bed_1_ori.png,To_Yukun_3DModelImageryEnhancement/To_Yukun_3DModelImageryEnhancement/s7_make_datasets/s1_trainingset/image_patches_small/unclear_nostructure_noimagine/1_116_10_SKADBPYRPE_3_24_11_A_Bed_1_generated.png,True,True,True,900,900,900,900,medium,False,2.96443772315979,0.011972839506172839,18.0,33.75810634678161,0.9984540337384311,34.53025446282088,0.9987266295891836,0,0.0
image_patches_small/1_152_10_SKADBPYRPE_3_25_28_A_Bed_1,image_patches_small,image_patches_small/unclear_nostructure_noimagine,152_10_SKADBPYRPE_3_25_28_A_Bed,test,To_Yukun_3DModelImageryEnhancement/To_Yukun_3DModelImageryEnhancement/s7_make_datasets/s1_trainingset/image_patches_small/unclear_nostructure_noimagine/1_152_10_SKADBPYRPE_3_25_28_A_Bed_1_ori.png,To_Yukun_3DModelImageryEnhancement/To_Yukun_3DModelImageryEnhancement/s7_make_datasets/s1_trainingset/image_patches_small/unclear_nostructure_noimagine/1_152_10_SKADBPYRPE_3_25_28_A_Bed_1_generated.png,True,True,True,900,900,900,900,medium,False,3.161740779876709,0.055302469135802466,18.0,31.122573841574237,0.9950518615269529,35.131180957179964,0.9982470176407295,0,0.0
image_patches_small/1_154_44_SSPPWBPEPK_1_12_5_E_Living_1,image_patches_small,image_patches_small/unclear_nostructure_noimagine,154_44_SSPPWBPEPK_1_12_5_E_Living,test,To_Yukun_3DModelImageryEnhancement/To_Yukun_3DModelImageryEnhancement/s7_make_datasets/s1_trainingset/image_patches_small/unclear_nostructure_noimagine/1_154_44_SSPPWBPEPK_1_12_5_E_Living_1_ori.png,To_Yukun_3DModelImageryEnhancement/To_Yukun_3DModelImageryEnhancement/s7_make_datasets/s1_trainingset/image_patches_small/unclear_nostructure_noimagine/1_154_44_SSPPWBPEPK_1_12_5_E_Living_1_generated.png,True,True,True,900,900,900,900,medium,False,1.7668535709381104,1.9753086419753087e-05,18.0,38.05934395483275,0.9996195160281162,38.0619595403147,0.9996197684711495,0,0.0
image_patches_small/2_10_72_TZDZZHIAHT_1_1_11_F_Bed_2,image_patches_small,image_patches_small/unclear_nostructure_noimagine,10_72_TZDZZHIAHT_1_1_11_F_Bed,val,To_Yukun_3DModelImageryEnhancement/To_Yukun_3DModelImageryEnhancement/s7_make_datasets/s1_trainingset/image_patches_small/unclear_nostructure_noimagine/2_10_72_TZDZZHIAHT_1_1_11_F_Bed_2_ori.png,To_Yukun_3DModelImageryEnhancement/To_Yukun_3DModelImageryEnhancement/s7_make_datasets/s1_trainingset/image_patches_small/unclear_nostructure_noimagine/2_10_72_TZDZZHIAHT_1_1_11_F_Bed_2_generated.png,True,True,True,900,900,900,900,light,True,1.3234755992889404,0.03138888888888889,18.0,34.82974549068042,0.9970947128963974,39.95618410065925,0.9992240298879751,0,0.0
image_patches_small/2_111_10_SKADBPYRPE_3_23_25_A_Bed_2,image_patches_small,image_patches_small/unclear_nostructure_noimagine,111_10_SKADBPYRPE_3_23_25_A_Bed,train,To_Yukun_3DModelImageryEnhancement/To_Yukun_3DModelImageryEnhancement/s7_make_datasets/s1_trainingset/image_patches_small/unclear_nostructure_noimagine/2_111_10_SKADBPYRPE_3_23_25_A_Bed_2_ori.png,To_Yukun_3DModelImageryEnhancement/To_Yukun_3DModelImageryEnhancement/s7_make_datasets/s1_trainingset/image_patches_small/unclear_nostructure_noimagine/2_111_10_SKADBPYRPE_3_23_25_A_Bed_2_generated.png,True,True,True,900,900,900,900,severe,False,3.691354274749756,0.10673456790123456,18.0,28.62885310775077,0.9867744654249822,37.481753493765304,0.9985585340590079,0,0.0
image_patches_small/2_116_10_SKADBPYRPE_3_24_11_A_Bed_2,image_patches_small,image_patches_small/unclear_nostructure_noimagine,116_10_SKADBPYRPE_3_24_11_A_Bed,test,To_Yukun_3DModelImageryEnhancement/To_Yukun_3DModelImageryEnhancement/s7_make_datasets/s1_trainingset/image_patches_small/unclear_nostructure_noimagine/2_116_10_SKADBPYRPE_3_24_11_A_Bed_2_ori.png,To_Yukun_3DModelImageryEnhancement/To_Yukun_3DModelImageryEnhancement/s7_make_datasets/s1_trainingset/image_patches_small/unclear_nostructure_noimagine/2_116_10_SKADBPYRPE_3_24_11_A_Bed_2_generated.png,True,True,True,900,900,900,900,severe,False,4.514359951019287,0.11028765432098765,18.0,29.051841360279408,0.993663509841906,35.091052317658566,0.9985599644097545,0,0.0
image_patches_small/2_838_27_SKPPWEPXPE_5_95_23_B_Living_2,image_patches_small,image_patches_small/unclear_nostructure_noimagine,838_27_SKPPWEPXPE_5_95_23_B_Living,train,To_Yukun_3DModelImageryEnhancement/To_Yukun_3DModelImageryEnhancement/s7_make_datasets/s1_trainingset/image_patches_small/unclear_nostructure_noimagine/2_838_27_SKPPWEPXPE_5_95_23_B_Living_2_ori.png,To_Yukun_3DModelImageryEnhancement/To_Yukun_3DModelImageryEnhancement/s7_make_datasets/s1_trainingset/image_patches_small/unclear_nostructure_noimagine/2_838_27_SKPPWEPXPE_5_95_23_B_Living_2_generated.png,True,True,True,900,900,900,900,light,True,1.206146478652954,0.015262962962962963,18.0,35.78735157431981,0.9986324047310481,39.34316266894441,0.9994344257609186,0,0.0
image_patches_small/3_100_63_TTTSTHHXHM_1_6_12_B_Bed_3,image_patches_small,image_patches_small/unclear_nostructure_noimagine,100_63_TTTSTHHXHM_1_6_12_B_Bed,train,To_Yukun_3DModelImageryEnhancement/To_Yukun_3DModelImageryEnhancement/s7_make_datasets/s1_trainingset/image_patches_small/unclear_nostructure_noimagine/3_100_63_TTTSTHHXHM_1_6_12_B_Bed_3_ori.png,To_Yukun_3DModelImageryEnhancement/To_Yukun_3DModelImageryEnhancement/s7_make_datasets/s1_trainingset/image_patches_small/unclear_nostructure_noimagine/3_100_63_TTTSTHHXHM_1_6_12_B_Bed_3_generated.png,True,True,True,900,900,900,900,light,True,1.235016107559204,0.02765679012345679,18.0,34.51205499432313,0.9972708579129507,39.951787265483894,0.9992761524738337,0,0.0
image_patches_small/4_651_3_OSRJURUXRU_1_32_8_D_Bed_4,image_patches_small,image_patches_small/unclear_nostructure_noimagine,651_3_OSRJURUXRU_1_32_8_D_Bed,train,To_Yukun_3DModelImageryEnhancement/To_Yukun_3DModelImageryEnhancement/s7_make_datasets/s1_trainingset/image_patches_small/unclear_nostructure_noimagine/4_651_3_OSRJURUXRU_1_32_8_D_Bed_4_ori.png,To_Yukun_3DModelImageryEnhancement/To_Yukun_3DModelImageryEnhancement/s7_make_datasets/s1_trainingset/image_patches_small/unclear_nostructure_noimagine/4_651_3_OSRJURUXRU_1_32_8_D_Bed_4_generated.png,True,True,True,900,900,900,900,light,True,1.095009446144104,0.013764197530864197,18.0,36.98542627617533,0.9987380601613164,39.01397316245493,0.9992588650641412,0,0.0
image_patches_small/5_100_63_TTTSTHHXHM_1_6_12_B_Bed_5,image_patches_small,image_patches_small/unclear_nostructure_noimagine,100_63_TTTSTHHXHM_1_6_12_B_Bed,train,To_Yukun_3DModelImageryEnhancement/To_Yukun_3DModelImageryEnhancement/s7_make_datasets/s1_trainingset/image_patches_small/unclear_nostructure_noimagine/5_100_63_TTTSTHHXHM_1_6_12_B_Bed_5_ori.png,To_Yukun_3DModelImageryEnhancement/To_Yukun_3DModelImageryEnhancement/s7_make_datasets/s1_trainingset/image_patches_small/unclear_nostructure_noimagine/5_100_63_TTTSTHHXHM_1_6_12_B_Bed_5_generated.png,True,True,True,900,900,900,900,medium,False,1.4615892171859741,0.038191358024691355,19.66666603088379,32.43821337071254,0.9891622749941739,40.27501216254536,0.9985325126349102,0,0.0
image_patches_small/5_594_86_TZSMTHISHM_1_22_15_D_Bath_5,image_patches_small,image_patches_small/unclear_nostructure_noimagine,594_86_TZSMTHISHM_1_22_15_D_Bath,train,To_Yukun_3DModelImageryEnhancement/To_Yukun_3DModelImageryEnhancement/s7_make_datasets/s1_trainingset/image_patches_small/unclear_nostructure_noimagine/5_594_86_TZSMTHISHM_1_22_15_D_Bath_5_ori.png,To_Yukun_3DModelImageryEnhancement/To_Yukun_3DModelImageryEnhancement/s7_make_datasets/s1_trainingset/image_patches_small/unclear_nostructure_noimagine/5_594_86_TZSMTHISHM_1_22_15_D_Bath_5_generated.png,True,True,True,900,900,900,900,light,True,0.992285966873169,0.016055555555555556,18.0,36.27255239932416,0.9979886434081371,39.56089849146704,0.9991605630755505,0,0.0
image_patches_small/6_100_63_TTTSTHHXHM_1_6_12_B_Bed_6,image_patches_small,image_patches_small/unclear_nostructure_noimagine,100_63_TTTSTHHXHM_1_6_12_B_Bed,train,To_Yukun_3DModelImageryEnhancement/To_Yukun_3DModelImageryEnhancement/s7_make_datasets/s1_trainingset/image_patches_small/unclear_nostructure_noimagine/6_100_63_TTTSTHHXHM_1_6_12_B_Bed_6_ori.png,To_Yukun_3DModelImageryEnhancement/To_Yukun_3DModelImageryEnhancement/s7_make_datasets/s1_trainingset/image_patches_small/unclear_nostructure_noimagine/6_100_63_TTTSTHHXHM_1_6_12_B_Bed_6_generated.png,True,True,True,900,900,900,900,light,True,1.0317859649658203,0.020876543209876544,18.0,35.35293517999857,0.9952410950490955,39.9353003075452,0.9986778531065196,0,0.0
image_patches_small/8_637_3_OSRJURUXRU_1_31_20_D_MBed_8,image_patches_small,image_patches_small/unclear_nostructure_noimagine,637_3_OSRJURUXRU_1_31_20_D_MBed,train,To_Yukun_3DModelImageryEnhancement/To_Yukun_3DModelImageryEnhancement/s7_make_datasets/s1_trainingset/image_patches_small/unclear_nostructure_noimagine/8_637_3_OSRJURUXRU_1_31_20_D_MBed_8_ori.png,To_Yukun_3DModelImageryEnhancement/To_Yukun_3DModelImageryEnhancement/s7_make_datasets/s1_trainingset/image_patches_small/unclear_nostructure_noimagine/8_637_3_OSRJURUXRU_1_31_20_D_MBed_8_generated.png,True,True,True,900,900,900,900,light,True,0.4483230710029602,0.005201234567901235,18.0,40.60689814244941,0.998539824014949,42.437955706441926,0.9991233665162408,0,0.0
image_pitches_large/100_0_24_SKPPWDPXPS_1_1_6_A_LivingDining_0,image_pitches_large,image_pitches_large,0_24_SKPPWDPXPS_1_1_6_A_LivingDining,train,To_Yukun_3DModelImageryEnhancement/To_Yukun_3DModelImageryEnhancement/s7_make_datasets/s1_trainingset/image_pitches_large/0_24_SKPPWDPXPS_1_1_6_A_LivingDining/100_0_24_SKPPWDPXPS_1_1_6_A_LivingDining_0_ori.png,To_Yukun_3DModelImageryEnhancement/To_Yukun_3DModelImageryEnhancement/s7_make_datasets/s1_trainingset/image_pitches_large/0_24_SKPPWDPXPS_1_1_6_A_LivingDining/100_0_24_SKPPWDPXPS_1_1_6_A_LivingDining_0_generated.png,True,True,True,900,900,900,900,severe,False,10.652507781982422,0.28085679012345677,20.33333396911621,23.52260900372353,0.9695390278880153,32.14508401784812,0.9963193072889707,0,0.0
image_pitches_large/101_0_93_TZTNIHIYHM_1_1_2_A_MBed_1,image_pitches_large,image_pitches_large,0_93_TZTNIHIYHM_1_1_2_A_MBed,train,To_Yukun_3DModelImageryEnhancement/To_Yukun_3DModelImageryEnhancement/s7_make_datasets/s1_trainingset/image_pitches_large/0_93_TZTNIHIYHM_1_1_2_A_MBed/101_0_93_TZTNIHIYHM_1_1_2_A_MBed_1_ori.png,To_Yukun_3DModelImageryEnhancement/To_Yukun_3DModelImageryEnhancement/s7_make_datasets/s1_trainingset/image_pitches_large/0_93_TZTNIHIYHM_1_1_2_A_MBed/101_0_93_TZTNIHIYHM_1_1_2_A_MBed_1_generated.png,True,True,True,900,900,900,900,medium,False,2.890106201171875,0.05266543209876543,32.66666793823242,26.909797293218034,0.978199210162542,36.33104852511646,0.9977130821634443,0,0.0
image_pitches_large/102_0_93_TZTNIHIYHM_1_1_2_A_MBed_2,image_pitches_large,image_pitches_large,0_93_TZTNIHIYHM_1_1_2_A_MBed,train,To_Yukun_3DModelImageryEnhancement/To_Yukun_3DModelImageryEnhancement/s7_make_datasets/s1_trainingset/image_pitches_large/0_93_TZTNIHIYHM_1_1_2_A_MBed/102_0_93_TZTNIHIYHM_1_1_2_A_MBed_2_ori.png,To_Yukun_3DModelImageryEnhancement/To_Yukun_3DModelImageryEnhancement/s7_make_datasets/s1_trainingset/image_pitches_large/0_93_TZTNIHIYHM_1_1_2_A_MBed/102_0_93_TZTNIHIYHM_1_1_2_A_MBed_2_generated.png,True,True,True,900,900,900,900,medium,False,2.2012510299682617,0.06443703703703704,22.0,29.960039254271976,0.9910034741119873,40.385008695824254,0.9992756583275445,0,0.0
image_pitches_large/201_0_93_TZTNIHIYHM_1_1_2_A_MBed_1,image_pitches_large,image_pitches_large,0_93_TZTNIHIYHM_1_1_2_A_MBed,train,To_Yukun_3DModelImageryEnhancement/To_Yukun_3DModelImageryEnhancement/s7_make_datasets/s1_trainingset/image_pitches_large/0_93_TZTNIHIYHM_1_1_2_A_MBed/201_0_93_TZTNIHIYHM_1_1_2_A_MBed_1_ori.png,To_Yukun_3DModelImageryEnhancement/To_Yukun_3DModelImageryEnhancement/s7_make_datasets/s1_trainingset/image_pitches_large/0_93_TZTNIHIYHM_1_1_2_A_MBed/201_0_93_TZTNIHIYHM_1_1_2_A_MBed_1_generated.png,True,True,True,900,900,900,900,medium,False,3.1566781997680664,0.055462962962962964,38.0,26.47552519856972,0.9754230789553704,35.63839118013639,0.9972799213588063,0,0.0
image_pitches_large/202_0_93_TZTNIHIYHM_1_1_2_A_MBed_2,image_pitches_large,image_pitches_large,0_93_TZTNIHIYHM_1_1_2_A_MBed,train,To_Yukun_3DModelImageryEnhancement/To_Yukun_3DModelImageryEnhancement/s7_make_datasets/s1_trainingset/image_pitches_large/0_93_TZTNIHIYHM_1_1_2_A_MBed/202_0_93_TZTNIHIYHM_1_1_2_A_MBed_2_ori.png,To_Yukun_3DModelImageryEnhancement/To_Yukun_3DModelImageryEnhancement/s7_make_datasets/s1_trainingset/image_pitches_large/0_93_TZTNIHIYHM_1_1_2_A_MBed/202_0_93_TZTNIHIYHM_1_1_2_A_MBed_2_generated.png,True,True,True,900,900,900,900,medium,False,2.576209783554077,0.0654641975308642,26.0,28.97706759911056,0.9888056850474292,38.57059667725802,0.9988918925422658,0,0.0
image_pitches_large/100_1007_11_SKBKBPEAPE_1_106_36_G_Bed_0,image_pitches_large,image_pitches_large,1007_11_SKBKBPEAPE_1_106_36_G_Bed,train,To_Yukun_3DModelImageryEnhancement/To_Yukun_3DModelImageryEnhancement/s7_make_datasets/s1_trainingset/image_pitches_large/1007_11_SKBKBPEAPE_1_106_36_G_Bed/100_1007_11_SKBKBPEAPE_1_106_36_G_Bed_0_ori.png,To_Yukun_3DModelImageryEnhancement/To_Yukun_3DModelImageryEnhancement/s7_make_datasets/s1_trainingset/image_pitches_large/1007_11_SKBKBPEAPE_1_106_36_G_Bed/100_1007_11_SKBKBPEAPE_1_106_36_G_Bed_0_generated.png,True,True,True,900,900,900,900,severe,False,5.896296501159668,0.1509753086419753,29.66666603088379,25.14578980646999,0.9791078941322033,33.906274264977476,0.9975767119730441,0,0.0
image_pitches_large/100_100_63_TTTSTHHXHM_1_6_12_B_Bed_0,image_pitches_large,image_pitches_large,100_63_TTTSTHHXHM_1_6_12_B_Bed,train,To_Yukun_3DModelImageryEnhancement/To_Yukun_3DModelImageryEnhancement/s7_make_datasets/s1_trainingset/image_pitches_large/100_63_TTTSTHHXHM_1_6_12_B_Bed/100_100_63_TTTSTHHXHM_1_6_12_B_Bed_0_ori.png,To_Yukun_3DModelImageryEnhancement/To_Yukun_3DModelImageryEnhancement/s7_make_datasets/s1_trainingset/image_pitches_large/100_63_TTTSTHHXHM_1_6_12_B_Bed/100_100_63_TTTSTHHXHM_1_6_12_B_Bed_0_generated.png,True,True,True,900,900,900,900,severe,False,11.02852725982666,0.28892716049382716,18.0,24.19859856708063,0.9448278604107865,31.35580703294416,0.991414388277983,0,0.0
image_pitches_large/100_102_10_SKADBPYRPE_3_23_16_A_Bed_0,image_pitches_large,image_pitches_large,102_10_SKADBPYRPE_3_23_16_A_Bed,train,To_Yukun_3DModelImageryEnhancement/To_Yukun_3DModelImageryEnhancement/s7_make_datasets/s1_trainingset/image_pitches_large/102_10_SKADBPYRPE_3_23_16_A_Bed/100_102_10_SKADBPYRPE_3_23_16_A_Bed_0_ori.png,To_Yukun_3DModelImageryEnhancement/To_Yukun_3DModelImageryEnhancement/s7_make_datasets/s1_trainingset/image_pitches_large/102_10_SKADBPYRPE_3_23_16_A_Bed/100_102_10_SKADBPYRPE_3_23_16_A_Bed_0_generated.png,True,True,True,900,900,900,900,severe,False,7.3349504470825195,0.12086666666666666,18.0,27.87819010027953,0.9286592006881916,31.963532854516412,0.9741876814451496,0,0.0
image_pitches_large/100_10_61_TTNTIHLEHM_1_1_12_A_Bed_0,image_pitches_large,image_pitches_large,10_61_TTNTIHLEHM_1_1_12_A_Bed,test,To_Yukun_3DModelImageryEnhancement/To_Yukun_3DModelImageryEnhancement/s7_make_datasets/s1_trainingset/image_pitches_large/10_61_TTNTIHLEHM_1_1_12_A_Bed/100_10_61_TTNTIHLEHM_1_1_12_A_Bed_0_ori.png,To_Yukun_3DModelImageryEnhancement/To_Yukun_3DModelImageryEnhancement/s7_make_datasets/s1_trainingset/image_pitches_large/10_61_TTNTIHLEHM_1_1_12_A_Bed/100_10_61_TTNTIHLEHM_1_1_12_A_Bed_0_generated.png,True,True,True,900,900,900,900,medium,False,3.607872724533081,0.1145320987654321,18.0,28.17762766714641,0.9934709461058753,38.706622074565225,0.9995626588644302,0,0.0
image_pitches_large/101_10_61_TTNTIHLEHM_1_1_12_A_Bed_1,image_pitches_large,image_pitches_large,10_61_TTNTIHLEHM_1_1_12_A_Bed,test,To_Yukun_3DModelImageryEnhancement/To_Yukun_3DModelImageryEnhancement/s7_make_datasets/s1_trainingset/image_pitches_large/10_61_TTNTIHLEHM_1_1_12_A_Bed/101_10_61_TTNTIHLEHM_1_1_12_A_Bed_1_ori.png,To_Yukun_3DModelImageryEnhancement/To_Yukun_3DModelImageryEnhancement/s7_make_datasets/s1_trainingset/image_pitches_large/10_61_TTNTIHLEHM_1_1_12_A_Bed/101_10_61_TTNTIHLEHM_1_1_12_A_Bed_1_generated.png,True,True,True,900,900,900,900,medium,False,2.8873085975646973,0.1041716049382716,18.0,30.076936616261364,0.9949511692396396,38.472081720945816,0.9993600725943858,0,0.0
image_pitches_large/100_10_72_TZDZZHIAHT_1_1_11_F_Bed_0,image_pitches_large,image_pitches_large,10_72_TZDZZHIAHT_1_1_11_F_Bed,val,To_Yukun_3DModelImageryEnhancement/To_Yukun_3DModelImageryEnhancement/s7_make_datasets/s1_trainingset/image_pitches_large/10_72_TZDZZHIAHT_1_1_11_F_Bed/100_10_72_TZDZZHIAHT_1_1_11_F_Bed_0_ori.png,To_Yukun_3DModelImageryEnhancement/To_Yukun_3DModelImageryEnhancement/s7_make_datasets/s1_trainingset/image_pitches_large/10_72_TZDZZHIAHT_1_1_11_F_Bed/100_10_72_TZDZZHIAHT_1_1_11_F_Bed_0_generated.png,True,True,True,900,900,900,900,severe,False,6.416211128234863,0.1426679012345679,18.0,26.956083345049315,0.9890819598801308,33.18301145775092,0.9977601328522763,0,0.0
image_pitches_large/100_111_10_SKADBPYRPE_3_23_25_A_Bed_0,image_pitches_large,image_pitches_large,111_10_SKADBPYRPE_3_23_25_A_Bed,train,To_Yukun_3DModelImageryEnhancement/To_Yukun_3DModelImageryEnhancement/s7_make_datasets/s1_trainingset/image_pitches_large/111_10_SKADBPYRPE_3_23_25_A_Bed/100_111_10_SKADBPYRPE_3_23_25_A_Bed_0_ori.png,To_Yukun_3DModelImageryEnhancement/To_Yukun_3DModelImageryEnhancement/s7_make_datasets/s1_trainingset/image_pitches_large/111_10_SKADBPYRPE_3_23_25_A_Bed/100_111_10_SKADBPYRPE_3_23_25_A_Bed_0_generated.png,True,True,True,900,900,900,900,severe,False,7.9509429931640625,0.14774444444444446,18.0,26.748811014170396,0.9376392677425784,32.09569371526972,0.9836716220537941,0,0.0
image_pitches_large/100_112_41_SKSWBPWJPS_1_5_1_A_Bed_0,image_pitches_large,image_pitches_large,112_41_SKSWBPWJPS_1_5_1_A_Bed,train,To_Yukun_3DModelImageryEnhancement/To_Yukun_3DModelImageryEnhancement/s7_make_datasets/s1_trainingset/image_pitches_large/112_41_SKSWBPWJPS_1_5_1_A_Bed/100_112_41_SKSWBPWJPS_1_5_1_A_Bed_0_ori.png,To_Yukun_3DModelImageryEnhancement/To_Yukun_3DModelImageryEnhancement/s7_make_datasets/s1_trainingset/image_pitches_large/112_41_SKSWBPWJPS_1_5_1_A_Bed/100_112_41_SKSWBPWJPS_1_5_1_A_Bed_0_generated.png,True,True,True,900,900,900,900,severe,False,11.76626205444336,0.33033703703703704,18.66666603088379,23.806925151692152,0.9246765173608082,31.922833916379503,0.9896086882945672,0,0.0
image_pitches_large/100_113_41_SKSWBPWJPS_1_5_2_A_Bed_0,image_pitches_large,image_pitches_large,113_41_SKSWBPWJPS_1_5_2_A_Bed,train,To_Yukun_3DModelImageryEnhancement/To_Yukun_3DModelImageryEnhancement/s7_make_datasets/s1_trainingset/image_pitches_large/113_41_SKSWBPWJPS_1_5_2_A_Bed/100_113_41_SKSWBPWJPS_1_5_2_A_Bed_0_ori.png,To_Yukun_3DModelImageryEnhancement/To_Yukun_3DModelImageryEnhancement/s7_make_datasets/s1_trainingset/image_pitches_large/113_41_SKSWBPWJPS_1_5_2_A_Bed/100_113_41_SKSWBPWJPS_1_5_2_A_Bed_0_generated.png,True,True,True,900,900,900,900,severe,False,12.397073745727539,0.3548037037037037,19.0,23.484504405792027,0.828473801397701,31.76325186452609,0.9771502565622703,0,0.0
image_pitches_large/100_1145_30_SKPPWKPEPE_2_50_47_C_Bed_0,image_pitches_large,image_pitches_large,1145_30_SKPPWKPEPE_2_50_47_C_Bed,train,To_Yukun_3DModelImageryEnhancement/To_Yukun_3DModelImageryEnhancement/s7_make_datasets/s1_trainingset/image_pitches_large/1145_30_SKPPWKPEPE_2_50_47_C_Bed/100_1145_30_SKPPWKPEPE_2_50_47_C_Bed_0_ori.png,To_Yukun_3DModelImageryEnhancement/To_Yukun_3DModelImageryEnhancement/s7_make_datasets/s1_trainingset/image_pitches_large/1145_30_SKPPWKPEPE_2_50_47_C_Bed/100_1145_30_SKPPWKPEPE_2_50_47_C_Bed_0_generated.png,True,True,True,900,900,900,900,severe,False,4.706042766571045,0.1713901234567901,19.66666603088379,27.663814863477118,0.9927159410660601,36.34181581833225,0.9992047202883372,0,0.0
image_pitches_large/100_116_10_SKADBPYRPE_3_24_11_A_Bed_0,image_pitches_large,image_pitches_large,116_10_SKADBPYRPE_3_24_11_A_Bed,test,To_Yukun_3DModelImageryEnhancement/To_Yukun_3DModelImageryEnhancement/s7_make_datasets/s1_trainingset/image_pitches_large/116_10_SKADBPYRPE_3_24_11_A_Bed/100_116_10_SKADBPYRPE_3_24_11_A_Bed_0_ori.png,To_Yukun_3DModelImageryEnhancement/To_Yukun_3DModelImageryEnhancement/s7_make_datasets/s1_trainingset/image_pitches_large/116_10_SKADBPYRPE_3_24_11_A_Bed/100_116_10_SKADBPYRPE_3_24_11_A_Bed_0_generated.png,True,True,True,900,900,900,900,severe,False,7.590759754180908,0.12403827160493827,18.0,27.71789137965277,0.924277692647384,31.710321251130345,0.9716485726957176,0,0.0
image_pitches_large/100_11_5_OSRRQRUXUU_1_2_1_A_Bed_0,image_pitches_large,image_pitches_large,11_5_OSRRQRUXUU_1_2_1_A_Bed,train,To_Yukun_3DModelImageryEnhancement/To_Yukun_3DModelImageryEnhancement/s7_make_datasets/s1_trainingset/image_pitches_large/11_5_OSRRQRUXUU_1_2_1_A_Bed/100_11_5_OSRRQRUXUU_1_2_1_A_Bed_0_ori.png,To_Yukun_3DModelImageryEnhancement/To_Yukun_3DModelImageryEnhancement/s7_make_datasets/s1_trainingset/image_pitches_large/11_5_OSRRQRUXUU_1_2_1_A_Bed/100_11_5_OSRRQRUXUU_1_2_1_A_Bed_0_generated.png,True,True,True,900,900,900,900,medium,False,2.350132942199707,0.047322222222222224,34.33333206176758,28.26263026992909,0.9784797840196464,36.828615336112826,0.9972310411243258,0,0.0
image_pitches_large/101_11_5_OSRRQRUXUU_1_2_1_A_Bed_1,image_pitches_large,image_pitches_large,11_5_OSRRQRUXUU_1_2_1_A_Bed,train,To_Yukun_3DModelImageryEnhancement/To_Yukun_3DModelImageryEnhancement/s7_make_datasets/s1_trainingset/image_pitches_large/11_5_OSRRQRUXUU_1_2_1_A_Bed/101_11_5_OSRRQRUXUU_1_2_1_A_Bed_1_ori.png,To_Yukun_3DModelImageryEnhancement/To_Yukun_3DModelImageryEnhancement/s7_make_datasets/s1_trainingset/image_pitches_large/11_5_OSRRQRUXUU_1_2_1_A_Bed/101_11_5_OSRRQRUXUU_1_2_1_A_Bed_1_generated.png,True,True,True,900,900,900,900,light,False,0.38889753818511963,0.006788888888888889,41.0,35.34742485840426,0.9841110315457607,44.14466225207569,0.9979909408112958,0,0.0
image_pitches_large/103_11_5_OSRRQRUXUU_1_2_1_A_Bed_3,image_pitches_large,image_pitches_large,11_5_OSRRQRUXUU_1_2_1_A_Bed,train,To_Yukun_3DModelImageryEnhancement/To_Yukun_3DModelImageryEnhancement/s7_make_datasets/s1_trainingset/image_pitches_large/11_5_OSRRQRUXUU_1_2_1_A_Bed/103_11_5_OSRRQRUXUU_1_2_1_A_Bed_3_ori.png,To_Yukun_3DModelImageryEnhancement/To_Yukun_3DModelImageryEnhancement/s7_make_datasets/s1_trainingset/image_pitches_large/11_5_OSRRQRUXUU_1_2_1_A_Bed/103_11_5_OSRRQRUXUU_1_2_1_A_Bed_3_generated.png,True,True,True,900,900,900,900,light,False,0.1534012258052826,0.0020901234567901232,46.0,39.87280249553643,0.9583274090682193,46.19046937806141,0.9917085812098434,0,0.0
image_pitches_large/100_11_61_TTNTIHLEHM_1_1_13_A_Bed_0,image_pitches_large,image_pitches_large,11_61_TTNTIHLEHM_1_1_13_A_Bed,train,To_Yukun_3DModelImageryEnhancement/To_Yukun_3DModelImageryEnhancement/s7_make_datasets/s1_trainingset/image_pitches_large/11_61_TTNTIHLEHM_1_1_13_A_Bed/100_11_61_TTNTIHLEHM_1_1_13_A_Bed_0_ori.png,To_Yukun_3DModelImageryEnhancement/To_Yukun_3DModelImageryEnhancement/s7_make_datasets/s1_trainingset/image_pitches_large/11_61_TTNTIHLEHM_1_1_13_A_Bed/100_11_61_TTNTIHLEHM_1_1_13_A_Bed_0_generated.png,True,True,True,900,900,900,900,medium,False,3.375603199005127,0.11768148148148148,18.0,28.935413113299294,0.9944554460323772,38.82126293588655,0.9995500450705245,0,0.0
image_pitches_large/101_11_61_TTNTIHLEHM_1_1_13_A_Bed_1,image_pitches_large,image_pitches_large,11_61_TTNTIHLEHM_1_1_13_A_Bed,train,To_Yukun_3DModelImageryEnhancement/To_Yukun_3DModelImageryEnhancement/s7_make_datasets/s1_trainingset/image_pitches_large/11_61_TTNTIHLEHM_1_1_13_A_Bed/101_11_61_TTNTIHLEHM_1_1_13_A_Bed_1_ori.png,To_Yukun_3DModelImageryEnhancement/To_Yukun_3DModelImageryEnhancement/s7_make_datasets/s1_trainingset/image_pitches_large/11_61_TTNTIHLEHM_1_1_13_A_Bed/101_11_61_TTNTIHLEHM_1_1_13_A_Bed_1_generated.png,True,True,True,900,900,900,900,medium,False,3.0966334342956543,0.09727530864197531,19.0,28.920306445638477,0.9932457256895103,38.25343441304847,0.999300459054758,0,0.0
image_pitches_large/100_120_17_SKPDPPERPE_1_5_18_A_MBed_0,image_pitches_large,image_pitches_large,120_17_SKPDPPERPE_1_5_18_A_MBed,val,To_Yukun_3DModelImageryEnhancement/To_Yukun_3DModelImageryEnhancement/s7_make_datasets/s1_trainingset/image_pitches_large/120_17_SKPDPPERPE_1_5_18_A_MBed/100_120_17_SKPDPPERPE_1_5_18_A_MBed_0_ori.png,To_Yukun_3DModelImageryEnhancement/To_Yukun_3DModelImageryEnhancement/s7_make_datasets/s1_trainingset/image_pitches_large/120_17_SKPDPPERPE_1_5_18_A_MBed/100_120_17_SKPDPPERPE_1_5_18_A_MBed_0_generated.png,True,True,True,900,900,900,900,medium,False,2.359025239944458,0.07065185185185185,18.0,30.680444379685447,0.9931093552729281,38.432349014970356,0.9991006319929452,0,0.0
image_pitches_large/101_120_17_SKPDPPERPE_1_5_18_A_MBed_1,image_pitches_large,image_pitches_large,120_17_SKPDPPERPE_1_5_18_A_MBed,val,To_Yukun_3DModelImageryEnhancement/To_Yukun_3DModelImageryEnhancement/s7_make_datasets/s1_trainingset/image_pitches_large/120_17_SKPDPPERPE_1_5_18_A_MBed/101_120_17_SKPDPPERPE_1_5_18_A_MBed_1_ori.png,To_Yukun_3DModelImageryEnhancement/To_Yukun_3DModelImageryEnhancement/s7_make_datasets/s1_trainingset/image_pitches_large/120_17_SKPDPPERPE_1_5_18_A_MBed/101_120_17_SKPDPPERPE_1_5_18_A_MBed_1_generated.png,True,True,True,900,900,900,900,severe,False,3.884965419769287,0.1247358024691358,18.0,29.49917072728892,0.995305509172941,36.14461463621559,0.9991308491930254,0,0.0
image_pitches_large/102_120_17_SKPDPPERPE_1_5_18_A_MBed_2,image_pitches_large,image_pitches_large,120_17_SKPDPPERPE_1_5_18_A_MBed,val,To_Yukun_3DModelImageryEnhancement/To_Yukun_3DModelImageryEnhancement/s7_make_datasets/s1_trainingset/image_pitches_large/120_17_SKPDPPERPE_1_5_18_A_MBed/102_120_17_SKPDPPERPE_1_5_18_A_MBed_2_ori.png,To_Yukun_3DModelImageryEnhancement/To_Yukun_3DModelImageryEnhancement/s7_make_datasets/s1_trainingset/image_pitches_large/120_17_SKPDPPERPE_1_5_18_A_MBed/102_120_17_SKPDPPERPE_1_5_18_A_MBed_2_generated.png,True,True,True,900,900,900,900,medium,False,1.856674075126648,0.046874074074074075,33.33333206176758,29.655304725617896,0.980431039143374,38.79877203441234,0.9979310210446637,0,0.0
image_pitches_large/100_120_41_SKSWBPWJPS_1_5_9_A_Bed_0,image_pitches_large,image_pitches_large,120_41_SKSWBPWJPS_1_5_9_A_Bed,train,To_Yukun_3DModelImageryEnhancement/To_Yukun_3DModelImageryEnhancement/s7_make_datasets/s1_trainingset/image_pitches_large/120_41_SKSWBPWJPS_1_5_9_A_Bed/100_120_41_SKSWBPWJPS_1_5_9_A_Bed_0_ori.png,To_Yukun_3DModelImageryEnhancement/To_Yukun_3DModelImageryEnhancement/s7_make_datasets/s1_trainingset/image_pitches_large/120_41_SKSWBPWJPS_1_5_9_A_Bed/100_120_41_SKSWBPWJPS_1_5_9_A_Bed_0_generated.png,True,True,True,900,900,900,900,severe,False,11.09487247467041,0.2552506172839506,26.33333396911621,22.567081737621656,0.9697978220453505,31.053247062461267,0.9961293823429563,0,0.0
image_pitches_large/101_120_41_SKSWBPWJPS_1_5_9_A_Bed_1,image_pitches_large,image_pitches_large,120_41_SKSWBPWJPS_1_5_9_A_Bed,train,To_Yukun_3DModelImageryEnhancement/To_Yukun_3DModelImageryEnhancement/s7_make_datasets/s1_trainingset/image_pitches_large/120_41_SKSWBPWJPS_1_5_9_A_Bed/101_120_41_SKSWBPWJPS_1_5_9_A_Bed_1_ori.png,To_Yukun_3DModelImageryEnhancement/To_Yukun_3DModelImageryEnhancement/s7_make_datasets/s1_trainingset/image_pitches_large/120_41_SKSWBPWJPS_1_5_9_A_Bed/101_120_41_SKSWBPWJPS_1_5_9_A_Bed_1_generated.png,True,True,True,900,900,900,900,light,False,0.547385573387146,0.018533333333333332,18.0,37.75922187128941,0.9949205593216359,45.1311631038311,0.9991766082729373,0,0.0
image_pitches_large/100_122_17_SKPDPPERPE_1_5_20_A_MBed_0,image_pitches_large,image_pitches_large,122_17_SKPDPPERPE_1_5_20_A_MBed,test,To_Yukun_3DModelImageryEnhancement/To_Yukun_3DModelImageryEnhancement/s7_make_datasets/s1_trainingset/image_pitches_large/122_17_SKPDPPERPE_1_5_20_A_MBed/100_122_17_SKPDPPERPE_1_5_20_A_MBed_0_ori.png,To_Yukun_3DModelImageryEnhancement/To_Yukun_3DModelImageryEnhancement/s7_make_datasets/s1_trainingset/image_pitches_large/122_17_SKPDPPERPE_1_5_20_A_MBed/100_122_17_SKPDPPERPE_1_5_20_A_MBed_0_generated.png,True,True,True,900,900,900,900,medium,False,2.335155963897705,0.07332839506172839,18.0,30.663183118609076,0.9927366875670891,38.94013985325286,0.9991303337826449,0,0.0
image_pitches_large/101_122_17_SKPDPPERPE_1_5_20_A_MBed_1,image_pitches_large,image_pitches_large,122_17_SKPDPPERPE_1_5_20_A_MBed,test,To_Yukun_3DModelImageryEnhancement/To_Yukun_3DModelImageryEnhancement/s7_make_datasets/s1_trainingset/image_pitches_large/122_17_SKPDPPERPE_1_5_20_A_MBed/101_122_17_SKPDPPERPE_1_5_20_A_MBed_1_ori.png,To_Yukun_3DModelImageryEnhancement/To_Yukun_3DModelImageryEnhancement/s7_make_datasets/s1_trainingset/image_pitches_large/122_17_SKPDPPERPE_1_5_20_A_MBed/101_122_17_SKPDPPERPE_1_5_20_A_MBed_1_generated.png,True,True,True,900,900,900,900,severe,False,4.391380786895752,0.14513703703703704,18.0,28.589068493425263,0.993881882035735,35.8828665881909,0.9990028841632298,0,0.0
image_pitches_large/102_122_17_SKPDPPERPE_1_5_20_A_MBed_2,image_pitches_large,image_pitches_large,122_17_SKPDPPERPE_1_5_20_A_MBed,test,To_Yukun_3DModelImageryEnhancement/To_Yukun_3DModelImageryEnhancement/s7_make_datasets/s1_trainingset/image_pitches_large/122_17_SKPDPPERPE_1_5_20_A_MBed/102_122_17_SKPDPPERPE_1_5_20_A_MBed_2_ori.png,To_Yukun_3DModelImageryEnhancement/To_Yukun_3DModelImageryEnhancement/s7_make_datasets/s1_trainingset/image_pitches_large/122_17_SKPDPPERPE_1_5_20_A_MBed/102_122_17_SKPDPPERPE_1_5_20_A_MBed_2_generated.png,True,True,True,900,900,900,900,medium,False,1.979607105255127,0.04804074074074074,37.33333206176758,29.18866662308418,0.977143251165025,38.76509272291848,0.9977510552175486,0,0.0
image_pitches_large/100_126_17_SKPDPPERPE_1_5_24_A_MBed_0,image_pitches_large,image_pitches_large,126_17_SKPDPPERPE_1_5_24_A_MBed,val,To_Yukun_3DModelImageryEnhancement/To_Yukun_3DModelImageryEnhancement/s7_make_datasets/s1_trainingset/image_pitches_large/126_17_SKPDPPERPE_1_5_24_A_MBed/100_126_17_SKPDPPERPE_1_5_24_A_MBed_0_ori.png,To_Yukun_3DModelImageryEnhancement/To_Yukun_3DModelImageryEnhancement/s7_make_datasets/s1_trainingset/image_pitches_large/126_17_SKPDPPERPE_1_5_24_A_MBed/100_126_17_SKPDPPERPE_1_5_24_A_MBed_0_generated.png,True,True,True,900,900,900,900,severe,False,7.66352653503418,0.2582987654320988,18.0,25.841343071401425,0.9851895061083809,33.950513598761894,0.9981451190914616,0,0.0
image_pitches_large/101_126_17_SKPDPPERPE_1_5_24_A_MBed_1,image_pitches_large,image_pitches_large,126_17_SKPDPPERPE_1_5_24_A_MBed,val,To_Yukun_3DModelImageryEnhancement/To_Yukun_3DModelImageryEnhancement/s7_make_datasets/s1_trainingset/image_pitches_large/126_17_SKPDPPERPE_1_5_24_A_MBed/101_126_17_SKPDPPERPE_1_5_24_A_MBed_1_ori.png,To_Yukun_3DModelImageryEnhancement/To_Yukun_3DModelImageryEnhancement/s7_make_datasets/s1_trainingset/image_pitches_large/126_17_SKPDPPERPE_1_5_24_A_MBed/101_126_17_SKPDPPERPE_1_5_24_A_MBed_1_generated.png,True,True,True,900,900,900,900,light,False,0.6550123691558838,0.01630246913580247,33.33333206176758,34.05931071390668,0.9805982641617345,43.34410610252035,0.9979345347537893,0,0.0
image_pitches_large/102_126_17_SKPDPPERPE_1_5_24_A_MBed_2,image_pitches_large,image_pitches_large,126_17_SKPDPPERPE_1_5_24_A_MBed,val,To_Yukun_3DModelImageryEnhancement/To_Yukun_3DModelImageryEnhancement/s7_make_datasets/s1_trainingset/image_pitches_large/126_17_SKPDPPERPE_1_5_24_A_MBed/102_126_17_SKPDPPERPE_1_5_24_A_MBed_2_ori.png,To_Yukun_3DModelImageryEnhancement/To_Yukun_3DModelImageryEnhancement/s7_make_datasets/s1_trainingset/image_pitches_large/126_17_SKPDPPERPE_1_5_24_A_MBed/102_126_17_SKPDPPERPE_1_5_24_A_MBed_2_generated.png,True,True,True,900,900,900,900,light,False,0.4824259281158447,0.010466666666666668,41.66666793823242,34.77925677421793,0.973922597477035,44.11909365189104,0.9973038789355483,0,0.0
image_pitches_large/100_126_27_SKPPWEPXPE_2_32_17_B_Living_0,image_pitches_large,image_pitches_large,126_27_SKPPWEPXPE_2_32_17_B_Living,val,To_Yukun_3DModelImageryEnhancement/To_Yukun_3DModelImageryEnhancement/s7_make_datasets/s1_trainingset/image_pitches_large/126_27_SKPPWEPXPE_2_32_17_B_Living/100_126_27_SKPPWEPXPE_2_32_17_B_Living_0_ori.png,To_Yukun_3DModelImageryEnhancement/To_Yukun_3DModelImageryEnhancement/s7_make_datasets/s1_trainingset/image_pitches_large/126_27_SKPPWEPXPE_2_32_17_B_Living/100_126_27_SKPPWEPXPE_2_32_17_B_Living_0_generated.png,True,True,True,900,900,900,900,severe,False,4.337705135345459,0.10968518518518519,18.0,29.032547075230525,0.9954870468623306,34.95939521537204,0.9989646014053931,0,0.0
image_pitches_large/100_12_86_TZSMTHISHM_1_1_13_A_LivingDining_0,image_pitches_large,image_pitches_large,12_86_TZSMTHISHM_1_1_13_A_LivingDining,test,To_Yukun_3DModelImageryEnhancement/To_Yukun_3DModelImageryEnhancement/s7_make_datasets/s1_trainingset/image_pitches_large/12_86_TZSMTHISHM_1_1_13_A_LivingDining/100_12_86_TZSMTHISHM_1_1_13_A_LivingDining_0_ori.png,To_Yukun_3DModelImageryEnhancement/To_Yukun_3DModelImageryEnhancement/s7_make_datasets/s1_trainingset/image_pitches_large/12_86_TZSMTHISHM_1_1_13_A_LivingDining/100_12_86_TZSMTHISHM_1_1_13_A_LivingDining_0_generated.png,True,True,True,900,900,900,900,severe,False,5.0326008796691895,0.11520123456790124,21.0,26.881133618435893,0.9846418041342703,34.48436349691802,0.9977631586737188,0,0.0
image_pitches_large/100_1314_25_SKPPWEPEPE_2_51_8_B_Living_0,image_pitches_large,image_pitches_large,1314_25_SKPPWEPEPE_2_51_8_B_Living,test,To_Yukun_3DModelImageryEnhancement/To_Yukun_3DModelImageryEnhancement/s7_make_datasets/s1_trainingset/image_pitches_large/1314_25_SKPPWEPEPE_2_51_8_B_Living/100_1314_25_SKPPWEPEPE_2_51_8_B_Living_0_ori.png,To_Yukun_3DModelImageryEnhancement/To_Yukun_3DModelImageryEnhancement/s7_make_datasets/s1_trainingset/image_pitches_large/1314_25_SKPPWEPEPE_2_51_8_B_Living/100_1314_25_SKPPWEPEPE_2_51_8_B_Living_0_generated.png,True,True,True,900,900,900,900,severe,False,12.349249839782715,0.33825555555555553,20.66666603088379,22.47563360280394,0.9521443737663139,31.721988763039185,0.9951658768066184,0,0.0
image_pitches_large/100_1325_56_SSPPWYPXPS_1_26_11_G_Living_0,image_pitches_large,image_pitches_large,1325_56_SSPPWYPXPS_1_26_11_G_Living,train,To_Yukun_3DModelImageryEnhancement/To_Yukun_3DModelImageryEnhancement/s7_make_datasets/s1_trainingset/image_pitches_large/1325_56_SSPPWYPXPS_1_26_11_G_Living/100_1325_56_SSPPWYPXPS_1_26_11_G_Living_0_ori.png,To_Yukun_3DModelImageryEnhancement/To_Yukun_3DModelImageryEnhancement/s7_make_datasets/s1_trainingset/image_pitches_large/1325_56_SSPPWYPXPS_1_26_11_G_Living/100_1325_56_SSPPWYPXPS_1_26_11_G_Living_0_generated.png,True,True,True,900,900,900,900,severe,False,6.453668594360352,0.1714604938271605,19.66666603088379,24.57080457015077,0.9867385508881356,35.15522239905938,0.9990862082944589,0,0.0
image_pitches_large/101_132_10_SKADBPYRPE_3_24_27_A_Bed_1,image_pitches_large,image_pitches_large,132_10_SKADBPYRPE_3_24_27_A_Bed,val,To_Yukun_3DModelImageryEnhancement/To_Yukun_3DModelImageryEnhancement/s7_make_datasets/s1_trainingset/image_pitches_large/132_10_SKADBPYRPE_3_24_27_A_Bed/101_132_10_SKADBPYRPE_3_24_27_A_Bed_1_ori.png,To_Yukun_3DModelImageryEnhancement/To_Yukun_3DModelImageryEnhancement/s7_make_datasets/s1_trainingset/image_pitches_large/132_10_SKADBPYRPE_3_24_27_A_Bed/101_132_10_SKADBPYRPE_3_24_27_A_Bed_1_generated.png,True,True,True,900,900,900,900,severe,False,6.630789279937744,0.15037901234567902,18.0,27.127213865214358,0.9848287886499428,33.408336771459034,0.9969517646617876,0,0.0
image_pitches_large/100_132_85_TZSITHMXHM_1_12_1_2_Bed_0,image_pitches_large,image_pitches_large,132_85_TZSITHMXHM_1_12_1_2_Bed,val,To_Yukun_3DModelImageryEnhancement/To_Yukun_3DModelImageryEnhancement/s7_make_datasets/s1_trainingset/image_pitches_large/132_85_TZSITHMXHM_1_12_1_2_Bed/100_132_85_TZSITHMXHM_1_12_1_2_Bed_0_ori.png,To_Yukun_3DModelImageryEnhancement/To_Yukun_3DModelImageryEnhancement/s7_make_datasets/s1_trainingset/image_pitches_large/132_85_TZSITHMXHM_1_12_1_2_Bed/100_132_85_TZSITHMXHM_1_12_1_2_Bed_0_generated.png,True,True,True,900,900,900,900,severe,False,6.541934490203857,0.09299135802469136,18.0,28.953178841319765,0.8476458477400937,32.03895631064863,0.9311721944755498,0,0.0
image_pitches_large/100_1346_81_TZMNIHIXHM_1_34_25_E_MBed_0,image_pitches_large,image_pitches_large,1346_81_TZMNIHIXHM_1_34_25_E_MBed,train,To_Yukun_3DModelImageryEnhancement/To_Yukun_3DModelImageryEnhancement/s7_make_datasets/s1_trainingset/image_pitches_large/1346_81_TZMNIHIXHM_1_34_25_E_MBed/100_1346_81_TZMNIHIXHM_1_34_25_E_MBed_0_ori.png,To_Yukun_3DModelImageryEnhancement/To_Yukun_3DModelImageryEnhancement/s7_make_datasets/s1_trainingset/image_pitches_large/1346_81_TZMNIHIXHM_1_34_25_E_MBed/100_1346_81_TZMNIHIXHM_1_34_25_E_MBed_0_generated.png,True,True,True,900,900,900,900,light,False,0.840011477470398,0.020298765432098766,18.0,32.80813033760562,0.9808608146007602,43.22917869526128,0.998629286310803,0,0.0
image_pitches_large/101_1346_81_TZMNIHIXHM_1_34_25_E_MBed_1,image_pitches_large,image_pitches_large,1346_81_TZMNIHIXHM_1_34_25_E_MBed,train,To_Yukun_3DModelImageryEnhancement/To_Yukun_3DModelImageryEnhancement/s7_make_datasets/s1_trainingset/image_pitches_large/1346_81_TZMNIHIXHM_1_34_25_E_MBed/101_1346_81_TZMNIHIXHM_1_34_25_E_MBed_1_ori.png,To_Yukun_3DModelImageryEnhancement/To_Yukun_3DModelImageryEnhancement/s7_make_datasets/s1_trainingset/image_pitches_large/1346_81_TZMNIHIXHM_1_34_25_E_MBed/101_1346_81_TZMNIHIXHM_1_34_25_E_MBed_1_generated.png,True,True,True,900,900,900,900,severe,False,4.6661057472229,0.07802592592592593,30.66666603088379,24.74823963915415,0.9620497386329129,33.87880728993538,0.9960020988691759,0,0.0
image_pitches_large/200_1346_81_TZMNIHIXHM_1_34_25_E_MBed_0,image_pitches_large,image_pitches_large,1346_81_TZMNIHIXHM_1_34_25_E_MBed,train,To_Yukun_3DModelImageryEnhancement/To_Yukun_3DModelImageryEnhancement/s7_make_datasets/s1_trainingset/image_pitches_large/1346_81_TZMNIHIXHM_1_34_25_E_MBed/200_1346_81_TZMNIHIXHM_1_34_25_E_MBed_0_ori.png,To_Yukun_3DModelImageryEnhancement/To_Yukun_3DModelImageryEnhancement/s7_make_datasets/s1_trainingset/image_pitches_large/1346_81_TZMNIHIXHM_1_34_25_E_MBed/200_1346_81_TZMNIHIXHM_1_34_25_E_MBed_0_generated.png,True,True,True,900,900,900,900,light,False,0.6128983497619629,0.014858024691358024,18.0,36.32823759423951,0.9919903020172621,42.35170098113958,0.9984936608777326,0,0.0
image_pitches_large/201_1346_81_TZMNIHIXHM_1_34_25_E_MBed_1,image_pitches_large,image_pitches_large,1346_81_TZMNIHIXHM_1_34_25_E_MBed,train,To_Yukun_3DModelImageryEnhancement/To_Yukun_3DModelImageryEnhancement/s7_make_datasets/s1_trainingset/image_pitches_large/1346_81_TZMNIHIXHM_1_34_25_E_MBed/201_1346_81_TZMNIHIXHM_1_34_25_E_MBed_1_ori.png,To_Yukun_3DModelImageryEnhancement/To_Yukun_3DModelImageryEnhancement/s7_make_datasets/s1_trainingset/image_pitches_large/1346_81_TZMNIHIXHM_1_34_25_E_MBed/201_1346_81_TZMNIHIXHM_1_34_25_E_MBed_1_generated.png,True,True,True,900,900,900,900,severe,False,4.877050399780273,0.0806962962962963,33.0,24.70739769855751,0.9623979858903317,33.11334126626833,0.9951237128068069,0,0.0
image_pitches_large/100_134_10_SKADBPYRPE_3_25_10_A_Bed_0,image_pitches_large,image_pitches_large,134_10_SKADBPYRPE_3_25_10_A_Bed,train,To_Yukun_3DModelImageryEnhancement/To_Yukun_3DModelImageryEnhancement/s7_make_datasets/s1_trainingset/image_pitches_large/134_10_SKADBPYRPE_3_25_10_A_Bed/100_134_10_SKADBPYRPE_3_25_10_A_Bed_0_ori.png,To_Yukun_3DModelImageryEnhancement/To_Yukun_3DModelImageryEnhancement/s7_make_datasets/s1_trainingset/image_pitches_large/134_10_SKADBPYRPE_3_25_10_A_Bed/100_134_10_SKADBPYRPE_3_25_10_A_Bed_0_generated.png,True,True,True,900,900,900,900,severe,False,3.7970099449157715,0.05959012345679012,18.0,30.822683764395617,0.9970860262345493,34.103351301996334,0.9987083165781989,0,0.0
image_pitches_large/101_134_10_SKADBPYRPE_3_25_10_A_Bed_1,image_pitches_large,image_pitches_large,134_10_SKADBPYRPE_3_25_10_A_Bed,train,To_Yukun_3DModelImageryEnhancement/To_Yukun_3DModelImageryEnhancement/s7_make_datasets/s1_trainingset/image_pitches_large/134_10_SKADBPYRPE_3_25_10_A_Bed/101_134_10_SKADBPYRPE_3_25_10_A_Bed_1_ori.png,To_Yukun_3DModelImageryEnhancement/To_Yukun_3DModelImageryEnhancement/s7_make_datasets/s1_trainingset/image_pitches_large/134_10_SKADBPYRPE_3_25_10_A_Bed/101_134_10_SKADBPYRPE_3_25_10_A_Bed_1_generated.png,True,True,True,900,900,900,900,severe,False,5.170525550842285,0.1539320987654321,18.0,27.27182044610167,0.9915266446329367,35.00795387035168,0.9987000880207948,0,0.0
image_pitches_large/100_134_15_SKEYPPEAPE_1_5_32_A_MBed_0,image_pitches_large,image_pitches_large,134_15_SKEYPPEAPE_1_5_32_A_MBed,test,To_Yukun_3DModelImageryEnhancement/To_Yukun_3DModelImageryEnhancement/s7_make_datasets/s1_trainingset/image_pitches_large/134_15_SKEYPPEAPE_1_5_32_A_MBed/100_134_15_SKEYPPEAPE_1_5_32_A_MBed_0_ori.png,To_Yukun_3DModelImageryEnhancement/To_Yukun_3DModelImageryEnhancement/s7_make_datasets/s1_trainingset/image_pitches_large/134_15_SKEYPPEAPE_1_5_32_A_MBed/100_134_15_SKEYPPEAPE_1_5_32_A_MBed_0_generated.png,True,True,True,900,900,900,900,severe,False,4.04677677154541,0.1054567901234568,23.0,27.473935250076586,0.9828397105286535,35.65447066721094,0.9979265105226088,0,0.0
image_pitches_large/100_138_7_SEPPWDPXPE_1_5_19_A_Bed_0,image_pitches_large,image_pitches_large,138_7_SEPPWDPXPE_1_5_19_A_Bed,train,To_Yukun_3DModelImageryEnhancement/To_Yukun_3DModelImageryEnhancement/s7_make_datasets/s1_trainingset/image_pitches_large/138_7_SEPPWDPXPE_1_5_19_A_Bed/100_138_7_SEPPWDPXPE_1_5_19_A_Bed_0_ori.png,To_Yukun_3DModelImageryEnhancement/To_Yukun_3DModelImageryEnhancement/s7_make_datasets/s1_trainingset/image_pitches_large/138_7_SEPPWDPXPE_1_5_19_A_Bed/100_138_7_SEPPWDPXPE_1_5_19_A_Bed_0_generated.png,True,True,True,900,900,900,900,severe,False,5.228556156158447,0.11066913580246913,27.66666603088379,25.464565313644627,0.9689783428258134,34.122173842783155,0.9964329615236439,0,0.0
image_pitches_large/100_13_22_SKPPWBPEPE_1_14_7_Whole_MBed_0,image_pitches_large,image_pitches_large,13_22_SKPPWBPEPE_1_14_7_Whole_MBed,train,To_Yukun_3DModelImageryEnhancement/To_Yukun_3DModelImageryEnhancement/s7_make_datasets/s1_trainingset/image_pitches_large/13_22_SKPPWBPEPE_1_14_7_Whole_MBed/100_13_22_SKPPWBPEPE_1_14_7_Whole_MBed_0_ori.png,To_Yukun_3DModelImageryEnhancement/To_Yukun_3DModelImageryEnhancement/s7_make_datasets/s1_trainingset/image_pitches_large/13_22_SKPPWBPEPE_1_14_7_Whole_MBed/100_13_22_SKPPWBPEPE_1_14_7_Whole_MBed_0_generated.png,True,True,True,900,900,900,900,severe,False,5.965800762176514,0.15707407407407406,18.0,25.868353019542482,0.9891637297175884,35.20788401419922,0.9988712916338466,0,0.0
image_pitches_large/100_141_15_SKEYPPEAPE_1_6_11_A_Bed_0,image_pitches_large,image_pitches_large,141_15_SKEYPPEAPE_1_6_11_A_Bed,train,To_Yukun_3DModelImageryEnhancement/To_Yukun_3DModelImageryEnhancement/s7_make_datasets/s1_trainingset/image_pitches_large/141_15_SKEYPPEAPE_1_6_11_A_Bed/100_141_15_SKEYPPEAPE_1_6_11_A_Bed_0_ori.png,To_Yukun_3DModelImageryEnhancement/To_Yukun_3DModelImageryEnhancement/s7_make_datasets/s1_trainingset/image_pitches_large/141_15_SKEYPPEAPE_1_6_11_A_Bed/100_141_15_SKEYPPEAPE_1_6_11_A_Bed_0_generated.png,True,True,True,900,900,900,900,severe,False,5.267646789550781,0.10956543209876543,27.33333396911621,25.350661035781577,0.9793653729794605,33.5935512948041,0.9973659157303741,0,0.0
image_pitches_large/101_141_15_SKEYPPEAPE_1_6_11_A_Bed_1,image_pitches_large,image_pitches_large,141_15_SKEYPPEAPE_1_6_11_A_Bed,train,To_Yukun_3DModelImageryEnhancement/To_Yukun_3DModelImageryEnhancement/s7_make_datasets/s1_trainingset/image_pitches_large/141_15_SKEYPPEAPE_1_6_11_A_Bed/101_141_15_SKEYPPEAPE_1_6_11_A_Bed_1_ori.png,To_Yukun_3DModelImageryEnhancement/To_Yukun_3DModelImageryEnhancement/s7_make_datasets/s1_trainingset/image_pitches_large/141_15_SKEYPPEAPE_1_6_11_A_Bed/101_141_15_SKEYPPEAPE_1_6_11_A_Bed_1_generated.png,True,True,True,900,900,900,900,medium,False,1.92227041721344,0.04706543209876543,18.66666603088379,30.15996729109891,0.97907408240013,40.11445387898113,0.9983714489242534,0,0.0
image_pitches_large/100_1493_93_TZTNIHIYHM_1_38_46_F_Bed_0,image_pitches_large,image_pitches_large,1493_93_TZTNIHIYHM_1_38_46_F_Bed,train,To_Yukun_3DModelImageryEnhancement/To_Yukun_3DModelImageryEnhancement/s7_make_datasets/s1_trainingset/image_pitches_large/1493_93_TZTNIHIYHM_1_38_46_F_Bed/100_1493_93_TZTNIHIYHM_1_38_46_F_Bed_0_ori.png,To_Yukun_3DModelImageryEnhancement/To_Yukun_3DModelImageryEnhancement/s7_make_datasets/s1_trainingset/image_pitches_large/1493_93_TZTNIHIYHM_1_38_46_F_Bed/100_1493_93_TZTNIHIYHM_1_38_46_F_Bed_0_generated.png,True,True,True,900,900,900,900,light,False,0.7067081928253174,0.012241975308641975,29.0,34.593496747287624,0.986916433731791,41.15938684121578,0.9975177925925002,0,0.0
image_pitches_large/101_1493_93_TZTNIHIYHM_1_38_46_F_Bed_1,image_pitches_large,image_pitches_large,1493_93_TZTNIHIYHM_1_38_46_F_Bed,train,To_Yukun_3DModelImageryEnhancement/To_Yukun_3DModelImageryEnhancement/s7_make_datasets/s1_trainingset/image_pitches_large/1493_93_TZTNIHIYHM_1_38_46_F_Bed/101_1493_93_TZTNIHIYHM_1_38_46_F_Bed_1_ori.png,To_Yukun_3DModelImageryEnhancement/To_Yukun_3DModelImageryEnhancement/s7_make_datasets/s1_trainingset/image_pitches_large/1493_93_TZTNIHIYHM_1_38_46_F_Bed/101_1493_93_TZTNIHIYHM_1_38_46_F_Bed_1_generated.png,True,True,True,900,900,900,900,medium,False,2.229268789291382,0.049662962962962964,18.0,29.015865006853176,0.9860751024480546,39.51495307331713,0.9989852767785573,0,0.0
image_pitches_large/100_1494_93_TZTNIHIYHM_1_38_47_F_Bed_0,image_pitches_large,image_pitches_large,1494_93_TZTNIHIYHM_1_38_47_F_Bed,train,To_Yukun_3DModelImageryEnhancement/To_Yukun_3DModelImageryEnhancement/s7_make_datasets/s1_trainingset/image_pitches_large/1494_93_TZTNIHIYHM_1_38_47_F_Bed/100_1494_93_TZTNIHIYHM_1_38_47_F_Bed_0_ori.png,To_Yukun_3DModelImageryEnhancement/To_Yukun_3DModelImageryEnhancement/s7_make_datasets/s1_trainingset/image_pitches_large/1494_93_TZTNIHIYHM_1_38_47_F_Bed/100_1494_93_TZTNIHIYHM_1_38_47_F_Bed_0_generated.png,True,True,True,900,900,900,900,light,False,0.9285032153129578,0.014648148148148148,35.0,32.81157577146166,0.9798295238473106,38.86854745110679,0.9955077949868539,0,0.0
image_pitches_large/101_1494_93_TZTNIHIYHM_1_38_47_F_Bed_1,image_pitches_large,image_pitches_large,1494_93_TZTNIHIYHM_1_38_47_F_Bed,train,To_Yukun_3DModelImageryEnhancement/To_Yukun_3DModelImageryEnhancement/s7_make_datasets/s1_trainingset/image_pitches_large/1494_93_TZTNIHIYHM_1_38_47_F_Bed/101_1494_93_TZTNIHIYHM_1_38_47_F_Bed_1_ori.png,To_Yukun_3DModelImageryEnhancement/To_Yukun_3DModelImageryEnhancement/s7_make_datasets/s1_trainingset/image_pitches_large/1494_93_TZTNIHIYHM_1_38_47_F_Bed/101_1494_93_TZTNIHIYHM_1_38_47_F_Bed_1_generated.png,True,True,True,900,900,900,900,medium,False,2.64255690574646,0.0468962962962963,22.66666603088379,27.048789005230663,0.9732299556957164,38.60658373603913,0.9983469050624644,0,0.0
image_pitches_large/100_152_10_SKADBPYRPE_3_25_28_A_Bed_0,image_pitches_large,image_pitches_large,152_10_SKADBPYRPE_3_25_28_A_Bed,test,To_Yukun_3DModelImageryEnhancement/To_Yukun_3DModelImageryEnhancement/s7_make_datasets/s1_trainingset/image_pitches_large/152_10_SKADBPYRPE_3_25_28_A_Bed/100_152_10_SKADBPYRPE_3_25_28_A_Bed_0_ori.png,To_Yukun_3DModelImageryEnhancement/To_Yukun_3DModelImageryEnhancement/s7_make_datasets/s1_trainingset/image_pitches_large/152_10_SKADBPYRPE_3_25_28_A_Bed/100_152_10_SKADBPYRPE_3_25_28_A_Bed_0_generated.png,True,True,True,900,900,900,900,medium,False,3.40316104888916,0.06278024691358025,18.0,30.338708295738193,0.9940011579204977,35.118007719522325,0.9982478779220646,0,0.0
image_pitches_large/102_152_10_SKADBPYRPE_3_25_28_A_Bed_2,image_pitches_large,image_pitches_large,152_10_SKADBPYRPE_3_25_28_A_Bed,test,To_Yukun_3DModelImageryEnhancement/To_Yukun_3DModelImageryEnhancement/s7_make_datasets/s1_trainingset/image_pitches_large/152_10_SKADBPYRPE_3_25_28_A_Bed/102_152_10_SKADBPYRPE_3_25_28_A_Bed_2_ori.png,To_Yukun_3DModelImageryEnhancement/To_Yukun_3DModelImageryEnhancement/s7_make_datasets/s1_trainingset/image_pitches_large/152_10_SKADBPYRPE_3_25_28_A_Bed/102_152_10_SKADBPYRPE_3_25_28_A_Bed_2_generated.png,True,True,True,900,900,900,900,light,False,0.9382303953170776,0.025272839506172838,21.0,32.59742453482721,0.9751634437980317,43.73828250472898,0.9986818911757445,0,0.0
image_pitches_large/107_152_10_SKADBPYRPE_3_25_28_A_Bed_7,image_pitches_large,image_pitches_large,152_10_SKADBPYRPE_3_25_28_A_Bed,test,To_Yukun_3DModelImageryEnhancement/To_Yukun_3DModelImageryEnhancement/s7_make_datasets/s1_trainingset/image_pitches_large/152_10_SKADBPYRPE_3_25_28_A_Bed/107_152_10_SKADBPYRPE_3_25_28_A_Bed_7_ori.png,To_Yukun_3DModelImageryEnhancement/To_Yukun_3DModelImageryEnhancement/s7_make_datasets/s1_trainingset/image_pitches_large/152_10_SKADBPYRPE_3_25_28_A_Bed/107_152_10_SKADBPYRPE_3_25_28_A_Bed_7_generated.png,True,True,True,900,900,900,900,light,False,1.1460891962051392,0.019719753086419753,43.0,30.143124083215373,0.9606547042756691,39.600471741556156,0.9960783172330139,0,0.0
image_pitches_large/100_1537_93_TZTNIHIYHM_1_39_44_F_Bed_0,image_pitches_large,image_pitches_large,1537_93_TZTNIHIYHM_1_39_44_F_Bed,train,To_Yukun_3DModelImageryEnhancement/To_Yukun_3DModelImageryEnhancement/s7_make_datasets/s1_trainingset/image_pitches_large/1537_93_TZTNIHIYHM_1_39_44_F_Bed/100_1537_93_TZTNIHIYHM_1_39_44_F_Bed_0_ori.png,To_Yukun_3DModelImageryEnhancement/To_Yukun_3DModelImageryEnhancement/s7_make_datasets/s1_trainingset/image_pitches_large/1537_93_TZTNIHIYHM_1_39_44_F_Bed/100_1537_93_TZTNIHIYHM_1_39_44_F_Bed_0_generated.png,True,True,True,900,900,900,900,severe,False,5.358514785766602,0.13038765432098764,21.0,25.39642433872757,0.9817590463519024,35.826479093685975,0.998578675647032,0,0.0
image_pitches_large/100_1549_40_SKSSGPYXPE_1_39_36_H_Bed_0,image_pitches_large,image_pitches_large,1549_40_SKSSGPYXPE_1_39_36_H_Bed,train,To_Yukun_3DModelImageryEnhancement/To_Yukun_3DModelImageryEnhancement/s7_make_datasets/s1_trainingset/image_pitches_large/1549_40_SKSSGPYXPE_1_39_36_H_Bed/100_1549_40_SKSSGPYXPE_1_39_36_H_Bed_0_ori.png,To_Yukun_3DModelImageryEnhancement/To_Yukun_3DModelImageryEnhancement/s7_make_datasets/s1_trainingset/image_pitches_large/1549_40_SKSSGPYXPE_1_39_36_H_Bed/100_1549_40_SKSSGPYXPE_1_39_36_H_Bed_0_generated.png,True,True,True,900,900,900,900,medium,False,2.4423980712890625,0.04554444444444444,25.33333396911621,28.48153856467226,0.9659602429815447,37.54589986127058,0.996759848832355,0,0.0
image_pitches_large/100_154_44_SSPPWBPEPK_1_12_5_E_Living_0,image_pitches_large,image_pitches_large,154_44_SSPPWBPEPK_1_12_5_E_Living,test,To_Yukun_3DModelImageryEnhancement/To_Yukun_3DModelImageryEnhancement/s7_make_datasets/s1_trainingset/image_pitches_large/154_44_SSPPWBPEPK_1_12_5_E_Living/100_154_44_SSPPWBPEPK_1_12_5_E_Living_0_ori.png,To_Yukun_3DModelImageryEnhancement/To_Yukun_3DModelImageryEnhancement/s7_make_datasets/s1_trainingset/image_pitches_large/154_44_SSPPWBPEPK_1_12_5_E_Living/100_154_44_SSPPWBPEPK_1_12_5_E_Living_0_generated.png,True,True,True,900,900,900,900,severe,False,3.643951892852783,0.033780246913580246,18.0,30.17743843146363,0.9964885555442448,35.903206688142134,0.9991712475177165,0,0.0
image_pitches_large/100_156_86_TZSMTHISHM_1_6_12_A_Bath_0,image_pitches_large,image_pitches_large,156_86_TZSMTHISHM_1_6_12_A_Bath,train,To_Yukun_3DModelImageryEnhancement/To_Yukun_3DModelImageryEnhancement/s7_make_datasets/s1_trainingset/image_pitches_large/156_86_TZSMTHISHM_1_6_12_A_Bath/100_156_86_TZSMTHISHM_1_6_12_A_Bath_0_ori.png,To_Yukun_3DModelImageryEnhancement/To_Yukun_3DModelImageryEnhancement/s7_make_datasets/s1_trainingset/image_pitches_large/156_86_TZSMTHISHM_1_6_12_A_Bath/100_156_86_TZSMTHISHM_1_6_12_A_Bath_0_generated.png,True,True,True,900,900,900,900,medium,False,1.4874262809753418,0.041401234567901235,18.0,32.342736595963174,0.9960578246371307,41.01859275888961,0.9995519994680302,0,0.0
image_pitches_large/101_156_86_TZSMTHISHM_1_6_12_A_Bath_1,image_pitches_large,image_pitches_large,156_86_TZSMTHISHM_1_6_12_A_Bath,train,To_Yukun_3DModelImageryEnhancement/To_Yukun_3DModelImageryEnhancement/s7_make_datasets/s1_trainingset/image_pitches_large/156_86_TZSMTHISHM_1_6_12_A_Bath/101_156_86_TZSMTHISHM_1_6_12_A_Bath_1_ori.png,To_Yukun_3DModelImageryEnhancement/To_Yukun_3DModelImageryEnhancement/s7_make_datasets/s1_trainingset/image_pitches_large/156_86_TZSMTHISHM_1_6_12_A_Bath/101_156_86_TZSMTHISHM_1_6_12_A_Bath_1_generated.png,True,True,True,900,900,900,900,medium,False,1.6943284273147583,0.00451358024691358,18.0,36.787976580688074,0.999346329807271,37.25845776856258,0.9993943960983532,0,0.0
image_pitches_large/100_168_41_SKSWBPWJPS_1_7_1_B_Bed_0,image_pitches_large,image_pitches_large,168_41_SKSWBPWJPS_1_7_1_B_Bed,test,To_Yukun_3DModelImageryEnhancement/To_Yukun_3DModelImageryEnhancement/s7_make_datasets/s1_trainingset/image_pitches_large/168_41_SKSWBPWJPS_1_7_1_B_Bed/100_168_41_SKSWBPWJPS_1_7_1_B_Bed_0_ori.png,To_Yukun_3DModelImageryEnhancement/To_Yukun_3DModelImageryEnhancement/s7_make_datasets/s1_trainingset/image_pitches_large/168_41_SKSWBPWJPS_1_7_1_B_Bed/100_168_41_SKSWBPWJPS_1_7_1_B_Bed_0_generated.png,True,True,True,900,900,900,900,severe,False,10.212991714477539,0.2803506172839506,19.66666603088379,24.176813589877305,0.978202619504807,32.316337895879904,0.9969653811829672,0,0.0
image_pitches_large/100_179_61_TTNTIHLEHM_1_17_8_C_Bed_0,image_pitches_large,image_pitches_large,179_61_TTNTIHLEHM_1_17_8_C_Bed,train,To_Yukun_3DModelImageryEnhancement/To_Yukun_3DModelImageryEnhancement/s7_make_datasets/s1_trainingset/image_pitches_large/179_61_TTNTIHLEHM_1_17_8_C_Bed/100_179_61_TTNTIHLEHM_1_17_8_C_Bed_0_ori.png,To_Yukun_3DModelImageryEnhancement/To_Yukun_3DModelImageryEnhancement/s7_make_datasets/s1_trainingset/image_pitches_large/179_61_TTNTIHLEHM_1_17_8_C_Bed/100_179_61_TTNTIHLEHM_1_17_8_C_Bed_0_generated.png,True,True,True,900,900,900,900,severe,False,4.142331600189209,0.10698271604938271,18.0,28.717912106376843,0.9957981544986458,35.984740316402714,0.9992883262157423,0,0.0
image_pitches_large/100_1_11_SKBKBPEAPE_1_1_2_A_Living_0,image_pitches_large,image_pitches_large,1_11_SKBKBPEAPE_1_1_2_A_Living,train,To_Yukun_3DModelImageryEnhancement/To_Yukun_3DModelImageryEnhancement/s7_make_datasets/s1_trainingset/image_pitches_large/1_11_SKBKBPEAPE_1_1_2_A_Living/100_1_11_SKBKBPEAPE_1_1_2_A_Living_0_ori.png,To_Yukun_3DModelImageryEnhancement/To_Yukun_3DModelImageryEnhancement/s7_make_datasets/s1_trainingset/image_pitches_large/1_11_SKBKBPEAPE_1_1_2_A_Living/100_1_11_SKBKBPEAPE_1_1_2_A_Living_0_generated.png,True,True,True,900,900,900,900,severe,False,10.626483917236328,0.32861604938271605,18.0,23.296875373249183,0.972994085551395,33.059156469026135,0.9976359453551622,0,0.0
image_pitches_large/200_1_11_SKBKBPEAPE_1_1_2_A_Living_0,image_pitches_large,image_pitches_large,1_11_SKBKBPEAPE_1_1_2_A_Living,train,To_Yukun_3DModelImageryEnhancement/To_Yukun_3DModelImageryEnhancement/s7_make_datasets/s1_trainingset/image_pitches_large/1_11_SKBKBPEAPE_1_1_2_A_Living/200_1_11_SKBKBPEAPE_1_1_2_A_Living_0_ori.png,To_Yukun_3DModelImageryEnhancement/To_Yukun_3DModelImageryEnhancement/s7_make_datasets/s1_trainingset/image_pitches_large/1_11_SKBKBPEAPE_1_1_2_A_Living/200_1_11_SKBKBPEAPE_1_1_2_A_Living_0_generated.png,True,True,True,900,900,900,900,severe,False,10.323107719421387,0.31266913580246913,18.0,23.851609420373453,0.9769136095884485,32.340692996774536,0.997256205245748,0,0.0
image_pitches_large/100_1_20_SKPPWAPXPE_1_15_7_A_Living_0,image_pitches_large,image_pitches_large,1_20_SKPPWAPXPE_1_15_7_A_Living,val,To_Yukun_3DModelImageryEnhancement/To_Yukun_3DModelImageryEnhancement/s7_make_datasets/s1_trainingset/image_pitches_large/1_20_SKPPWAPXPE_1_15_7_A_Living/100_1_20_SKPPWAPXPE_1_15_7_A_Living_0_ori.png,To_Yukun_3DModelImageryEnhancement/To_Yukun_3DModelImageryEnhancement/s7_make_datasets/s1_trainingset/image_pitches_large/1_20_SKPPWAPXPE_1_15_7_A_Living/100_1_20_SKPPWAPXPE_1_15_7_A_Living_0_generated.png,True,True,True,900,900,900,900,severe,False,6.230684757232666,0.19816666666666666,20.33333396911621,26.30905733117466,0.991971834888353,34.30712211942338,0.9989311022455492,0,0.0
image_pitches_large/100_229_78_TZIDZHMXHM_3_39_26_A_Utility_0,image_pitches_large,image_pitches_large,229_78_TZIDZHMXHM_3_39_26_A_Utility,train,To_Yukun_3DModelImageryEnhancement/To_Yukun_3DModelImageryEnhancement/s7_make_datasets/s1_trainingset/image_pitches_large/229_78_TZIDZHMXHM_3_39_26_A_Utility/100_229_78_TZIDZHMXHM_3_39_26_A_Utility_0_ori.png,To_Yukun_3DModelImageryEnhancement/To_Yukun_3DModelImageryEnhancement/s7_make_datasets/s1_trainingset/image_pitches_large/229_78_TZIDZHMXHM_3_39_26_A_Utility/100_229_78_TZIDZHMXHM_3_39_26_A_Utility_0_generated.png,True,True,True,900,900,900,900,severe,False,7.83640718460083,0.14070864197530863,18.0,27.42702038015493,0.8978598762858379,31.574029821162917,0.9643141234535342,0,0.0
image_pitches_large/100_280_17_SKPDPPERPE_1_11_10_C_MBed_0,image_pitches_large,image_pitches_large,280_17_SKPDPPERPE_1_11_10_C_MBed,train,To_Yukun_3DModelImageryEnhancement/To_Yukun_3DModelImageryEnhancement/s7_make_datasets/s1_trainingset/image_pitches_large/280_17_SKPDPPERPE_1_11_10_C_MBed/100_280_17_SKPDPPERPE_1_11_10_C_MBed_0_ori.png,To_Yukun_3DModelImageryEnhancement/To_Yukun_3DModelImageryEnhancement/s7_make_datasets/s1_trainingset/image_pitches_large/280_17_SKPDPPERPE_1_11_10_C_MBed/100_280_17_SKPDPPERPE_1_11_10_C_MBed_0_generated.png,True,True,True,900,900,900,900,severe,False,5.882437705993652,0.06541481481481481,18.0,29.86066951153167,0.9113428198159781,32.41707405328646,0.9552152000279333,0,0.0
image_pitches_large/100_29_44_SSPPWBPEPK_1_2_6_A_MBed_0,image_pitches_large,image_pitches_large,29_44_SSPPWBPEPK_1_2_6_A_MBed,train,To_Yukun_3DModelImageryEnhancement/To_Yukun_3DModelImageryEnhancement/s7_make_datasets/s1_trainingset/image_pitches_large/29_44_SSPPWBPEPK_1_2_6_A_MBed/100_29_44_SSPPWBPEPK_1_2_6_A_MBed_0_ori.png,To_Yukun_3DModelImageryEnhancement/To_Yukun_3DModelImageryEnhancement/s7_make_datasets/s1_trainingset/image_pitches_large/29_44_SSPPWBPEPK_1_2_6_A_MBed/100_29_44_SSPPWBPEPK_1_2_6_A_MBed_0_generated.png,True,True,True,900,900,900,900,severe,False,10.651313781738281,0.266520987654321,21.0,22.600453564421855,0.9739768120558073,32.78635911442051,0.9977121751196503,0,0.0
image_pitches_large/100_304_17_SKPDPPERPE_1_11_34_C_MBed_0,image_pitches_large,image_pitches_large,304_17_SKPDPPERPE_1_11_34_C_MBed,train,To_Yukun_3DModelImageryEnhancement/To_Yukun_3DModelImageryEnhancement/s7_make_datasets/s1_trainingset/image_pitches_large/304_17_SKPDPPERPE_1_11_34_C_MBed/100_304_17_SKPDPPERPE_1_11_34_C_MBed_0_ori.png,To_Yukun_3DModelImageryEnhancement/To_Yukun_3DModelImageryEnhancement/s7_make_datasets/s1_trainingset/image_pitches_large/304_17_SKPDPPERPE_1_11_34_C_MBed/100_304_17_SKPDPPERPE_1_11_34_C_MBed_0_generated.png,True,True,True,900,900,900,900,severe,False,3.674912691116333,0.03426666666666667,18.0,31.852207674513732,0.9968728451387071,34.40408287931314,0.9984023555150923,0,0.0
image_pitches_large/100_307_41_SKSWBPWJPS_1_11_28_D_LivingDining_0,image_pitches_large,image_pitches_large,307_41_SKSWBPWJPS_1_11_28_D_LivingDining,val,To_Yukun_3DModelImageryEnhancement/To_Yukun_3DModelImageryEnhancement/s7_make_datasets/s1_trainingset/image_pitches_large/307_41_SKSWBPWJPS_1_11_28_D_LivingDining/100_307_41_SKSWBPWJPS_1_11_28_D_LivingDining_0_ori.png,To_Yukun_3DModelImageryEnhancement/To_Yukun_3DModelImageryEnhancement/s7_make_datasets/s1_trainingset/image_pitches_large/307_41_SKSWBPWJPS_1_11_28_D_LivingDining/100_307_41_SKSWBPWJPS_1_11_28_D_LivingDining_0_generated.png,True,True,True,900,900,900,900,medium,False,2.1034460067749023,0.028440740740740742,18.0,33.26635293551734,0.9964660789943,37.00591604804619,0.9986845095265916,0,0.0
image_pitches_large/100_308_15_SKEYPPEAPE_1_12_10_B_MBed_0,image_pitches_large,image_pitches_large,308_15_SKEYPPEAPE_1_12_10_B_MBed,test,To_Yukun_3DModelImageryEnhancement/To_Yukun_3DModelImageryEnhancement/s7_make_datasets/s1_trainingset/image_pitches_large/308_15_SKEYPPEAPE_1_12_10_B_MBed/100_308_15_SKEYPPEAPE_1_12_10_B_MBed_0_ori.png,To_Yukun_3DModelImageryEnhancement/To_Yukun_3DModelImageryEnhancement/s7_make_datasets/s1_trainingset/image_pitches_large/308_15_SKEYPPEAPE_1_12_10_B_MBed/100_308_15_SKEYPPEAPE_1_12_10_B_MBed_0_generated.png,True,True,True,900,900,900,900,severe,False,8.586769104003906,0.23640123456790124,18.0,24.941385566751222,0.9821265220118487,32.6426544210722,0.9974659743107078,0,0.0
image_pitches_large/100_30_89_TZTMTHMJMM_1_2_13_A_Bed_0,image_pitches_large,image_pitches_large,30_89_TZTMTHMJMM_1_2_13_A_Bed,train,To_Yukun_3DModelImageryEnhancement/To_Yukun_3DModelImageryEnhancement/s7_make_datasets/s1_trainingset/image_pitches_large/30_89_TZTMTHMJMM_1_2_13_A_Bed/100_30_89_TZTMTHMJMM_1_2_13_A_Bed_0_ori.png,To_Yukun_3DModelImageryEnhancement/To_Yukun_3DModelImageryEnhancement/s7_make_datasets/s1_trainingset/image_pitches_large/30_89_TZTMTHMJMM_1_2_13_A_Bed/100_30_89_TZTMTHMJMM_1_2_13_A_Bed_0_generated.png,True,True,True,900,900,900,900,severe,False,7.7391676902771,0.2661654320987654,19.33333396911621,25.360221679759697,0.9877454449993437,33.673674226773045,0.9985920837723065,0,0.0
image_pitches_large/100_31_4_OSRRQRUXOU_1_3_10_A_Bed_0,image_pitches_large,image_pitches_large,31_4_OSRRQRUXOU_1_3_10_A_Bed,train,To_Yukun_3DModelImageryEnhancement/To_Yukun_3DModelImageryEnhancement/s7_make_datasets/s1_trainingset/image_pitches_large/31_4_OSRRQRUXOU_1_3_10_A_Bed/100_31_4_OSRRQRUXOU_1_3_10_A_Bed_0_ori.png,To_Yukun_3DModelImageryEnhancement/To_Yukun_3DModelImageryEnhancement/s7_make_datasets/s1_trainingset/image_pitches_large/31_4_OSRRQRUXOU_1_3_10_A_Bed/100_31_4_OSRRQRUXOU_1_3_10_A_Bed_0_generated.png,True,True,True,900,900,900,900,severe,False,6.8895721435546875,0.1564358024691358,18.0,27.558976793960447,0.9926037117492166,32.58066659789365,0.9978433664671833,0,0.0
image_pitches_large/100_325_38_SKPPWYPEPE_1_105_13_B_MBed_0,image_pitches_large,image_pitches_large,325_38_SKPPWYPEPE_1_105_13_B_MBed,train,To_Yukun_3DModelImageryEnhancement/To_Yukun_3DModelImageryEnhancement/s7_make_datasets/s1_trainingset/image_pitches_large/325_38_SKPPWYPEPE_1_105_13_B_MBed/100_325_38_SKPPWYPEPE_1_105_13_B_MBed_0_ori.png,To_Yukun_3DModelImageryEnhancement/To_Yukun_3DModelImageryEnhancement/s7_make_datasets/s1_trainingset/image_pitches_large/325_38_SKPPWYPEPE_1_105_13_B_MBed/100_325_38_SKPPWYPEPE_1_105_13_B_MBed_0_generated.png,True,True,True,900,900,900,900,severe,False,3.9254555702209473,0.09575925925925927,18.0,27.80694541292729,0.9888404190952863,36.20832830493145,0.9985348410955083,0,0.0
image_pitches_large/101_325_38_SKPPWYPEPE_1_105_13_B_MBed_1,image_pitches_large,image_pitches_large,325_38_SKPPWYPEPE_1_105_13_B_MBed,train,To_Yukun_3DModelImageryEnhancement/To_Yukun_3DModelImageryEnhancement/s7_make_datasets/s1_trainingset/image_pitches_large/325_38_SKPPWYPEPE_1_105_13_B_MBed/101_325_38_SKPPWYPEPE_1_105_13_B_MBed_1_ori.png,To_Yukun_3DModelImageryEnhancement/To_Yukun_3DModelImageryEnhancement/s7_make_datasets/s1_trainingset/image_pitches_large/325_38_SKPPWYPEPE_1_105_13_B_MBed/101_325_38_SKPPWYPEPE_1_105_13_B_MBed_1_generated.png,True,True,True,900,900,900,900,light,False,0.8431316614151001,0.018998765432098764,41.66666793823242,32.4793884424883,0.9787175862278303,41.541266502208025,0.9975739011839784,0,0.0
image_pitches_large/200_325_38_SKPPWYPEPE_1_105_13_B_MBed_0,image_pitches_large,image_pitches_large,325_38_SKPPWYPEPE_1_105_13_B_MBed,train,To_Yukun_3DModelImageryEnhancement/To_Yukun_3DModelImageryEnhancement/s7_make_datasets/s1_trainingset/image_pitches_large/325_38_SKPPWYPEPE_1_105_13_B_MBed/200_325_38_SKPPWYPEPE_1_105_13_B_MBed_0_ori.png,To_Yukun_3DModelImageryEnhancement/To_Yukun_3DModelImageryEnhancement/s7_make_datasets/s1_trainingset/image_pitches_large/325_38_SKPPWYPEPE_1_105_13_B_MBed/200_325_38_SKPPWYPEPE_1_105_13_B_MBed_0_generated.png,True,True,True,900,900,900,900,severe,False,4.3801398277282715,0.10413333333333333,18.33333396911621,27.10608293630459,0.98685855816266,35.61774619704019,0.9983660374024348,0,0.0
image_pitches_large/201_325_38_SKPPWYPEPE_1_105_13_B_MBed_1,image_pitches_large,image_pitches_large,325_38_SKPPWYPEPE_1_105_13_B_MBed,train,To_Yukun_3DModelImageryEnhancement/To_Yukun_3DModelImageryEnhancement/s7_make_datasets/s1_trainingset/image_pitches_large/325_38_SKPPWYPEPE_1_105_13_B_MBed/201_325_38_SKPPWYPEPE_1_105_13_B_MBed_1_ori.png,To_Yukun_3DModelImageryEnhancement/To_Yukun_3DModelImageryEnhancement/s7_make_datasets/s1_trainingset/image_pitches_large/325_38_SKPPWYPEPE_1_105_13_B_MBed/201_325_38_SKPPWYPEPE_1_105_13_B_MBed_1_generated.png,True,True,True,900,900,900,900,light,False,0.9037580490112305,0.02124074074074074,42.33333206176758,32.2584058281186,0.9761192137054356,41.20527007227612,0.9971176987434368,0,0.0
image_pitches_large/100_334_4_OSRRQRUXOU_1_110_1_D_Bed_0,image_pitches_large,image_pitches_large,334_4_OSRRQRUXOU_1_110_1_D_Bed,train,To_Yukun_3DModelImageryEnhancement/To_Yukun_3DModelImageryEnhancement/s7_make_datasets/s1_trainingset/image_pitches_large/334_4_OSRRQRUXOU_1_110_1_D_Bed/100_334_4_OSRRQRUXOU_1_110_1_D_Bed_0_ori.png,To_Yukun_3DModelImageryEnhancement/To_Yukun_3DModelImageryEnhancement/s7_make_datasets/s1_trainingset/image_pitches_large/334_4_OSRRQRUXOU_1_110_1_D_Bed/100_334_4_OSRRQRUXOU_1_110_1_D_Bed_0_generated.png,True,True,True,900,900,900,900,severe,False,10.642805099487305,0.3391740740740741,18.33333396911621,23.757857875957157,0.9500759237814446,33.20414504700517,0.9951845478998734,0,0.0
image_pitches_large/200_334_4_OSRRQRUXOU_1_110_1_D_Bed_0,image_pitches_large,image_pitches_large,334_4_OSRRQRUXOU_1_110_1_D_Bed,train,To_Yukun_3DModelImageryEnhancement/To_Yukun_3DModelImageryEnhancement/s7_make_datasets/s1_trainingset/image_pitches_large/334_4_OSRRQRUXOU_1_110_1_D_Bed/200_334_4_OSRRQRUXOU_1_110_1_D_Bed_0_ori.png,To_Yukun_3DModelImageryEnhancement/To_Yukun_3DModelImageryEnhancement/s7_make_datasets/s1_trainingset/image_pitches_large/334_4_OSRRQRUXOU_1_110_1_D_Bed/200_334_4_OSRRQRUXOU_1_110_1_D_Bed_0_generated.png,True,True,True,900,900,900,900,severe,False,10.082013130187988,0.30492098765432096,18.0,24.00870858707076,0.9526906904441926,33.30213131629657,0.9954151806138543,0,0.0
image_pitches_large/100_363_2_OSJDFRJRRU_1_14_2_D_Bed_0,image_pitches_large,image_pitches_large,363_2_OSJDFRJRRU_1_14_2_D_Bed,train,To_Yukun_3DModelImageryEnhancement/To_Yukun_3DModelImageryEnhancement/s7_make_datasets/s1_trainingset/image_pitches_large/363_2_OSJDFRJRRU_1_14_2_D_Bed/100_363_2_OSJDFRJRRU_1_14_2_D_Bed_0_ori.png,To_Yukun_3DModelImageryEnhancement/To_Yukun_3DModelImageryEnhancement/s7_make_datasets/s1_trainingset/image_pitches_large/363_2_OSJDFRJRRU_1_14_2_D_Bed/100_363_2_OSJDFRJRRU_1_14_2_D_Bed_0_generated.png,True,True,True,900,900,900,900,severe,False,8.033129692077637,0.15339753086419752,18.0,26.5129187420967,0.9733644339365622,31.625337677001927,0.99297609917737,0,0.0
image_pitches_large/100_379_11_SKBKBPEAPE_1_11_20_C_Living_0,image_pitches_large,image_pitches_large,379_11_SKBKBPEAPE_1_11_20_C_Living,val,To_Yukun_3DModelImageryEnhancement/To_Yukun_3DModelImageryEnhancement/s7_make_datasets/s1_trainingset/image_pitches_large/379_11_SKBKBPEAPE_1_11_20_C_Living/100_379_11_SKBKBPEAPE_1_11_20_C_Living_0_ori.png,To_Yukun_3DModelImageryEnhancement/To_Yukun_3DModelImageryEnhancement/s7_make_datasets/s1_trainingset/image_pitches_large/379_11_SKBKBPEAPE_1_11_20_C_Living/100_379_11_SKBKBPEAPE_1_11_20_C_Living_0_generated.png,True,True,True,900,900,900,900,severe,False,4.464175701141357,0.11692098765432099,20.0,27.70691755011018,0.9897694869452136,35.05026967945619,0.9984948460733463,0,0.0
image_pitches_large/101_379_11_SKBKBPEAPE_1_11_20_C_Living_1,image_pitches_large,image_pitches_large,379_11_SKBKBPEAPE_1_11_20_C_Living,val,To_Yukun_3DModelImageryEnhancement/To_Yukun_3DModelImageryEnhancement/s7_make_datasets/s1_trainingset/image_pitches_large/379_11_SKBKBPEAPE_1_11_20_C_Living/101_379_11_SKBKBPEAPE_1_11_20_C_Living_1_ori.png,To_Yukun_3DModelImageryEnhancement/To_Yukun_3DModelImageryEnhancement/s7_make_datasets/s1_trainingset/image_pitches_large/379_11_SKBKBPEAPE_1_11_20_C_Living/101_379_11_SKBKBPEAPE_1_11_20_C_Living_1_generated.png,True,True,True,900,900,900,900,medium,False,1.4491817951202393,0.022969135802469134,37.0,28.91430751047942,0.9436819796249415,40.00315973650758,0.9963103761408449,0,0.0
image_pitches_large/100_396_11_SKBKBPEAPE_1_12_1_C_Bed_0,image_pitches_large,image_pitches_large,396_11_SKBKBPEAPE_1_12_1_C_Bed,train,To_Yukun_3DModelImageryEnhancement/To_Yukun_3DModelImageryEnhancement/s7_make_datasets/s1_trainingset/image_pitches_large/396_11_SKBKBPEAPE_1_12_1_C_Bed/100_396_11_SKBKBPEAPE_1_12_1_C_Bed_0_ori.png,To_Yukun_3DModelImageryEnhancement/To_Yukun_3DModelImageryEnhancement/s7_make_datasets/s1_trainingset/image_pitches_large/396_11_SKBKBPEAPE_1_12_1_C_Bed/100_396_11_SKBKBPEAPE_1_12_1_C_Bed_0_generated.png,True,True,True,900,900,900,900,severe,False,5.36665678024292,0.14976172839506172,19.33333396911621,25.996977550364008,0.9883703985948004,35.94392159416867,0.9990334661116281,0,0.0
image_pitches_large/100_562_17_SKPDPPERPE_2_29_38_B_Living_0,image_pitches_large,image_pitches_large,562_17_SKPDPPERPE_2_29_38_B_Living,val,To_Yukun_3DModelImageryEnhancement/To_Yukun_3DModelImageryEnhancement/s7_make_datasets/s1_trainingset/image_pitches_large/562_17_SKPDPPERPE_2_29_38_B_Living/100_562_17_SKPDPPERPE_2_29_38_B_Living_0_ori.png,To_Yukun_3DModelImageryEnhancement/To_Yukun_3DModelImageryEnhancement/s7_make_datasets/s1_trainingset/image_pitches_large/562_17_SKPDPPERPE_2_29_38_B_Living/100_562_17_SKPDPPERPE_2_29_38_B_Living_0_generated.png,True,True,True,900,900,900,900,severe,False,7.174593925476074,0.15675432098765432,27.0,24.222985594250144,0.970482471972603,32.551409060911865,0.9964528431430711,0,0.0
image_pitches_large/101_562_17_SKPDPPERPE_2_29_38_B_Living_1,image_pitches_large,image_pitches_large,562_17_SKPDPPERPE_2_29_38_B_Living,val,To_Yukun_3DModelImageryEnhancement/To_Yukun_3DModelImageryEnhancement/s7_make_datasets/s1_trainingset/image_pitches_large/562_17_SKPDPPERPE_2_29_38_B_Living/101_562_17_SKPDPPERPE_2_29_38_B_Living_1_ori.png,To_Yukun_3DModelImageryEnhancement/To_Yukun_3DModelImageryEnhancement/s7_make_datasets/s1_trainingset/image_pitches_large/562_17_SKPDPPERPE_2_29_38_B_Living/101_562_17_SKPDPPERPE_2_29_38_B_Living_1_generated.png,True,True,True,900,900,900,900,light,False,1.124808669090271,0.03077283950617284,35.66666793823242,31.311365256837238,0.9722462208276113,41.5575022983101,0.9978594885431912,0,0.0
image_pitches_large/100_56_15_SKEYPPEAPE_1_3_10_A_MBath_0,image_pitches_large,image_pitches_large,56_15_SKEYPPEAPE_1_3_10_A_MBath,train,To_Yukun_3DModelImageryEnhancement/To_Yukun_3DModelImageryEnhancement/s7_make_datasets/s1_trainingset/image_pitches_large/56_15_SKEYPPEAPE_1_3_10_A_MBath/100_56_15_SKEYPPEAPE_1_3_10_A_MBath_0_ori.png,To_Yukun_3DModelImageryEnhancement/To_Yukun_3DModelImageryEnhancement/s7_make_datasets/s1_trainingset/image_pitches_large/56_15_SKEYPPEAPE_1_3_10_A_MBath/100_56_15_SKEYPPEAPE_1_3_10_A_MBath_0_generated.png,True,True,True,900,900,900,900,medium,False,2.6964104175567627,0.07431851851851852,27.0,28.564602668871238,0.9884599387399204,38.24576867925588,0.9988464580877319,0,0.0
image_pitches_large/101_56_15_SKEYPPEAPE_1_3_10_A_MBath_1,image_pitches_large,image_pitches_large,56_15_SKEYPPEAPE_1_3_10_A_MBath,train,To_Yukun_3DModelImageryEnhancement/To_Yukun_3DModelImageryEnhancement/s7_make_datasets/s1_trainingset/image_pitches_large/56_15_SKEYPPEAPE_1_3_10_A_MBath/101_56_15_SKEYPPEAPE_1_3_10_A_MBath_1_ori.png,To_Yukun_3DModelImageryEnhancement/To_Yukun_3DModelImageryEnhancement/s7_make_datasets/s1_trainingset/image_pitches_large/56_15_SKEYPPEAPE_1_3_10_A_MBath/101_56_15_SKEYPPEAPE_1_3_10_A_MBath_1_generated.png,True,True,True,900,900,900,900,severe,False,3.7812445163726807,0.07168271604938271,18.0,30.20416950382454,0.9956694044248698,34.60893682613742,0.998511625237504,0,0.0
image_pitches_large/103_56_15_SKEYPPEAPE_1_3_10_A_MBath_3,image_pitches_large,image_pitches_large,56_15_SKEYPPEAPE_1_3_10_A_MBath,train,To_Yukun_3DModelImageryEnhancement/To_Yukun_3DModelImageryEnhancement/s7_make_datasets/s1_trainingset/image_pitches_large/56_15_SKEYPPEAPE_1_3_10_A_MBath/103_56_15_SKEYPPEAPE_1_3_10_A_MBath_3_ori.png,To_Yukun_3DModelImageryEnhancement/To_Yukun_3DModelImageryEnhancement/s7_make_datasets/s1_trainingset/image_pitches_large/56_15_SKEYPPEAPE_1_3_10_A_MBath/103_56_15_SKEYPPEAPE_1_3_10_A_MBath_3_generated.png,True,True,True,900,900,900,900,light,False,0.17700247466564178,0.004324691358024692,38.33333206176758,40.1049159289856,0.9860239683265044,48.32270591687941,0.9980260244071598,0,0.0
image_pitches_large/100_589_87_TZSNTHIAHM_1_22_6_D_MBed_0,image_pitches_large,image_pitches_large,589_87_TZSNTHIAHM_1_22_6_D_MBed,train,To_Yukun_3DModelImageryEnhancement/To_Yukun_3DModelImageryEnhancement/s7_make_datasets/s1_trainingset/image_pitches_large/589_87_TZSNTHIAHM_1_22_6_D_MBed/100_589_87_TZSNTHIAHM_1_22_6_D_MBed_0_ori.png,To_Yukun_3DModelImageryEnhancement/To_Yukun_3DModelImageryEnhancement/s7_make_datasets/s1_trainingset/image_pitches_large/589_87_TZSNTHIAHM_1_22_6_D_MBed/100_589_87_TZSNTHIAHM_1_22_6_D_MBed_0_generated.png,True,True,True,900,900,900,900,light,False,0.7595066428184509,0.02620246913580247,18.0,37.03629339522883,0.9974390109886566,43.28954890454747,0.9994062740060085,0,0.0
image_pitches_large/101_589_87_TZSNTHIAHM_1_22_6_D_MBed_1,image_pitches_large,image_pitches_large,589_87_TZSNTHIAHM_1_22_6_D_MBed,train,To_Yukun_3DModelImageryEnhancement/To_Yukun_3DModelImageryEnhancement/s7_make_datasets/s1_trainingset/image_pitches_large/589_87_TZSNTHIAHM_1_22_6_D_MBed/101_589_87_TZSNTHIAHM_1_22_6_D_MBed_1_ori.png,To_Yukun_3DModelImageryEnhancement/To_Yukun_3DModelImageryEnhancement/s7_make_datasets/s1_trainingset/image_pitches_large/589_87_TZSNTHIAHM_1_22_6_D_MBed/101_589_87_TZSNTHIAHM_1_22_6_D_MBed_1_generated.png,True,True,True,900,900,900,900,severe,False,5.951756000518799,0.17181358024691357,20.66666603088379,25.48988239075193,0.9891072760969472,34.79455859270328,0.9988958776429694,0,0.0
image_pitches_large/100_590_2_OSJDFRJRRU_1_20_31_F_Bed_0,image_pitches_large,image_pitches_large,590_2_OSJDFRJRRU_1_20_31_F_Bed,val,To_Yukun_3DModelImageryEnhancement/To_Yukun_3DModelImageryEnhancement/s7_make_datasets/s1_trainingset/image_pitches_large/590_2_OSJDFRJRRU_1_20_31_F_Bed/100_590_2_OSJDFRJRRU_1_20_31_F_Bed_0_ori.png,To_Yukun_3DModelImageryEnhancement/To_Yukun_3DModelImageryEnhancement/s7_make_datasets/s1_trainingset/image_pitches_large/590_2_OSJDFRJRRU_1_20_31_F_Bed/100_590_2_OSJDFRJRRU_1_20_31_F_Bed_0_generated.png,True,True,True,900,900,900,900,severe,False,7.537782669067383,0.23220493827160493,19.33333396911621,24.71595119263761,0.9858035592360866,34.65862792465592,0.9988206866822411,0,0.0
image_pitches_large/103_590_2_OSJDFRJRRU_1_20_31_F_Bed_3,image_pitches_large,image_pitches_large,590_2_OSJDFRJRRU_1_20_31_F_Bed,val,To_Yukun_3DModelImageryEnhancement/To_Yukun_3DModelImageryEnhancement/s7_make_datasets/s1_trainingset/image_pitches_large/590_2_OSJDFRJRRU_1_20_31_F_Bed/103_590_2_OSJDFRJRRU_1_20_31_F_Bed_3_ori.png,To_Yukun_3DModelImageryEnhancement/To_Yukun_3DModelImageryEnhancement/s7_make_datasets/s1_trainingset/image_pitches_large/590_2_OSJDFRJRRU_1_20_31_F_Bed/103_590_2_OSJDFRJRRU_1_20_31_F_Bed_3_generated.png,True,True,True,900,900,900,900,severe,False,3.8876912593841553,0.09057530864197531,31.33333396911621,26.462204264867598,0.9809960446374153,35.472570402034485,0.9978185118316084,0,0.0
image_pitches_large/100_594_30_SKPPWKPEPE_2_38_36_B_Living_0,image_pitches_large,image_pitches_large,594_30_SKPPWKPEPE_2_38_36_B_Living,test,To_Yukun_3DModelImageryEnhancement/To_Yukun_3DModelImageryEnhancement/s7_make_datasets/s1_trainingset/image_pitches_large/594_30_SKPPWKPEPE_2_38_36_B_Living/100_594_30_SKPPWKPEPE_2_38_36_B_Living_0_ori.png,To_Yukun_3DModelImageryEnhancement/To_Yukun_3DModelImageryEnhancement/s7_make_datasets/s1_trainingset/image_pitches_large/594_30_SKPPWKPEPE_2_38_36_B_Living/100_594_30_SKPPWKPEPE_2_38_36_B_Living_0_generated.png,True,True,True,900,900,900,900,severe,False,3.7365481853485107,0.0664358024691358,35.33333206176758,26.532880980644123,0.9812283155220014,34.21359260982757,0.9969631600480287,0,0.0
image_pitches_large/100_594_86_TZSMTHISHM_1_22_15_D_Bath_0,image_pitches_large,image_pitches_large,594_86_TZSMTHISHM_1_22_15_D_Bath,train,To_Yukun_3DModelImageryEnhancement/To_Yukun_3DModelImageryEnhancement/s7_make_datasets/s1_trainingset/image_pitches_large/594_86_TZSMTHISHM_1_22_15_D_Bath/100_594_86_TZSMTHISHM_1_22_15_D_Bath_0_ori.png,To_Yukun_3DModelImageryEnhancement/To_Yukun_3DModelImageryEnhancement/s7_make_datasets/s1_trainingset/image_pitches_large/594_86_TZSMTHISHM_1_22_15_D_Bath/100_594_86_TZSMTHISHM_1_22_15_D_Bath_0_generated.png,True,True,True,900,900,900,900,severe,False,4.623205661773682,0.15413086419753086,18.0,26.674777701155765,0.9895765415427094,37.735493880586844,0.9992544645216265,0,0.0
image_pitches_large/102_594_86_TZSMTHISHM_1_22_15_D_Bath_2,image_pitches_large,image_pitches_large,594_86_TZSMTHISHM_1_22_15_D_Bath,train,To_Yukun_3DModelImageryEnhancement/To_Yukun_3DModelImageryEnhancement/s7_make_datasets/s1_trainingset/image_pitches_large/594_86_TZSMTHISHM_1_22_15_D_Bath/102_594_86_TZSMTHISHM_1_22_15_D_Bath_2_ori.png,To_Yukun_3DModelImageryEnhancement/To_Yukun_3DModelImageryEnhancement/s7_make_datasets/s1_trainingset/image_pitches_large/594_86_TZSMTHISHM_1_22_15_D_Bath/102_594_86_TZSMTHISHM_1_22_15_D_Bath_2_generated.png,True,True,True,900,900,900,900,medium,False,2.728994369506836,0.09969506172839507,18.0,30.61153382415766,0.9960716236330817,38.2612417407931,0.9993901031575395,0,0.0
image_pitches_large/103_594_86_TZSMTHISHM_1_22_15_D_Bath_3,image_pitches_large,image_pitches_large,594_86_TZSMTHISHM_1_22_15_D_Bath,train,To_Yukun_3DModelImageryEnhancement/To_Yukun_3DModelImageryEnhancement/s7_make_datasets/s1_trainingset/image_pitches_large/594_86_TZSMTHISHM_1_22_15_D_Bath/103_594_86_TZSMTHISHM_1_22_15_D_Bath_3_ori.png,To_Yukun_3DModelImageryEnhancement/To_Yukun_3DModelImageryEnhancement/s7_make_datasets/s1_trainingset/image_pitches_large/594_86_TZSMTHISHM_1_22_15_D_Bath/103_594_86_TZSMTHISHM_1_22_15_D_Bath_3_generated.png,True,True,True,900,900,900,900,light,False,1.1628514528274536,0.023392592592592593,18.0,35.00643869254622,0.997452698378019,39.40463024838941,0.9991960156785652,0,0.0
image_pitches_large/100_594_87_TZSNTHIAHM_1_22_11_D_MBed_0,image_pitches_large,image_pitches_large,594_87_TZSNTHIAHM_1_22_11_D_MBed,train,To_Yukun_3DModelImageryEnhancement/To_Yukun_3DModelImageryEnhancement/s7_make_datasets/s1_trainingset/image_pitches_large/594_87_TZSNTHIAHM_1_22_11_D_MBed/100_594_87_TZSNTHIAHM_1_22_11_D_MBed_0_ori.png,To_Yukun_3DModelImageryEnhancement/To_Yukun_3DModelImageryEnhancement/s7_make_datasets/s1_trainingset/image_pitches_large/594_87_TZSNTHIAHM_1_22_11_D_MBed/100_594_87_TZSNTHIAHM_1_22_11_D_MBed_0_generated.png,True,True,True,900,900,900,900,light,False,0.713880717754364,0.024628395061728394,18.0,37.136732697053056,0.9975269042887891,43.47892360283438,0.9994563770940652,0,0.0
image_pitches_large/101_594_87_TZSNTHIAHM_1_22_11_D_MBed_1,image_pitches_large,image_pitches_large,594_87_TZSNTHIAHM_1_22_11_D_MBed,train,To_Yukun_3DModelImageryEnhancement/To_Yukun_3DModelImageryEnhancement/s7_make_datasets/s1_trainingset/image_pitches_large/594_87_TZSNTHIAHM_1_22_11_D_MBed/101_594_87_TZSNTHIAHM_1_22_11_D_MBed_1_ori.png,To_Yukun_3DModelImageryEnhancement/To_Yukun_3DModelImageryEnhancement/s7_make_datasets/s1_trainingset/image_pitches_large/594_87_TZSNTHIAHM_1_22_11_D_MBed/101_594_87_TZSNTHIAHM_1_22_11_D_MBed_1_generated.png,True,True,True,900,900,900,900,severe,False,5.568149566650391,0.14314320987654322,22.33333396911621,25.525158106829036,0.9876922612194905,34.66073988363146,0.9986858353289483,0,0.0
image_pitches_large/106_594_87_TZSNTHIAHM_1_22_11_D_MBed_6,image_pitches_large,image_pitches_large,594_87_TZSNTHIAHM_1_22_11_D_MBed,train,To_Yukun_3DModelImageryEnhancement/To_Yukun_3DModelImageryEnhancement/s7_make_datasets/s1_trainingset/image_pitches_large/594_87_TZSNTHIAHM_1_22_11_D_MBed/106_594_87_TZSNTHIAHM_1_22_11_D_MBed_6_ori.png,To_Yukun_3DModelImageryEnhancement/To_Yukun_3DModelImageryEnhancement/s7_make_datasets/s1_trainingset/image_pitches_large/594_87_TZSNTHIAHM_1_22_11_D_MBed/106_594_87_TZSNTHIAHM_1_22_11_D_MBed_6_generated.png,True,True,True,900,900,900,900,light,False,0.9599292278289795,0.014703703703703703,54.0,30.586077961118306,0.9664086283748397,40.03468071602058,0.9964558420643408,0,0.0
image_pitches_large/100_608_82_TZNITHIOHM_1_117_27_D_Bed_0,image_pitches_large,image_pitches_large,608_82_TZNITHIOHM_1_117_27_D_Bed,train,To_Yukun_3DModelImageryEnhancement/To_Yukun_3DModelImageryEnhancement/s7_make_datasets/s1_trainingset/image_pitches_large/608_82_TZNITHIOHM_1_117_27_D_Bed/100_608_82_TZNITHIOHM_1_117_27_D_Bed_0_ori.png,To_Yukun_3DModelImageryEnhancement/To_Yukun_3DModelImageryEnhancement/s7_make_datasets/s1_trainingset/image_pitches_large/608_82_TZNITHIOHM_1_117_27_D_Bed/100_608_82_TZNITHIOHM_1_117_27_D_Bed_0_generated.png,True,True,True,900,900,900,900,severe,False,8.494833946228027,0.20601358024691357,18.0,25.029944822473453,0.9735351768675996,32.85427345440556,0.996176407815443,0,0.0
image_pitches_large/100_609_11_SKBKBPEAPE_1_17_34_D_Bed_0,image_pitches_large,image_pitches_large,609_11_SKBKBPEAPE_1_17_34_D_Bed,train,To_Yukun_3DModelImageryEnhancement/To_Yukun_3DModelImageryEnhancement/s7_make_datasets/s1_trainingset/image_pitches_large/609_11_SKBKBPEAPE_1_17_34_D_Bed/100_609_11_SKBKBPEAPE_1_17_34_D_Bed_0_ori.png,To_Yukun_3DModelImageryEnhancement/To_Yukun_3DModelImageryEnhancement/s7_make_datasets/s1_trainingset/image_pitches_large/609_11_SKBKBPEAPE_1_17_34_D_Bed/100_609_11_SKBKBPEAPE_1_17_34_D_Bed_0_generated.png,True,True,True,900,900,900,900,medium,False,2.274472951889038,0.0574,30.0,29.383140463824734,0.9843739647545808,37.88586788673988,0.9979643173314807,0,0.0
image_pitches_large/101_609_11_SKBKBPEAPE_1_17_34_D_Bed_1,image_pitches_large,image_pitches_large,609_11_SKBKBPEAPE_1_17_34_D_Bed,train,To_Yukun_3DModelImageryEnhancement/To_Yukun_3DModelImageryEnhancement/s7_make_datasets/s1_trainingset/image_pitches_large/609_11_SKBKBPEAPE_1_17_34_D_Bed/101_609_11_SKBKBPEAPE_1_17_34_D_Bed_1_ori.png,To_Yukun_3DModelImageryEnhancement/To_Yukun_3DModelImageryEnhancement/s7_make_datasets/s1_trainingset/image_pitches_large/609_11_SKBKBPEAPE_1_17_34_D_Bed/101_609_11_SKBKBPEAPE_1_17_34_D_Bed_1_generated.png,True,True,True,900,900,900,900,light,False,1.1499292850494385,0.024411111111111113,32.66666793823242,31.975335683540784,0.9833588026835524,40.539150035494075,0.9980087836894092,0,0.0
image_pitches_large/100_631_86_TZSMTHISHM_1_23_23_D_Utility_0,image_pitches_large,image_pitches_large,631_86_TZSMTHISHM_1_23_23_D_Utility,train,To_Yukun_3DModelImageryEnhancement/To_Yukun_3DModelImageryEnhancement/s7_make_datasets/s1_trainingset/image_pitches_large/631_86_TZSMTHISHM_1_23_23_D_Utility/100_631_86_TZSMTHISHM_1_23_23_D_Utility_0_ori.png,To_Yukun_3DModelImageryEnhancement/To_Yukun_3DModelImageryEnhancement/s7_make_datasets/s1_trainingset/image_pitches_large/631_86_TZSMTHISHM_1_23_23_D_Utility/100_631_86_TZSMTHISHM_1_23_23_D_Utility_0_generated.png,True,True,True,900,900,900,900,severe,False,5.597708702087402,0.17070246913580248,18.0,26.553764006143616,0.9883659890918021,35.156401996178985,0.9986888935593654,0,0.0
image_pitches_large/101_631_86_TZSMTHISHM_1_23_23_D_Utility_1,image_pitches_large,image_pitches_large,631_86_TZSMTHISHM_1_23_23_D_Utility,train,To_Yukun_3DModelImageryEnhancement/To_Yukun_3DModelImageryEnhancement/s7_make_datasets/s1_trainingset/image_pitches_large/631_86_TZSMTHISHM_1_23_23_D_Utility/101_631_86_TZSMTHISHM_1_23_23_D_Utility_1_ori.png,To_Yukun_3DModelImageryEnhancement/To_Yukun_3DModelImageryEnhancement/s7_make_datasets/s1_trainingset/image_pitches_large/631_86_TZSMTHISHM_1_23_23_D_Utility/101_631_86_TZSMTHISHM_1_23_23_D_Utility_1_generated.png,True,True,True,900,900,900,900,severe,False,4.489592552185059,0.12948888888888888,23.66666603088379,26.303907176747355,0.9853573506500611,37.22807960407768,0.9989171812316803,0,0.0
image_pitches_large/100_632_3_OSRJURUXRU_1_31_15_D_MBed_0,image_pitches_large,image_pitches_large,632_3_OSRJURUXRU_1_31_15_D_MBed,train,To_Yukun_3DModelImageryEnhancement/To_Yukun_3DModelImageryEnhancement/s7_make_datasets/s1_trainingset/image_pitches_large/632_3_OSRJURUXRU_1_31_15_D_MBed/100_632_3_OSRJURUXRU_1_31_15_D_MBed_0_ori.png,To_Yukun_3DModelImageryEnhancement/To_Yukun_3DModelImageryEnhancement/s7_make_datasets/s1_trainingset/image_pitches_large/632_3_OSRJURUXRU_1_31_15_D_MBed/100_632_3_OSRJURUXRU_1_31_15_D_MBed_0_generated.png,True,True,True,900,900,900,900,severe,False,8.747095108032227,0.2745925925925926,19.0,24.77697152103406,0.9851609092916974,33.097155966807435,0.9981033955700526,0,0.0
image_pitches_large/200_632_3_OSRJURUXRU_1_31_15_D_MBed_0,image_pitches_large,image_pitches_large,632_3_OSRJURUXRU_1_31_15_D_MBed,train,To_Yukun_3DModelImageryEnhancement/To_Yukun_3DModelImageryEnhancement/s7_make_datasets/s1_trainingset/image_pitches_large/632_3_OSRJURUXRU_1_31_15_D_MBed/200_632_3_OSRJURUXRU_1_31_15_D_MBed_0_ori.png,To_Yukun_3DModelImageryEnhancement/To_Yukun_3DModelImageryEnhancement/s7_make_datasets/s1_trainingset/image_pitches_large/632_3_OSRJURUXRU_1_31_15_D_MBed/200_632_3_OSRJURUXRU_1_31_15_D_MBed_0_generated.png,True,True,True,900,900,900,900,severe,False,8.718087196350098,0.2694469135802469,19.33333396911621,24.554951605647677,0.9844993692170175,33.32595941394686,0.9982366713724325,0,0.0
image_pitches_large/102_632_84_TZSHZHMRHM_1_20_25_B_Living_2,image_pitches_large,image_pitches_large,632_84_TZSHZHMRHM_1_20_25_B_Living,test,To_Yukun_3DModelImageryEnhancement/To_Yukun_3DModelImageryEnhancement/s7_make_datasets/s1_trainingset/image_pitches_large/632_84_TZSHZHMRHM_1_20_25_B_Living/102_632_84_TZSHZHMRHM_1_20_25_B_Living_2_ori.png,To_Yukun_3DModelImageryEnhancement/To_Yukun_3DModelImageryEnhancement/s7_make_datasets/s1_trainingset/image_pitches_large/632_84_TZSHZHMRHM_1_20_25_B_Living/102_632_84_TZSHZHMRHM_1_20_25_B_Living_2_generated.png,True,True,True,900,900,900,900,medium,False,3.215381145477295,0.07295432098765432,29.66666603088379,27.241017812346946,0.9831972524380979,36.119481916981194,0.9984009115912573,0,0.0
image_pitches_large/103_632_84_TZSHZHMRHM_1_20_25_B_Living_3,image_pitches_large,image_pitches_large,632_84_TZSHZHMRHM_1_20_25_B_Living,test,To_Yukun_3DModelImageryEnhancement/To_Yukun_3DModelImageryEnhancement/s7_make_datasets/s1_trainingset/image_pitches_large/632_84_TZSHZHMRHM_1_20_25_B_Living/103_632_84_TZSHZHMRHM_1_20_25_B_Living_3_ori.png,To_Yukun_3DModelImageryEnhancement/To_Yukun_3DModelImageryEnhancement/s7_make_datasets/s1_trainingset/image_pitches_large/632_84_TZSHZHMRHM_1_20_25_B_Living/103_632_84_TZSHZHMRHM_1_20_25_B_Living_3_generated.png,True,True,True,900,900,900,900,light,False,1.1558362245559692,0.025207407407407408,36.33333206176758,31.015761405319676,0.9721861075163155,40.84082460325044,0.9975849774675901,0,0.0
image_pitches_large/100_637_3_OSRJURUXRU_1_31_20_D_MBed_0,image_pitches_large,image_pitches_large,637_3_OSRJURUXRU_1_31_20_D_MBed,train,To_Yukun_3DModelImageryEnhancement/To_Yukun_3DModelImageryEnhancement/s7_make_datasets/s1_trainingset/image_pitches_large/637_3_OSRJURUXRU_1_31_20_D_MBed/100_637_3_OSRJURUXRU_1_31_20_D_MBed_0_ori.png,To_Yukun_3DModelImageryEnhancement/To_Yukun_3DModelImageryEnhancement/s7_make_datasets/s1_trainingset/image_pitches_large/637_3_OSRJURUXRU_1_31_20_D_MBed/100_637_3_OSRJURUXRU_1_31_20_D_MBed_0_generated.png,True,True,True,900,900,900,900,severe,False,4.154285907745361,0.11040740740740741,18.0,28.742103730554135,0.9938434762741832,35.153172124073976,0.9988161044042725,0,0.0
image_pitches_large/101_637_3_OSRJURUXRU_1_31_20_D_MBed_1,image_pitches_large,image_pitches_large,637_3_OSRJURUXRU_1_31_20_D_MBed,train,To_Yukun_3DModelImageryEnhancement/To_Yukun_3DModelImageryEnhancement/s7_make_datasets/s1_trainingset/image_pitches_large/637_3_OSRJURUXRU_1_31_20_D_MBed/101_637_3_OSRJURUXRU_1_31_20_D_MBed_1_ori.png,To_Yukun_3DModelImageryEnhancement/To_Yukun_3DModelImageryEnhancement/s7_make_datasets/s1_trainingset/image_pitches_large/637_3_OSRJURUXRU_1_31_20_D_MBed/101_637_3_OSRJURUXRU_1_31_20_D_MBed_1_generated.png,True,True,True,900,900,900,900,medium,False,1.437286138534546,0.02913827160493827,35.66666793823242,29.99066412789512,0.9740119365770835,39.64936411915899,0.997669784696205,0,0.0
image_pitches_large/102_637_3_OSRJURUXRU_1_31_20_D_MBed_2,image_pitches_large,image_pitches_large,637_3_OSRJURUXRU_1_31_20_D_MBed,train,To_Yukun_3DModelImageryEnhancement/To_Yukun_3DModelImageryEnhancement/s7_make_datasets/s1_trainingset/image_pitches_large/637_3_OSRJURUXRU_1_31_20_D_MBed/102_637_3_OSRJURUXRU_1_31_20_D_MBed_2_ori.png,To_Yukun_3DModelImageryEnhancement/To_Yukun_3DModelImageryEnhancement/s7_make_datasets/s1_trainingset/image_pitches_large/637_3_OSRJURUXRU_1_31_20_D_MBed/102_637_3_OSRJURUXRU_1_31_20_D_MBed_2_generated.png,True,True,True,900,900,900,900,light,False,0.17488394677639008,0.003745679012345679,27.66666603088379,39.83801255188989,0.9898829922351763,48.0846957486859,0.9987934341214156,0,0.0
image_pitches_large/100_650_86_TZSMTHISHM_1_24_13_D_LivingDining_0,image_pitches_large,image_pitches_large,650_86_TZSMTHISHM_1_24_13_D_LivingDining,test,To_Yukun_3DModelImageryEnhancement/To_Yukun_3DModelImageryEnhancement/s7_make_datasets/s1_trainingset/image_pitches_large/650_86_TZSMTHISHM_1_24_13_D_LivingDining/100_650_86_TZSMTHISHM_1_24_13_D_LivingDining_0_ori.png,To_Yukun_3DModelImageryEnhancement/To_Yukun_3DModelImageryEnhancement/s7_make_datasets/s1_trainingset/image_pitches_large/650_86_TZSMTHISHM_1_24_13_D_LivingDining/100_650_86_TZSMTHISHM_1_24_13_D_LivingDining_0_generated.png,True,True,True,900,900,900,900,severe,False,4.266120433807373,0.15194567901234568,18.0,27.11440089174712,0.9902293950576526,37.51848346683057,0.9992176709427056,0,0.0
image_pitches_large/101_650_86_TZSMTHISHM_1_24_13_D_LivingDining_1,image_pitches_large,image_pitches_large,650_86_TZSMTHISHM_1_24_13_D_LivingDining,test,To_Yukun_3DModelImageryEnhancement/To_Yukun_3DModelImageryEnhancement/s7_make_datasets/s1_trainingset/image_pitches_large/650_86_TZSMTHISHM_1_24_13_D_LivingDining/101_650_86_TZSMTHISHM_1_24_13_D_LivingDining_1_ori.png,To_Yukun_3DModelImageryEnhancement/To_Yukun_3DModelImageryEnhancement/s7_make_datasets/s1_trainingset/image_pitches_large/650_86_TZSMTHISHM_1_24_13_D_LivingDining/101_650_86_TZSMTHISHM_1_24_13_D_LivingDining_1_generated.png,True,True,True,900,900,900,900,severe,False,3.8039684295654297,0.07761604938271605,18.0,30.149633905998602,0.9965531842695508,34.709423118614005,0.9989176884586907,0,0.0
image_pitches_large/200_650_86_TZSMTHISHM_1_24_13_D_LivingDining_0,image_pitches_large,image_pitches_large,650_86_TZSMTHISHM_1_24_13_D_LivingDining,test,To_Yukun_3DModelImageryEnhancement/To_Yukun_3DModelImageryEnhancement/s7_make_datasets/s1_trainingset/image_pitches_large/650_86_TZSMTHISHM_1_24_13_D_LivingDining/200_650_86_TZSMTHISHM_1_24_13_D_LivingDining_0_ori.png,To_Yukun_3DModelImageryEnhancement/To_Yukun_3DModelImageryEnhancement/s7_make_datasets/s1_trainingset/image_pitches_large/650_86_TZSMTHISHM_1_24_13_D_LivingDining/200_650_86_TZSMTHISHM_1_24_13_D_LivingDining_0_generated.png,True,True,True,900,900,900,900,severe,False,4.574150085449219,0.14716296296296297,21.33333396911621,26.63331755482297,0.9891781085300648,37.34685966797315,0.9991800034276952,0,0.0
image_pitches_large/201_650_86_TZSMTHISHM_1_24_13_D_LivingDining_1,image_pitches_large,image_pitches_large,650_86_TZSMTHISHM_1_24_13_D_LivingDining,test,To_Yukun_3DModelImageryEnhancement/To_Yukun_3DModelImageryEnhancement/s7_make_datasets/s1_trainingset/image_pitches_large/650_86_TZSMTHISHM_1_24_13_D_LivingDining/201_650_86_TZSMTHISHM_1_24_13_D_LivingDining_1_ori.png,To_Yukun_3DModelImageryEnhancement/To_Yukun_3DModelImageryEnhancement/s7_make_datasets/s1_trainingset/image_pitches_large/650_86_TZSMTHISHM_1_24_13_D_LivingDining/201_650_86_TZSMTHISHM_1_24_13_D_LivingDining_1_generated.png,True,True,True,900,900,900,900,severe,False,3.777310609817505,0.07120864197530864,18.0,29.904267102285615,0.9963420633918759,34.60439215372816,0.9988696855028523,0,0.0
image_pitches_large/100_651_3_OSRJURUXRU_1_32_8_D_Bed_0,image_pitches_large,image_pitches_large,651_3_OSRJURUXRU_1_32_8_D_Bed,train,To_Yukun_3DModelImageryEnhancement/To_Yukun_3DModelImageryEnhancement/s7_make_datasets/s1_trainingset/image_pitches_large/651_3_OSRJURUXRU_1_32_8_D_Bed/100_651_3_OSRJURUXRU_1_32_8_D_Bed_0_ori.png,To_Yukun_3DModelImageryEnhancement/To_Yukun_3DModelImageryEnhancement/s7_make_datasets/s1_trainingset/image_pitches_large/651_3_OSRJURUXRU_1_32_8_D_Bed/100_651_3_OSRJURUXRU_1_32_8_D_Bed_0_generated.png,True,True,True,900,900,900,900,severe,False,5.210010528564453,0.18190493827160495,18.0,27.40665587478835,0.9937803745520818,36.02865218073336,0.9992276125230539,0,0.0
image_pitches_large/101_651_3_OSRJURUXRU_1_32_8_D_Bed_1,image_pitches_large,image_pitches_large,651_3_OSRJURUXRU_1_32_8_D_Bed,train,To_Yukun_3DModelImageryEnhancement/To_Yukun_3DModelImageryEnhancement/s7_make_datasets/s1_trainingset/image_pitches_large/651_3_OSRJURUXRU_1_32_8_D_Bed/101_651_3_OSRJURUXRU_1_32_8_D_Bed_1_ori.png,To_Yukun_3DModelImageryEnhancement/To_Yukun_3DModelImageryEnhancement/s7_make_datasets/s1_trainingset/image_pitches_large/651_3_OSRJURUXRU_1_32_8_D_Bed/101_651_3_OSRJURUXRU_1_32_8_D_Bed_1_generated.png,True,True,True,900,900,900,900,medium,False,2.5459887981414795,0.04498888888888889,18.0,32.57666161947492,0.9978214346845268,35.83937713750059,0.9990612746749078,0,0.0
image_pitches_large/100_666_87_TZSNTHIAHM_1_24_25_D_LivingDining_0,image_pitches_large,image_pitches_large,666_87_TZSNTHIAHM_1_24_25_D_LivingDining,train,To_Yukun_3DModelImageryEnhancement/To_Yukun_3DModelImageryEnhancement/s7_make_datasets/s1_trainingset/image_pitches_large/666_87_TZSNTHIAHM_1_24_25_D_LivingDining/100_666_87_TZSNTHIAHM_1_24_25_D_LivingDining_0_ori.png,To_Yukun_3DModelImageryEnhancement/To_Yukun_3DModelImageryEnhancement/s7_make_datasets/s1_trainingset/image_pitches_large/666_87_TZSNTHIAHM_1_24_25_D_LivingDining/100_666_87_TZSNTHIAHM_1_24_25_D_LivingDining_0_generated.png,True,True,True,900,900,900,900,severe,False,4.571723937988281,0.11867407407407407,18.0,28.046259383648714,0.9917249323957782,35.19668453574755,0.9986165994449433,0,0.0
image_pitches_large/101_666_87_TZSNTHIAHM_1_24_25_D_LivingDining_1,image_pitches_large,image_pitches_large,666_87_TZSNTHIAHM_1_24_25_D_LivingDining,train,To_Yukun_3DModelImageryEnhancement/To_Yukun_3DModelImageryEnhancement/s7_make_datasets/s1_trainingset/image_pitches_large/666_87_TZSNTHIAHM_1_24_25_D_LivingDining/101_666_87_TZSNTHIAHM_1_24_25_D_LivingDining_1_ori.png,To_Yukun_3DModelImageryEnhancement/To_Yukun_3DModelImageryEnhancement/s7_make_datasets/s1_trainingset/image_pitches_large/666_87_TZSNTHIAHM_1_24_25_D_LivingDining/101_666_87_TZSNTHIAHM_1_24_25_D_LivingDining_1_generated.png,True,True,True,900,900,900,900,light,False,0.538619339466095,0.014641975308641975,44.66666793823242,34.07210297119503,0.9796120340119425,45.038346006189,0.9986161033372364,0,0.0
image_pitches_large/200_666_87_TZSNTHIAHM_1_24_25_D_LivingDining_0,image_pitches_large,image_pitches_large,666_87_TZSNTHIAHM_1_24_25_D_LivingDining,train,To_Yukun_3DModelImageryEnhancement/To_Yukun_3DModelImageryEnhancement/s7_make_datasets/s1_trainingset/image_pitches_large/666_87_TZSNTHIAHM_1_24_25_D_LivingDining/200_666_87_TZSNTHIAHM_1_24_25_D_LivingDining_0_ori.png,To_Yukun_3DModelImageryEnhancement/To_Yukun_3DModelImageryEnhancement/s7_make_datasets/s1_trainingset/image_pitches_large/666_87_TZSNTHIAHM_1_24_25_D_LivingDining/200_666_87_TZSNTHIAHM_1_24_25_D_LivingDining_0_generated.png,True,True,True,900,900,900,900,severe,False,4.571723937988281,0.11867407407407407,18.0,28.046259383648714,0.9917249323957782,35.19668453574755,0.9986165994449433,0,0.0
image_pitches_large/201_666_87_TZSNTHIAHM_1_24_25_D_LivingDining_1,image_pitches_large,image_pitches_large,666_87_TZSNTHIAHM_1_24_25_D_LivingDining,train,To_Yukun_3DModelImageryEnhancement/To_Yukun_3DModelImageryEnhancement/s7_make_datasets/s1_trainingset/image_pitches_large/666_87_TZSNTHIAHM_1_24_25_D_LivingDining/201_666_87_TZSNTHIAHM_1_24_25_D_LivingDining_1_ori.png,To_Yukun_3DModelImageryEnhancement/To_Yukun_3DModelImageryEnhancement/s7_make_datasets/s1_trainingset/image_pitches_large/666_87_TZSNTHIAHM_1_24_25_D_LivingDining/201_666_87_TZSNTHIAHM_1_24_25_D_LivingDining_1_generated.png,True,True,True,900,900,900,900,light,False,0.538619339466095,0.014641975308641975,44.66666793823242,34.07210297119503,0.9796120340119425,45.038346006189,0.9986161033372364,0,0.0
image_pitches_large/100_667_3_OSRJURUXRU_1_32_24_D_Bed_0,image_pitches_large,image_pitches_large,667_3_OSRJURUXRU_1_32_24_D_Bed,val,To_Yukun_3DModelImageryEnhancement/To_Yukun_3DModelImageryEnhancement/s7_make_datasets/s1_trainingset/image_pitches_large/667_3_OSRJURUXRU_1_32_24_D_Bed/100_667_3_OSRJURUXRU_1_32_24_D_Bed_0_ori.png,To_Yukun_3DModelImageryEnhancement/To_Yukun_3DModelImageryEnhancement/s7_make_datasets/s1_trainingset/image_pitches_large/667_3_OSRJURUXRU_1_32_24_D_Bed/100_667_3_OSRJURUXRU_1_32_24_D_Bed_0_generated.png,True,True,True,900,900,900,900,severe,False,4.20212984085083,0.13374444444444444,19.33333396911621,28.016834426665902,0.9901251517345377,36.20954371752528,0.9987913421433333,0,0.0
image_pitches_large/100_682_41_SKSWBPWJPS_1_26_11_C_Bed_0,image_pitches_large,image_pitches_large,682_41_SKSWBPWJPS_1_26_11_C_Bed,train,To_Yukun_3DModelImageryEnhancement/To_Yukun_3DModelImageryEnhancement/s7_make_datasets/s1_trainingset/image_pitches_large/682_41_SKSWBPWJPS_1_26_11_C_Bed/100_682_41_SKSWBPWJPS_1_26_11_C_Bed_0_ori.png,To_Yukun_3DModelImageryEnhancement/To_Yukun_3DModelImageryEnhancement/s7_make_datasets/s1_trainingset/image_pitches_large/682_41_SKSWBPWJPS_1_26_11_C_Bed/100_682_41_SKSWBPWJPS_1_26_11_C_Bed_0_generated.png,True,True,True,900,900,900,900,severe,False,7.332254886627197,0.18204197530864197,24.0,24.185032964920204,0.978726238110886,33.922221253235314,0.9980202335586854,0,0.0
image_pitches_large/100_700_41_SKSWBPWJPS_1_28_1_C_LivingDining_0,image_pitches_large,image_pitches_large,700_41_SKSWBPWJPS_1_28_1_C_LivingDining,test,To_Yukun_3DModelImageryEnhancement/To_Yukun_3DModelImageryEnhancement/s7_make_datasets/s1_trainingset/image_pitches_large/700_41_SKSWBPWJPS_1_28_1_C_LivingDining/100_700_41_SKSWBPWJPS_1_28_1_C_LivingDining_0_ori.png,To_Yukun_3DModelImageryEnhancement/To_Yukun_3DModelImageryEnhancement/s7_make_datasets/s1_trainingset/image_pitches_large/700_41_SKSWBPWJPS_1_28_1_C_LivingDining/100_700_41_SKSWBPWJPS_1_28_1_C_LivingDining_0_generated.png,True,True,True,900,900,900,900,severe,False,5.876779556274414,0.14235185185185184,18.0,27.590455733158393,0.9927270954127574,34.2352897687429,0.9985776919074918,0,0.0
image_pitches_large/100_838_27_SKPPWEPXPE_5_95_23_B_Living_0,image_pitches_large,image_pitches_large,838_27_SKPPWEPXPE_5_95_23_B_Living,train,To_Yukun_3DModelImageryEnhancement/To_Yukun_3DModelImageryEnhancement/s7_make_datasets/s1_trainingset/image_pitches_large/838_27_SKPPWEPXPE_5_95_23_B_Living/100_838_27_SKPPWEPXPE_5_95_23_B_Living_0_ori.png,To_Yukun_3DModelImageryEnhancement/To_Yukun_3DModelImageryEnhancement/s7_make_datasets/s1_trainingset/image_pitches_large/838_27_SKPPWEPXPE_5_95_23_B_Living/100_838_27_SKPPWEPXPE_5_95_23_B_Living_0_generated.png,True,True,True,900,900,900,900,severe,False,3.856524705886841,0.07418641975308642,18.0,29.515136557758286,0.9960804866285627,34.96158079660251,0.9989557079322012,0,0.0
image_pitches_large/100_847_81_TZMNIHIXHM_1_22_43_C_MBed_0,image_pitches_large,image_pitches_large,847_81_TZMNIHIXHM_1_22_43_C_MBed,train,To_Yukun_3DModelImageryEnhancement/To_Yukun_3DModelImageryEnhancement/s7_make_datasets/s1_trainingset/image_pitches_large/847_81_TZMNIHIXHM_1_22_43_C_MBed/100_847_81_TZMNIHIXHM_1_22_43_C_MBed_0_ori.png,To_Yukun_3DModelImageryEnhancement/To_Yukun_3DModelImageryEnhancement/s7_make_datasets/s1_trainingset/image_pitches_large/847_81_TZMNIHIXHM_1_22_43_C_MBed/100_847_81_TZMNIHIXHM_1_22_43_C_MBed_0_generated.png,True,True,True,900,900,900,900,severe,False,5.618682861328125,0.09240123456790124,18.0,28.509398584922323,0.9479242689814004,34.138473013823905,0.9881659832913756,0,0.0
image_pitches_large/100_883_71_TZDZTHIRHM_1_26_34_C_LivingDining_0,image_pitches_large,image_pitches_large,883_71_TZDZTHIRHM_1_26_34_C_LivingDining,train,To_Yukun_3DModelImageryEnhancement/To_Yukun_3DModelImageryEnhancement/s7_make_datasets/s1_trainingset/image_pitches_large/883_71_TZDZTHIRHM_1_26_34_C_LivingDining/100_883_71_TZDZTHIRHM_1_26_34_C_LivingDining_0_ori.png,To_Yukun_3DModelImageryEnhancement/To_Yukun_3DModelImageryEnhancement/s7_make_datasets/s1_trainingset/image_pitches_large/883_71_TZDZTHIRHM_1_26_34_C_LivingDining/100_883_71_TZDZTHIRHM_1_26_34_C_LivingDining_0_generated.png,True,True,True,900,900,900,900,medium,False,3.606405258178711,0.08307901234567901,18.0,29.590052992467783,0.9948807936796188,35.50507135964747,0.9988630404898283,0,0.0
image_pitches_large/100_884_27_SKPPWEPXPE_5_96_43_C_Living_0,image_pitches_large,image_pitches_large,884_27_SKPPWEPXPE_5_96_43_C_Living,test,To_Yukun_3DModelImageryEnhancement/To_Yukun_3DModelImageryEnhancement/s7_make_datasets/s1_trainingset/image_pitches_large/884_27_SKPPWEPXPE_5_96_43_C_Living/100_884_27_SKPPWEPXPE_5_96_43_C_Living_0_ori.png,To_Yukun_3DModelImageryEnhancement/To_Yukun_3DModelImageryEnhancement/s7_make_datasets/s1_trainingset/image_pitches_large/884_27_SKPPWEPXPE_5_96_43_C_Living/100_884_27_SKPPWEPXPE_5_96_43_C_Living_0_generated.png,True,True,True,900,900,900,900,severe,False,3.8079235553741455,0.10812098765432099,18.0,28.882924102941665,0.9934671245815087,36.23325283679008,0.9989728175988015,0,0.0
image_pitches_large/100_908_80_TZLZZHIOHT_1_223_7_H_Bed_0,image_pitches_large,image_pitches_large,908_80_TZLZZHIOHT_1_223_7_H_Bed,test,To_Yukun_3DModelImageryEnhancement/To_Yukun_3DModelImageryEnhancement/s7_make_datasets/s1_trainingset/image_pitches_large/908_80_TZLZZHIOHT_1_223_7_H_Bed/100_908_80_TZLZZHIOHT_1_223_7_H_Bed_0_ori.png,To_Yukun_3DModelImageryEnhancement/To_Yukun_3DModelImageryEnhancement/s7_make_datasets/s1_trainingset/image_pitches_large/908_80_TZLZZHIOHT_1_223_7_H_Bed/100_908_80_TZLZZHIOHT_1_223_7_H_Bed_0_generated.png,True,True,True,900,900,900,900,medium,False,3.561213970184326,0.08987654320987655,23.0,27.61270750248912,0.9888721189290554,36.56093075821192,0.9986777587028678,0,0.0
image_pitches_large/100_90_78_TZIDZHMXHM_2_27_8_A_Utility_0,image_pitches_large,image_pitches_large,90_78_TZIDZHMXHM_2_27_8_A_Utility,val,To_Yukun_3DModelImageryEnhancement/To_Yukun_3DModelImageryEnhancement/s7_make_datasets/s1_trainingset/image_pitches_large/90_78_TZIDZHMXHM_2_27_8_A_Utility/100_90_78_TZIDZHMXHM_2_27_8_A_Utility_0_ori.png,To_Yukun_3DModelImageryEnhancement/To_Yukun_3DModelImageryEnhancement/s7_make_datasets/s1_trainingset/image_pitches_large/90_78_TZIDZHMXHM_2_27_8_A_Utility/100_90_78_TZIDZHMXHM_2_27_8_A_Utility_0_generated.png,True,True,True,900,900,900,900,severe,False,7.7222580909729,0.12012345679012346,18.0,27.61847676169941,0.8320830392003428,31.376963674217663,0.9463404609930213,0,0.0
