sample_id,split,method,mask_delta_px,jpeg_quality,scale,seed,selected_from,guard_score,mask_ratio,masked_psnr,masked_ssim,masked_lpips,masked_l1,mask_outside_max_abs,mask_outside_mean_abs,original_mask_outside_max_abs,original_mask_outside_mean_abs,boundary_color_l1,boundary_edge_l1,inner_color_l1,color_mean_delta,color_std_delta,sharpness_gain
proxy_000_111_10_SKADBPYRPE_3_23_25_A_Bed_1_114.149293_22.282738_144.3117_124.207392,val,Ours_guard_selected,-7,60,0.75,0,B0_identity,0.03583603604279686,0.0118408203125,47.09211997472636,0.9881171078071831,nan,0.713487982749939,0,0.0,0,0.0,0.0,0.0,0.0,0.0,0.0,0.0
proxy_000_111_10_SKADBPYRPE_3_23_25_A_Bed_1_114.149293_22.282738_144.3117_124.207392,val,Ours_guard_selected,-7,60,0.75,1,B0_identity,0.03583603604279686,0.0118408203125,47.09211997472636,0.9881171078071831,nan,0.713487982749939,0,0.0,0,0.0,0.0,0.0,0.0,0.0,0.0,0.0
proxy_000_111_10_SKADBPYRPE_3_23_25_A_Bed_1_114.149293_22.282738_144.3117_124.207392,val,Ours_guard_selected,-7,60,0.75,2,B0_identity,0.03583603604279686,0.0118408203125,47.09211997472636,0.9881171078071831,nan,0.713487982749939,0,0.0,0,0.0,0.0,0.0,0.0,0.0,0.0,0.0
proxy_000_111_10_SKADBPYRPE_3_23_25_A_Bed_1_114.149293_22.282738_144.3117_124.207392,val,Ours_guard_selected,-7,60,1.25,0,B0_identity,0.03583603604279686,0.0118408203125,47.09652828483995,0.9881262128191116,nan,0.7139175534248352,0,0.0,0,0.0,0.0,0.0,0.0,0.0,0.0,0.0
proxy_000_111_10_SKADBPYRPE_3_23_25_A_Bed_1_114.149293_22.282738_144.3117_124.207392,val,Ours_guard_selected,-7,60,1.25,1,B0_identity,0.03583603604279686,0.0118408203125,47.09652828483995,0.9881262128191116,nan,0.7139175534248352,0,0.0,0,0.0,0.0,0.0,0.0,0.0,0.0,0.0
proxy_000_111_10_SKADBPYRPE_3_23_25_A_Bed_1_114.149293_22.282738_144.3117_124.207392,val,Ours_guard_selected,-7,60,1.25,2,B0_identity,0.03583603604279686,0.0118408203125,47.09652828483995,0.9881262128191116,nan,0.7139175534248352,0,0.0,0,0.0,0.0,0.0,0.0,0.0,0.0,0.0
proxy_000_111_10_SKADBPYRPE_3_23_25_A_Bed_1_114.149293_22.282738_144.3117_124.207392,val,Ours_guard_selected,-7,80,0.75,0,B0_identity,0.03583603604279686,0.0118408203125,49.6760936069608,0.9934096936964811,nan,0.4875429570674896,0,0.0,0,0.0,0.0,0.0,0.0,0.0,0.0,0.0
proxy_000_111_10_SKADBPYRPE_3_23_25_A_Bed_1_114.149293_22.282738_144.3117_124.207392,val,Ours_guard_selected,-7,80,0.75,1,B0_identity,0.03583603604279686,0.0118408203125,49.6760936069608,0.9934096936964811,nan,0.4875429570674896,0,0.0,0,0.0,0.0,0.0,0.0,0.0,0.0,0.0
proxy_000_111_10_SKADBPYRPE_3_23_25_A_Bed_1_114.149293_22.282738_144.3117_124.207392,val,Ours_guard_selected,-7,80,0.75,2,B0_identity,0.03583603604279686,0.0118408203125,49.6760936069608,0.9934096936964811,nan,0.4875429570674896,0,0.0,0,0.0,0.0,0.0,0.0,0.0,0.0,0.0
proxy_000_111_10_SKADBPYRPE_3_23_25_A_Bed_1_114.149293_22.282738_144.3117_124.207392,val,Ours_guard_selected,-7,80,1.25,0,B0_identity,0.03583603604279686,0.0118408203125,50.11271322989909,0.9940686548671247,nan,0.4737972617149353,0,0.0,0,0.0,0.0,0.0,0.0,0.0,0.0,0.0
proxy_000_111_10_SKADBPYRPE_3_23_25_A_Bed_1_114.149293_22.282738_144.3117_124.207392,val,Ours_guard_selected,-7,80,1.25,1,B0_identity,0.03583603604279686,0.0118408203125,50.11271322989909,0.9940686548671247,nan,0.4737972617149353,0,0.0,0,0.0,0.0,0.0,0.0,0.0,0.0,0.0
proxy_000_111_10_SKADBPYRPE_3_23_25_A_Bed_1_114.149293_22.282738_144.3117_124.207392,val,Ours_guard_selected,-7,80,1.25,2,B0_identity,0.03583603604279686,0.0118408203125,50.11271322989909,0.9940686548671247,nan,0.4737972617149353,0,0.0,0,0.0,0.0,0.0,0.0,0.0,0.0,0.0
proxy_000_111_10_SKADBPYRPE_3_23_25_A_Bed_1_114.149293_22.282738_144.3117_124.207392,val,Ours_guard_selected,-3,60,0.75,0,B0_identity,0.03583603604279686,0.0220947265625,45.23189316900785,0.985852576999279,nan,0.8577347993850708,0,0.0,0,0.0,0.0,0.0,0.0,0.0,0.0,0.0
proxy_000_111_10_SKADBPYRPE_3_23_25_A_Bed_1_114.149293_22.282738_144.3117_124.207392,val,Ours_guard_selected,-3,60,0.75,1,B0_identity,0.03583603604279686,0.0220947265625,45.23189316900785,0.985852576999279,nan,0.8577347993850708,0,0.0,0,0.0,0.0,0.0,0.0,0.0,0.0,0.0
proxy_000_111_10_SKADBPYRPE_3_23_25_A_Bed_1_114.149293_22.282738_144.3117_124.207392,val,Ours_guard_selected,-3,60,0.75,2,B0_identity,0.03583603604279686,0.0220947265625,45.23189316900785,0.985852576999279,nan,0.8577347993850708,0,0.0,0,0.0,0.0,0.0,0.0,0.0,0.0,0.0
proxy_000_111_10_SKADBPYRPE_3_23_25_A_Bed_1_114.149293_22.282738_144.3117_124.207392,val,Ours_guard_selected,-3,60,1.25,0,B0_identity,0.03583603604279686,0.0220947265625,45.17331056672114,0.9853110449159233,nan,0.855663001537323,0,0.0,0,0.0,0.0,0.0,0.0,0.0,0.0,0.0
proxy_000_111_10_SKADBPYRPE_3_23_25_A_Bed_1_114.149293_22.282738_144.3117_124.207392,val,Ours_guard_selected,-3,60,1.25,1,B0_identity,0.03583603604279686,0.0220947265625,45.17331056672114,0.9853110449159233,nan,0.855663001537323,0,0.0,0,0.0,0.0,0.0,0.0,0.0,0.0,0.0
proxy_000_111_10_SKADBPYRPE_3_23_25_A_Bed_1_114.149293_22.282738_144.3117_124.207392,val,Ours_guard_selected,-3,60,1.25,2,B0_identity,0.03583603604279686,0.0220947265625,45.17331056672114,0.9853110449159233,nan,0.855663001537323,0,0.0,0,0.0,0.0,0.0,0.0,0.0,0.0,0.0
proxy_000_111_10_SKADBPYRPE_3_23_25_A_Bed_1_114.149293_22.282738_144.3117_124.207392,val,Ours_guard_selected,-3,80,0.75,0,B0_identity,0.03583603604279686,0.0220947265625,48.758978621471215,0.9927904717341944,nan,0.524631679058075,0,0.0,0,0.0,0.0,0.0,0.0,0.0,0.0,0.0
proxy_000_111_10_SKADBPYRPE_3_23_25_A_Bed_1_114.149293_22.282738_144.3117_124.207392,val,Ours_guard_selected,-3,80,0.75,1,B0_identity,0.03583603604279686,0.0220947265625,48.758978621471215,0.9927904717341944,nan,0.524631679058075,0,0.0,0,0.0,0.0,0.0,0.0,0.0,0.0,0.0
proxy_000_111_10_SKADBPYRPE_3_23_25_A_Bed_1_114.149293_22.282738_144.3117_124.207392,val,Ours_guard_selected,-3,80,0.75,2,B0_identity,0.03583603604279686,0.0220947265625,48.758978621471215,0.9927904717341944,nan,0.524631679058075,0,0.0,0,0.0,0.0,0.0,0.0,0.0,0.0,0.0
proxy_000_111_10_SKADBPYRPE_3_23_25_A_Bed_1_114.149293_22.282738_144.3117_124.207392,val,Ours_guard_selected,-3,80,1.25,0,B0_identity,0.03583603604279686,0.0220947265625,48.92982041142507,0.9932413118646654,nan,0.5179557800292969,0,0.0,0,0.0,0.0,0.0,0.0,0.0,0.0,0.0
proxy_000_111_10_SKADBPYRPE_3_23_25_A_Bed_1_114.149293_22.282738_144.3117_124.207392,val,Ours_guard_selected,-3,80,1.25,1,B0_identity,0.03583603604279686,0.0220947265625,48.92982041142507,0.9932413118646654,nan,0.5179557800292969,0,0.0,0,0.0,0.0,0.0,0.0,0.0,0.0,0.0
proxy_000_111_10_SKADBPYRPE_3_23_25_A_Bed_1_114.149293_22.282738_144.3117_124.207392,val,Ours_guard_selected,-3,80,1.25,2,B0_identity,0.03583603604279686,0.0220947265625,48.92982041142507,0.9932413118646654,nan,0.5179557800292969,0,0.0,0,0.0,0.0,0.0,0.0,0.0,0.0,0.0
proxy_000_111_10_SKADBPYRPE_3_23_25_A_Bed_1_114.149293_22.282738_144.3117_124.207392,val,Ours_guard_selected,0,60,0.75,0,B0_identity,0.03583603604279686,0.031341552734375,44.68019541804423,0.9840914206062252,nan,0.9160986542701721,0,0.0,0,0.0,0.0,0.0,0.0,0.0,0.0,0.0
proxy_000_111_10_SKADBPYRPE_3_23_25_A_Bed_1_114.149293_22.282738_144.3117_124.207392,val,Ours_guard_selected,0,60,0.75,1,B0_identity,0.03583603604279686,0.031341552734375,44.68019541804423,0.9840914206062252,nan,0.9160986542701721,0,0.0,0,0.0,0.0,0.0,0.0,0.0,0.0,0.0
proxy_000_111_10_SKADBPYRPE_3_23_25_A_Bed_1_114.149293_22.282738_144.3117_124.207392,val,Ours_guard_selected,0,60,0.75,2,B0_identity,0.03583603604279686,0.031341552734375,44.68019541804423,0.9840914206062252,nan,0.9160986542701721,0,0.0,0,0.0,0.0,0.0,0.0,0.0,0.0,0.0
proxy_000_111_10_SKADBPYRPE_3_23_25_A_Bed_1_114.149293_22.282738_144.3117_124.207392,val,Ours_guard_selected,0,60,1.25,0,B0_identity,0.03583603604279686,0.031341552734375,44.67160615443996,0.9836937790271048,nan,0.9065238833427429,0,0.0,0,0.0,0.0,0.0,0.0,0.0,0.0,0.0
proxy_000_111_10_SKADBPYRPE_3_23_25_A_Bed_1_114.149293_22.282738_144.3117_124.207392,val,Ours_guard_selected,0,60,1.25,1,B0_identity,0.03583603604279686,0.031341552734375,44.67160615443996,0.9836937790271048,nan,0.9065238833427429,0,0.0,0,0.0,0.0,0.0,0.0,0.0,0.0,0.0
proxy_000_111_10_SKADBPYRPE_3_23_25_A_Bed_1_114.149293_22.282738_144.3117_124.207392,val,Ours_guard_selected,0,60,1.25,2,B0_identity,0.03583603604279686,0.031341552734375,44.67160615443996,0.9836937790271048,nan,0.9065238833427429,0,0.0,0,0.0,0.0,0.0,0.0,0.0,0.0,0.0
proxy_000_111_10_SKADBPYRPE_3_23_25_A_Bed_1_114.149293_22.282738_144.3117_124.207392,val,Ours_guard_selected,0,80,0.75,0,B0_identity,0.03583603604279686,0.031341552734375,48.86381309842217,0.9934235920640981,nan,0.5207724571228027,0,0.0,0,0.0,0.0,0.0,0.0,0.0,0.0,0.0
proxy_000_111_10_SKADBPYRPE_3_23_25_A_Bed_1_114.149293_22.282738_144.3117_124.207392,val,Ours_guard_selected,0,80,0.75,1,B0_identity,0.03583603604279686,0.031341552734375,48.86381309842217,0.9934235920640981,nan,0.5207724571228027,0,0.0,0,0.0,0.0,0.0,0.0,0.0,0.0,0.0
proxy_000_111_10_SKADBPYRPE_3_23_25_A_Bed_1_114.149293_22.282738_144.3117_124.207392,val,Ours_guard_selected,0,80,0.75,2,B0_identity,0.03583603604279686,0.031341552734375,48.86381309842217,0.9934235920640981,nan,0.5207724571228027,0,0.0,0,0.0,0.0,0.0,0.0,0.0,0.0,0.0
proxy_000_111_10_SKADBPYRPE_3_23_25_A_Bed_1_114.149293_22.282738_144.3117_124.207392,val,Ours_guard_selected,0,80,1.25,0,B0_identity,0.03583603604279686,0.031341552734375,48.97879757047974,0.9937030160114407,nan,0.5120090842247009,0,0.0,0,0.0,0.0,0.0,0.0,0.0,0.0,0.0
proxy_000_111_10_SKADBPYRPE_3_23_25_A_Bed_1_114.149293_22.282738_144.3117_124.207392,val,Ours_guard_selected,0,80,1.25,1,B0_identity,0.03583603604279686,0.031341552734375,48.97879757047974,0.9937030160114407,nan,0.5120090842247009,0,0.0,0,0.0,0.0,0.0,0.0,0.0,0.0,0.0
proxy_000_111_10_SKADBPYRPE_3_23_25_A_Bed_1_114.149293_22.282738_144.3117_124.207392,val,Ours_guard_selected,0,80,1.25,2,B0_identity,0.03583603604279686,0.031341552734375,48.97879757047974,0.9937030160114407,nan,0.5120090842247009,0,0.0,0,0.0,0.0,0.0,0.0,0.0,0.0,0.0
proxy_000_111_10_SKADBPYRPE_3_23_25_A_Bed_1_114.149293_22.282738_144.3117_124.207392,val,Ours_guard_selected,3,60,0.75,0,B0_identity,0.03583603604279686,0.04168701171875,44.731262404200365,0.9836939171403477,nan,0.9213030934333801,0,0.0,0,0.0,0.0,0.0,0.0,0.0,0.0,0.0
proxy_000_111_10_SKADBPYRPE_3_23_25_A_Bed_1_114.149293_22.282738_144.3117_124.207392,val,Ours_guard_selected,3,60,0.75,1,B0_identity,0.03583603604279686,0.04168701171875,44.731262404200365,0.9836939171403477,nan,0.9213030934333801,0,0.0,0,0.0,0.0,0.0,0.0,0.0,0.0,0.0
proxy_000_111_10_SKADBPYRPE_3_23_25_A_Bed_1_114.149293_22.282738_144.3117_124.207392,val,Ours_guard_selected,3,60,0.75,2,B0_identity,0.03583603604279686,0.04168701171875,44.731262404200365,0.9836939171403477,nan,0.9213030934333801,0,0.0,0,0.0,0.0,0.0,0.0,0.0,0.0,0.0
proxy_000_111_10_SKADBPYRPE_3_23_25_A_Bed_1_114.149293_22.282738_144.3117_124.207392,val,Ours_guard_selected,3,60,1.25,0,B0_identity,0.03583603604279686,0.04168701171875,44.72496921964855,0.9833461387458213,nan,0.912518322467804,0,0.0,0,0.0,0.0,0.0,0.0,0.0,0.0,0.0
proxy_000_111_10_SKADBPYRPE_3_23_25_A_Bed_1_114.149293_22.282738_144.3117_124.207392,val,Ours_guard_selected,3,60,1.25,1,B0_identity,0.03583603604279686,0.04168701171875,44.72496921964855,0.9833461387458213,nan,0.912518322467804,0,0.0,0,0.0,0.0,0.0,0.0,0.0,0.0,0.0
proxy_000_111_10_SKADBPYRPE_3_23_25_A_Bed_1_114.149293_22.282738_144.3117_124.207392,val,Ours_guard_selected,3,60,1.25,2,B0_identity,0.03583603604279686,0.04168701171875,44.72496921964855,0.9833461387458213,nan,0.912518322467804,0,0.0,0,0.0,0.0,0.0,0.0,0.0,0.0,0.0
proxy_000_111_10_SKADBPYRPE_3_23_25_A_Bed_1_114.149293_22.282738_144.3117_124.207392,val,Ours_guard_selected,3,80,0.75,0,B0_identity,0.03583603604279686,0.04168701171875,48.796034615626844,0.993622735625545,nan,0.54343581199646,0,0.0,0,0.0,0.0,0.0,0.0,0.0,0.0,0.0
proxy_000_111_10_SKADBPYRPE_3_23_25_A_Bed_1_114.149293_22.282738_144.3117_124.207392,val,Ours_guard_selected,3,80,0.75,1,B0_identity,0.03583603604279686,0.04168701171875,48.796034615626844,0.993622735625545,nan,0.54343581199646,0,0.0,0,0.0,0.0,0.0,0.0,0.0,0.0,0.0
proxy_000_111_10_SKADBPYRPE_3_23_25_A_Bed_1_114.149293_22.282738_144.3117_124.207392,val,Ours_guard_selected,3,80,0.75,2,B0_identity,0.03583603604279686,0.04168701171875,48.796034615626844,0.993622735625545,nan,0.54343581199646,0,0.0,0,0.0,0.0,0.0,0.0,0.0,0.0,0.0
proxy_000_111_10_SKADBPYRPE_3_23_25_A_Bed_1_114.149293_22.282738_144.3117_124.207392,val,Ours_guard_selected,3,80,1.25,0,B0_identity,0.03583603604279686,0.04168701171875,48.84385188298255,0.9937539173649387,nan,0.5372132658958435,0,0.0,0,0.0,0.0,0.0,0.0,0.0,0.0,0.0
proxy_000_111_10_SKADBPYRPE_3_23_25_A_Bed_1_114.149293_22.282738_144.3117_124.207392,val,Ours_guard_selected,3,80,1.25,1,B0_identity,0.03583603604279686,0.04168701171875,48.84385188298255,0.9937539173649387,nan,0.5372132658958435,0,0.0,0,0.0,0.0,0.0,0.0,0.0,0.0,0.0
proxy_000_111_10_SKADBPYRPE_3_23_25_A_Bed_1_114.149293_22.282738_144.3117_124.207392,val,Ours_guard_selected,3,80,1.25,2,B0_identity,0.03583603604279686,0.04168701171875,48.84385188298255,0.9937539173649387,nan,0.5372132658958435,0,0.0,0,0.0,0.0,0.0,0.0,0.0,0.0,0.0
proxy_000_111_10_SKADBPYRPE_3_23_25_A_Bed_1_114.149293_22.282738_144.3117_124.207392,val,Ours_guard_selected,7,60,0.75,0,B0_identity,0.03583603604279686,0.05718994140625,44.74268245654081,0.9834925027801589,nan,0.9549981951713562,0,0.0,0,0.0,0.0,0.0,0.0,0.0,0.0,0.0
proxy_000_111_10_SKADBPYRPE_3_23_25_A_Bed_1_114.149293_22.282738_144.3117_124.207392,val,Ours_guard_selected,7,60,0.75,1,B0_identity,0.03583603604279686,0.05718994140625,44.74268245654081,0.9834925027801589,nan,0.9549981951713562,0,0.0,0,0.0,0.0,0.0,0.0,0.0,0.0,0.0
proxy_000_111_10_SKADBPYRPE_3_23_25_A_Bed_1_114.149293_22.282738_144.3117_124.207392,val,Ours_guard_selected,7,60,0.75,2,B0_identity,0.03583603604279686,0.05718994140625,44.74268245654081,0.9834925027801589,nan,0.9549981951713562,0,0.0,0,0.0,0.0,0.0,0.0,0.0,0.0,0.0
proxy_000_111_10_SKADBPYRPE_3_23_25_A_Bed_1_114.149293_22.282738_144.3117_124.207392,val,Ours_guard_selected,7,60,1.25,0,B0_identity,0.03583603604279686,0.05718994140625,44.73313343428349,0.9831446777006636,nan,0.9464603066444397,0,0.0,0,0.0,0.0,0.0,0.0,0.0,0.0,0.0
proxy_000_111_10_SKADBPYRPE_3_23_25_A_Bed_1_114.149293_22.282738_144.3117_124.207392,val,Ours_guard_selected,7,60,1.25,1,B0_identity,0.03583603604279686,0.05718994140625,44.73313343428349,0.9831446777006636,nan,0.9464603066444397,0,0.0,0,0.0,0.0,0.0,0.0,0.0,0.0,0.0
proxy_000_111_10_SKADBPYRPE_3_23_25_A_Bed_1_114.149293_22.282738_144.3117_124.207392,val,Ours_guard_selected,7,60,1.25,2,B0_identity,0.03583603604279686,0.05718994140625,44.73313343428349,0.9831446777006636,nan,0.9464603066444397,0,0.0,0,0.0,0.0,0.0,0.0,0.0,0.0,0.0
proxy_000_111_10_SKADBPYRPE_3_23_25_A_Bed_1_114.149293_22.282738_144.3117_124.207392,val,Ours_guard_selected,7,80,0.75,0,B0_identity,0.03583603604279686,0.05718994140625,48.18091720288155,0.9928665256587449,nan,0.6128602027893066,0,0.0,0,0.0,0.0,0.0,0.0,0.0,0.0,0.0
proxy_000_111_10_SKADBPYRPE_3_23_25_A_Bed_1_114.149293_22.282738_144.3117_124.207392,val,Ours_guard_selected,7,80,0.75,1,B0_identity,0.03583603604279686,0.05718994140625,48.18091720288155,0.9928665256587449,nan,0.6128602027893066,0,0.0,0,0.0,0.0,0.0,0.0,0.0,0.0,0.0
proxy_000_111_10_SKADBPYRPE_3_23_25_A_Bed_1_114.149293_22.282738_144.3117_124.207392,val,Ours_guard_selected,7,80,0.75,2,B0_identity,0.03583603604279686,0.05718994140625,48.18091720288155,0.9928665256587449,nan,0.6128602027893066,0,0.0,0,0.0,0.0,0.0,0.0,0.0,0.0,0.0
proxy_000_111_10_SKADBPYRPE_3_23_25_A_Bed_1_114.149293_22.282738_144.3117_124.207392,val,Ours_guard_selected,7,80,1.25,0,B0_identity,0.03583603604279686,0.05718994140625,48.23359297781777,0.9929836573953239,nan,0.6052116751670837,0,0.0,0,0.0,0.0,0.0,0.0,0.0,0.0,0.0
proxy_000_111_10_SKADBPYRPE_3_23_25_A_Bed_1_114.149293_22.282738_144.3117_124.207392,val,Ours_guard_selected,7,80,1.25,1,B0_identity,0.03583603604279686,0.05718994140625,48.23359297781777,0.9929836573953239,nan,0.6052116751670837,0,0.0,0,0.0,0.0,0.0,0.0,0.0,0.0,0.0
proxy_000_111_10_SKADBPYRPE_3_23_25_A_Bed_1_114.149293_22.282738_144.3117_124.207392,val,Ours_guard_selected,7,80,1.25,2,B0_identity,0.03583603604279686,0.05718994140625,48.23359297781777,0.9929836573953239,nan,0.6052116751670837,0,0.0,0,0.0,0.0,0.0,0.0,0.0,0.0,0.0
proxy_004_883_77_TZHXTHIVHM_1_29_5_D_Living_114.15281_22.279443_120.8576_27.540763,val,Ours_guard_selected,-7,60,0.75,0,B0_identity,0.03583603604279686,0.00653076171875,25.272129730354354,0.9643545352511633,nan,12.963396072387695,0,0.0,0,0.0,0.0,0.0,0.0,0.0,0.0,0.0
proxy_004_883_77_TZHXTHIVHM_1_29_5_D_Living_114.15281_22.279443_120.8576_27.540763,val,Ours_guard_selected,-7,60,0.75,1,B0_identity,0.03583603604279686,0.00653076171875,25.272129730354354,0.9643545352511633,nan,12.963396072387695,0,0.0,0,0.0,0.0,0.0,0.0,0.0,0.0,0.0
proxy_004_883_77_TZHXTHIVHM_1_29_5_D_Living_114.15281_22.279443_120.8576_27.540763,val,Ours_guard_selected,-7,60,0.75,2,B0_identity,0.03583603604279686,0.00653076171875,25.272129730354354,0.9643545352511633,nan,12.963396072387695,0,0.0,0,0.0,0.0,0.0,0.0,0.0,0.0,0.0
proxy_004_883_77_TZHXTHIVHM_1_29_5_D_Living_114.15281_22.279443_120.8576_27.540763,val,Ours_guard_selected,-7,60,1.25,0,B0_identity,0.03583603604279686,0.00653076171875,25.272129730354354,0.9643545352511633,nan,12.963396072387695,0,0.0,0,0.0,0.0,0.0,0.0,0.0,0.0,0.0
proxy_004_883_77_TZHXTHIVHM_1_29_5_D_Living_114.15281_22.279443_120.8576_27.540763,val,Ours_guard_selected,-7,60,1.25,1,B0_identity,0.03583603604279686,0.00653076171875,25.272129730354354,0.9643545352511633,nan,12.963396072387695,0,0.0,0,0.0,0.0,0.0,0.0,0.0,0.0,0.0
proxy_004_883_77_TZHXTHIVHM_1_29_5_D_Living_114.15281_22.279443_120.8576_27.540763,val,Ours_guard_selected,-7,60,1.25,2,B0_identity,0.03583603604279686,0.00653076171875,25.272129730354354,0.9643545352511633,nan,12.963396072387695,0,0.0,0,0.0,0.0,0.0,0.0,0.0,0.0,0.0
proxy_004_883_77_TZHXTHIVHM_1_29_5_D_Living_114.15281_22.279443_120.8576_27.540763,val,Ours_guard_selected,-7,80,0.75,0,B0_identity,0.03583603604279686,0.00653076171875,25.240372994810514,0.9643545352511633,nan,12.963396072387695,0,0.0,0,0.0,0.0,0.0,0.0,0.0,0.0,0.0
proxy_004_883_77_TZHXTHIVHM_1_29_5_D_Living_114.15281_22.279443_120.8576_27.540763,val,Ours_guard_selected,-7,80,0.75,1,B0_identity,0.03583603604279686,0.00653076171875,25.240372994810514,0.9643545352511633,nan,12.963396072387695,0,0.0,0,0.0,0.0,0.0,0.0,0.0,0.0,0.0
proxy_004_883_77_TZHXTHIVHM_1_29_5_D_Living_114.15281_22.279443_120.8576_27.540763,val,Ours_guard_selected,-7,80,0.75,2,B0_identity,0.03583603604279686,0.00653076171875,25.240372994810514,0.9643545352511633,nan,12.963396072387695,0,0.0,0,0.0,0.0,0.0,0.0,0.0,0.0,0.0
proxy_004_883_77_TZHXTHIVHM_1_29_5_D_Living_114.15281_22.279443_120.8576_27.540763,val,Ours_guard_selected,-7,80,1.25,0,B0_identity,0.03583603604279686,0.00653076171875,25.240372994810514,0.9643545352511633,nan,12.963396072387695,0,0.0,0,0.0,0.0,0.0,0.0,0.0,0.0,0.0
proxy_004_883_77_TZHXTHIVHM_1_29_5_D_Living_114.15281_22.279443_120.8576_27.540763,val,Ours_guard_selected,-7,80,1.25,1,B0_identity,0.03583603604279686,0.00653076171875,25.240372994810514,0.9643545352511633,nan,12.963396072387695,0,0.0,0,0.0,0.0,0.0,0.0,0.0,0.0,0.0
proxy_004_883_77_TZHXTHIVHM_1_29_5_D_Living_114.15281_22.279443_120.8576_27.540763,val,Ours_guard_selected,-7,80,1.25,2,B0_identity,0.03583603604279686,0.00653076171875,25.240372994810514,0.9643545352511633,nan,12.963396072387695,0,0.0,0,0.0,0.0,0.0,0.0,0.0,0.0,0.0
proxy_004_883_77_TZHXTHIVHM_1_29_5_D_Living_114.15281_22.279443_120.8576_27.540763,val,Ours_guard_selected,-3,60,0.75,0,B0_identity,0.03583603604279686,0.01422119140625,25.187331980973493,0.9242816100994233,nan,12.994635581970215,0,0.0,0,0.0,0.0,0.0,0.0,0.0,0.0,0.0
proxy_004_883_77_TZHXTHIVHM_1_29_5_D_Living_114.15281_22.279443_120.8576_27.540763,val,Ours_guard_selected,-3,60,0.75,1,B0_identity,0.03583603604279686,0.01422119140625,25.187331980973493,0.9242816100994233,nan,12.994635581970215,0,0.0,0,0.0,0.0,0.0,0.0,0.0,0.0,0.0
proxy_004_883_77_TZHXTHIVHM_1_29_5_D_Living_114.15281_22.279443_120.8576_27.540763,val,Ours_guard_selected,-3,60,0.75,2,B0_identity,0.03583603604279686,0.01422119140625,25.187331980973493,0.9242816100994233,nan,12.994635581970215,0,0.0,0,0.0,0.0,0.0,0.0,0.0,0.0,0.0
proxy_004_883_77_TZHXTHIVHM_1_29_5_D_Living_114.15281_22.279443_120.8576_27.540763,val,Ours_guard_selected,-3,60,1.25,0,B0_identity,0.03583603604279686,0.01422119140625,25.18629911505065,0.9240555214201667,nan,12.996423721313477,0,0.0,0,0.0,0.0,0.0,0.0,0.0,0.0,0.0
proxy_004_883_77_TZHXTHIVHM_1_29_5_D_Living_114.15281_22.279443_120.8576_27.540763,val,Ours_guard_selected,-3,60,1.25,1,B0_identity,0.03583603604279686,0.01422119140625,25.18629911505065,0.9240555214201667,nan,12.996423721313477,0,0.0,0,0.0,0.0,0.0,0.0,0.0,0.0,0.0
proxy_004_883_77_TZHXTHIVHM_1_29_5_D_Living_114.15281_22.279443_120.8576_27.540763,val,Ours_guard_selected,-3,60,1.25,2,B0_identity,0.03583603604279686,0.01422119140625,25.18629911505065,0.9240555214201667,nan,12.996423721313477,0,0.0,0,0.0,0.0,0.0,0.0,0.0,0.0,0.0
proxy_004_883_77_TZHXTHIVHM_1_29_5_D_Living_114.15281_22.279443_120.8576_27.540763,val,Ours_guard_selected,-3,80,0.75,0,B0_identity,0.03583603604279686,0.01422119140625,25.15315943808894,0.9237099574881753,nan,12.998927116394043,0,0.0,0,0.0,0.0,0.0,0.0,0.0,0.0,0.0
proxy_004_883_77_TZHXTHIVHM_1_29_5_D_Living_114.15281_22.279443_120.8576_27.540763,val,Ours_guard_selected,-3,80,0.75,1,B0_identity,0.03583603604279686,0.01422119140625,25.15315943808894,0.9237099574881753,nan,12.998927116394043,0,0.0,0,0.0,0.0,0.0,0.0,0.0,0.0,0.0
proxy_004_883_77_TZHXTHIVHM_1_29_5_D_Living_114.15281_22.279443_120.8576_27.540763,val,Ours_guard_selected,-3,80,0.75,2,B0_identity,0.03583603604279686,0.01422119140625,25.15315943808894,0.9237099574881753,nan,12.998927116394043,0,0.0,0,0.0,0.0,0.0,0.0,0.0,0.0,0.0
proxy_004_883_77_TZHXTHIVHM_1_29_5_D_Living_114.15281_22.279443_120.8576_27.540763,val,Ours_guard_selected,-3,80,1.25,0,B0_identity,0.03583603604279686,0.01422119140625,25.15375405001198,0.9238042886151102,nan,12.998211860656738,0,0.0,0,0.0,0.0,0.0,0.0,0.0,0.0,0.0
proxy_004_883_77_TZHXTHIVHM_1_29_5_D_Living_114.15281_22.279443_120.8576_27.540763,val,Ours_guard_selected,-3,80,1.25,1,B0_identity,0.03583603604279686,0.01422119140625,25.15375405001198,0.9238042886151102,nan,12.998211860656738,0,0.0,0,0.0,0.0,0.0,0.0,0.0,0.0,0.0
proxy_004_883_77_TZHXTHIVHM_1_29_5_D_Living_114.15281_22.279443_120.8576_27.540763,val,Ours_guard_selected,-3,80,1.25,2,B0_identity,0.03583603604279686,0.01422119140625,25.15375405001198,0.9238042886151102,nan,12.998211860656738,0,0.0,0,0.0,0.0,0.0,0.0,0.0,0.0,0.0
proxy_004_883_77_TZHXTHIVHM_1_29_5_D_Living_114.15281_22.279443_120.8576_27.540763,val,Ours_guard_selected,0,60,0.75,0,B0_identity,0.03583603604279686,0.02154541015625,25.077954942335218,0.8836543167577685,nan,13.10457992553711,0,0.0,0,0.0,0.0,0.0,0.0,0.0,0.0,0.0
proxy_004_883_77_TZHXTHIVHM_1_29_5_D_Living_114.15281_22.279443_120.8576_27.540763,val,Ours_guard_selected,0,60,0.75,1,B0_identity,0.03583603604279686,0.02154541015625,25.077954942335218,0.8836543167577685,nan,13.10457992553711,0,0.0,0,0.0,0.0,0.0,0.0,0.0,0.0,0.0
proxy_004_883_77_TZHXTHIVHM_1_29_5_D_Living_114.15281_22.279443_120.8576_27.540763,val,Ours_guard_selected,0,60,0.75,2,B0_identity,0.03583603604279686,0.02154541015625,25.077954942335218,0.8836543167577685,nan,13.10457992553711,0,0.0,0,0.0,0.0,0.0,0.0,0.0,0.0,0.0
proxy_004_883_77_TZHXTHIVHM_1_29_5_D_Living_114.15281_22.279443_120.8576_27.540763,val,Ours_guard_selected,0,60,1.25,0,B0_identity,0.03583603604279686,0.02154541015625,25.074555084835467,0.8830946379920522,nan,13.108829498291016,0,0.0,0,0.0,0.0,0.0,0.0,0.0,0.0,0.0
proxy_004_883_77_TZHXTHIVHM_1_29_5_D_Living_114.15281_22.279443_120.8576_27.540763,val,Ours_guard_selected,0,60,1.25,1,B0_identity,0.03583603604279686,0.02154541015625,25.074555084835467,0.8830946379920522,nan,13.108829498291016,0,0.0,0,0.0,0.0,0.0,0.0,0.0,0.0,0.0
proxy_004_883_77_TZHXTHIVHM_1_29_5_D_Living_114.15281_22.279443_120.8576_27.540763,val,Ours_guard_selected,0,60,1.25,2,B0_identity,0.03583603604279686,0.02154541015625,25.074555084835467,0.8830946379920522,nan,13.108829498291016,0,0.0,0,0.0,0.0,0.0,0.0,0.0,0.0,0.0
proxy_004_883_77_TZHXTHIVHM_1_29_5_D_Living_114.15281_22.279443_120.8576_27.540763,val,Ours_guard_selected,0,80,0.75,0,B0_identity,0.03583603604279686,0.02154541015625,25.06598624634246,0.8848189899034966,nan,13.07601547241211,0,0.0,0,0.0,0.0,0.0,0.0,0.0,0.0,0.0
proxy_004_883_77_TZHXTHIVHM_1_29_5_D_Living_114.15281_22.279443_120.8576_27.540763,val,Ours_guard_selected,0,80,0.75,1,B0_identity,0.03583603604279686,0.02154541015625,25.06598624634246,0.8848189899034966,nan,13.07601547241211,0,0.0,0,0.0,0.0,0.0,0.0,0.0,0.0,0.0
proxy_004_883_77_TZHXTHIVHM_1_29_5_D_Living_114.15281_22.279443_120.8576_27.540763,val,Ours_guard_selected,0,80,0.75,2,B0_identity,0.03583603604279686,0.02154541015625,25.06598624634246,0.8848189899034966,nan,13.07601547241211,0,0.0,0,0.0,0.0,0.0,0.0,0.0,0.0,0.0
proxy_004_883_77_TZHXTHIVHM_1_29_5_D_Living_114.15281_22.279443_120.8576_27.540763,val,Ours_guard_selected,0,80,1.25,0,B0_identity,0.03583603604279686,0.02154541015625,25.068943568648784,0.8853601126640629,nan,13.072710037231445,0,0.0,0,0.0,0.0,0.0,0.0,0.0,0.0,0.0
proxy_004_883_77_TZHXTHIVHM_1_29_5_D_Living_114.15281_22.279443_120.8576_27.540763,val,Ours_guard_selected,0,80,1.25,1,B0_identity,0.03583603604279686,0.02154541015625,25.068943568648784,0.8853601126640629,nan,13.072710037231445,0,0.0,0,0.0,0.0,0.0,0.0,0.0,0.0,0.0
proxy_004_883_77_TZHXTHIVHM_1_29_5_D_Living_114.15281_22.279443_120.8576_27.540763,val,Ours_guard_selected,0,80,1.25,2,B0_identity,0.03583603604279686,0.02154541015625,25.068943568648784,0.8853601126640629,nan,13.072710037231445,0,0.0,0,0.0,0.0,0.0,0.0,0.0,0.0,0.0
proxy_004_883_77_TZHXTHIVHM_1_29_5_D_Living_114.15281_22.279443_120.8576_27.540763,val,Ours_guard_selected,3,60,0.75,0,B0_identity,0.03583603604279686,0.02996826171875,22.729767528023686,0.24028627773239206,nan,14.542261123657227,0,0.0,0,0.0,0.0,0.0,0.0,0.0,0.0,0.0
proxy_004_883_77_TZHXTHIVHM_1_29_5_D_Living_114.15281_22.279443_120.8576_27.540763,val,Ours_guard_selected,3,60,0.75,1,B0_identity,0.03583603604279686,0.02996826171875,22.729767528023686,0.24028627773239206,nan,14.542261123657227,0,0.0,0,0.0,0.0,0.0,0.0,0.0,0.0,0.0
proxy_004_883_77_TZHXTHIVHM_1_29_5_D_Living_114.15281_22.279443_120.8576_27.540763,val,Ours_guard_selected,3,60,0.75,2,B0_identity,0.03583603604279686,0.02996826171875,22.729767528023686,0.24028627773239206,nan,14.542261123657227,0,0.0,0,0.0,0.0,0.0,0.0,0.0,0.0,0.0
proxy_004_883_77_TZHXTHIVHM_1_29_5_D_Living_114.15281_22.279443_120.8576_27.540763,val,Ours_guard_selected,3,60,1.25,0,B0_identity,0.03583603604279686,0.02996826171875,22.7245337367063,0.24032157951839442,nan,14.5541410446167,0,0.0,0,0.0,0.0,0.0,0.0,0.0,0.0,0.0
proxy_004_883_77_TZHXTHIVHM_1_29_5_D_Living_114.15281_22.279443_120.8576_27.540763,val,Ours_guard_selected,3,60,1.25,1,B0_identity,0.03583603604279686,0.02996826171875,22.7245337367063,0.24032157951839442,nan,14.5541410446167,0,0.0,0,0.0,0.0,0.0,0.0,0.0,0.0,0.0
proxy_004_883_77_TZHXTHIVHM_1_29_5_D_Living_114.15281_22.279443_120.8576_27.540763,val,Ours_guard_selected,3,60,1.25,2,B0_identity,0.03583603604279686,0.02996826171875,22.7245337367063,0.24032157951839442,nan,14.5541410446167,0,0.0,0,0.0,0.0,0.0,0.0,0.0,0.0,0.0
proxy_004_883_77_TZHXTHIVHM_1_29_5_D_Living_114.15281_22.279443_120.8576_27.540763,val,Ours_guard_selected,3,80,0.75,0,B0_identity,0.03583603604279686,0.02996826171875,22.739486464163686,0.23590712818482534,nan,14.436015129089355,0,0.0,0,0.0,0.0,0.0,0.0,0.0,0.0,0.0
proxy_004_883_77_TZHXTHIVHM_1_29_5_D_Living_114.15281_22.279443_120.8576_27.540763,val,Ours_guard_selected,3,80,0.75,1,B0_identity,0.03583603604279686,0.02996826171875,22.739486464163686,0.23590712818482534,nan,14.436015129089355,0,0.0,0,0.0,0.0,0.0,0.0,0.0,0.0,0.0
proxy_004_883_77_TZHXTHIVHM_1_29_5_D_Living_114.15281_22.279443_120.8576_27.540763,val,Ours_guard_selected,3,80,0.75,2,B0_identity,0.03583603604279686,0.02996826171875,22.739486464163686,0.23590712818482534,nan,14.436015129089355,0,0.0,0,0.0,0.0,0.0,0.0,0.0,0.0,0.0
proxy_004_883_77_TZHXTHIVHM_1_29_5_D_Living_114.15281_22.279443_120.8576_27.540763,val,Ours_guard_selected,3,80,1.25,0,B0_identity,0.03583603604279686,0.02996826171875,22.740364396754043,0.2363186324490142,nan,14.435675621032715,0,0.0,0,0.0,0.0,0.0,0.0,0.0,0.0,0.0
proxy_004_883_77_TZHXTHIVHM_1_29_5_D_Living_114.15281_22.279443_120.8576_27.540763,val,Ours_guard_selected,3,80,1.25,1,B0_identity,0.03583603604279686,0.02996826171875,22.740364396754043,0.2363186324490142,nan,14.435675621032715,0,0.0,0,0.0,0.0,0.0,0.0,0.0,0.0,0.0
proxy_004_883_77_TZHXTHIVHM_1_29_5_D_Living_114.15281_22.279443_120.8576_27.540763,val,Ours_guard_selected,3,80,1.25,2,B0_identity,0.03583603604279686,0.02996826171875,22.740364396754043,0.2363186324490142,nan,14.435675621032715,0,0.0,0,0.0,0.0,0.0,0.0,0.0,0.0,0.0
proxy_004_883_77_TZHXTHIVHM_1_29_5_D_Living_114.15281_22.279443_120.8576_27.540763,val,Ours_guard_selected,7,60,0.75,0,B0_identity,0.03583603604279686,0.04290771484375,21.80213573690441,0.17446009982227695,nan,15.42176342010498,0,0.0,0,0.0,0.0,0.0,0.0,0.0,0.0,0.0
proxy_004_883_77_TZHXTHIVHM_1_29_5_D_Living_114.15281_22.279443_120.8576_27.540763,val,Ours_guard_selected,7,60,0.75,1,B0_identity,0.03583603604279686,0.04290771484375,21.80213573690441,0.17446009982227695,nan,15.42176342010498,0,0.0,0,0.0,0.0,0.0,0.0,0.0,0.0,0.0
proxy_004_883_77_TZHXTHIVHM_1_29_5_D_Living_114.15281_22.279443_120.8576_27.540763,val,Ours_guard_selected,7,60,0.75,2,B0_identity,0.03583603604279686,0.04290771484375,21.80213573690441,0.17446009982227695,nan,15.42176342010498,0,0.0,0,0.0,0.0,0.0,0.0,0.0,0.0,0.0
proxy_004_883_77_TZHXTHIVHM_1_29_5_D_Living_114.15281_22.279443_120.8576_27.540763,val,Ours_guard_selected,7,60,1.25,0,B0_identity,0.03583603604279686,0.04290771484375,21.800473044017256,0.17470933860731003,nan,15.43041706085205,0,0.0,0,0.0,0.0,0.0,0.0,0.0,0.0,0.0
proxy_004_883_77_TZHXTHIVHM_1_29_5_D_Living_114.15281_22.279443_120.8576_27.540763,val,Ours_guard_selected,7,60,1.25,1,B0_identity,0.03583603604279686,0.04290771484375,21.800473044017256,0.17470933860731003,nan,15.43041706085205,0,0.0,0,0.0,0.0,0.0,0.0,0.0,0.0,0.0
proxy_004_883_77_TZHXTHIVHM_1_29_5_D_Living_114.15281_22.279443_120.8576_27.540763,val,Ours_guard_selected,7,60,1.25,2,B0_identity,0.03583603604279686,0.04290771484375,21.800473044017256,0.17470933860731003,nan,15.43041706085205,0,0.0,0,0.0,0.0,0.0,0.0,0.0,0.0,0.0
proxy_004_883_77_TZHXTHIVHM_1_29_5_D_Living_114.15281_22.279443_120.8576_27.540763,val,Ours_guard_selected,7,80,0.75,0,B0_identity,0.03583603604279686,0.04290771484375,21.7992125619931,0.17137459578838676,nan,15.350996017456055,0,0.0,0,0.0,0.0,0.0,0.0,0.0,0.0,0.0
proxy_004_883_77_TZHXTHIVHM_1_29_5_D_Living_114.15281_22.279443_120.8576_27.540763,val,Ours_guard_selected,7,80,0.75,1,B0_identity,0.03583603604279686,0.04290771484375,21.7992125619931,0.17137459578838676,nan,15.350996017456055,0,0.0,0,0.0,0.0,0.0,0.0,0.0,0.0,0.0
proxy_004_883_77_TZHXTHIVHM_1_29_5_D_Living_114.15281_22.279443_120.8576_27.540763,val,Ours_guard_selected,7,80,0.75,2,B0_identity,0.03583603604279686,0.04290771484375,21.7992125619931,0.17137459578838676,nan,15.350996017456055,0,0.0,0,0.0,0.0,0.0,0.0,0.0,0.0,0.0
proxy_004_883_77_TZHXTHIVHM_1_29_5_D_Living_114.15281_22.279443_120.8576_27.540763,val,Ours_guard_selected,7,80,1.25,0,B0_identity,0.03583603604279686,0.04290771484375,21.805370368321743,0.17294007658163488,nan,15.343883514404297,0,0.0,0,0.0,0.0,0.0,0.0,0.0,0.0,0.0
proxy_004_883_77_TZHXTHIVHM_1_29_5_D_Living_114.15281_22.279443_120.8576_27.540763,val,Ours_guard_selected,7,80,1.25,1,B0_identity,0.03583603604279686,0.04290771484375,21.805370368321743,0.17294007658163488,nan,15.343883514404297,0,0.0,0,0.0,0.0,0.0,0.0,0.0,0.0,0.0
proxy_004_883_77_TZHXTHIVHM_1_29_5_D_Living_114.15281_22.279443_120.8576_27.540763,val,Ours_guard_selected,7,80,1.25,2,B0_identity,0.03583603604279686,0.04290771484375,21.805370368321743,0.17294007658163488,nan,15.343883514404297,0,0.0,0,0.0,0.0,0.0,0.0,0.0,0.0,0.0
proxy_012_749_3_OSRJURUXRU_2_58_33_D_Kitchen_114.151031_22.279003_237.28_25.908724,val,Ours_guard_selected,-7,60,0.75,0,B1_deterministic,0.03548879972323781,0.01165771484375,30.564117407001497,0.8593400548698777,nan,2.747382164001465,0,0.0,8,0.00306716894131209,0.4356725215911865,0.2986193299293518,1.3485662937164307,0.6893513798713684,0.31704649329185486,0.2808341979980469
proxy_012_749_3_OSRJURUXRU_2_58_33_D_Kitchen_114.151031_22.279003_237.28_25.908724,val,Ours_guard_selected,-7,60,0.75,1,B1_deterministic,0.03548879972323781,0.01165771484375,30.564117407001497,0.8593400548698777,nan,2.747382164001465,0,0.0,8,0.00306716894131209,0.4356725215911865,0.2986193299293518,1.3485662937164307,0.6893513798713684,0.31704649329185486,0.2808341979980469
proxy_012_749_3_OSRJURUXRU_2_58_33_D_Kitchen_114.151031_22.279003_237.28_25.908724,val,Ours_guard_selected,-7,60,0.75,2,B1_deterministic,0.03548879972323781,0.01165771484375,30.564117407001497,0.8593400548698777,nan,2.747382164001465,0,0.0,8,0.00306716894131209,0.4356725215911865,0.2986193299293518,1.3485662937164307,0.6893513798713684,0.31704649329185486,0.2808341979980469
proxy_012_749_3_OSRJURUXRU_2_58_33_D_Kitchen_114.151031_22.279003_237.28_25.908724,val,Ours_guard_selected,-7,60,1.25,0,B1_deterministic,0.035671449099509644,0.01165771484375,30.555299792128018,0.8588877868236446,nan,2.7116055488586426,0,0.0,9,0.003015706375182692,0.42836254835128784,0.2961820960044861,1.3467742204666138,0.6841227412223816,0.33113256096839905,0.29006528854370117
proxy_012_749_3_OSRJURUXRU_2_58_33_D_Kitchen_114.151031_22.279003_237.28_25.908724,val,Ours_guard_selected,-7,60,1.25,1,G_lite_stochastic_proxy,0.03557306495777203,0.01165771484375,30.535245813134164,0.8569380569702743,nan,3.0375218391418457,0,0.0,5,0.00244447189114638,0.347222238779068,0.36042070388793945,1.8360215425491333,0.063262939453125,0.18004131317138672,1.1132289171218872
proxy_012_749_3_OSRJURUXRU_2_58_33_D_Kitchen_114.151031_22.279003_237.28_25.908724,val,Ours_guard_selected,-7,60,1.25,2,B1_deterministic,0.035671449099509644,0.01165771484375,30.555299792128018,0.8588877868236446,nan,2.7116055488586426,0,0.0,9,0.003015706375182692,0.42836254835128784,0.2961820960044861,1.3467742204666138,0.6841227412223816,0.33113256096839905,0.29006528854370117
proxy_012_749_3_OSRJURUXRU_2_58_33_D_Kitchen_114.151031_22.279003_237.28_25.908724,val,Ours_guard_selected,-7,80,0.75,0,B1_deterministic,0.03445968834654338,0.01165771484375,30.7231133697794,0.861310129586079,nan,2.20767879486084,0,0.0,8,0.0030517301714732704,0.43347957730293274,0.2883061468601227,1.327957034111023,0.6727752685546875,0.21228249371051788,0.27380824089050293
proxy_012_749_3_OSRJURUXRU_2_58_33_D_Kitchen_114.151031_22.279003_237.28_25.908724,val,Ours_guard_selected,-7,80,0.75,1,B1_deterministic,0.03445968834654338,0.01165771484375,30.7231133697794,0.861310129586079,nan,2.20767879486084,0,0.0,8,0.0030517301714732704,0.43347957730293274,0.2883061468601227,1.327957034111023,0.6727752685546875,0.21228249371051788,0.27380824089050293
proxy_012_749_3_OSRJURUXRU_2_58_33_D_Kitchen_114.151031_22.279003_237.28_25.908724,val,Ours_guard_selected,-7,80,0.75,2,B1_deterministic,0.03445968834654338,0.01165771484375,30.7231133697794,0.861310129586079,nan,2.20767879486084,0,0.0,8,0.0030517301714732704,0.43347957730293274,0.2883061468601227,1.327957034111023,0.6727752685546875,0.21228249371051788,0.27380824089050293
proxy_012_749_3_OSRJURUXRU_2_58_33_D_Kitchen_114.151031_22.279003_237.28_25.908724,val,Ours_guard_selected,-7,80,1.25,0,B1_deterministic,0.034618678878269575,0.01165771484375,30.761939032772734,0.8626940399359206,nan,2.1810646057128906,0,0.0,8,0.0030877539677638486,0.4385964870452881,0.2903081178665161,1.3198925256729126,0.6771443486213684,0.2313505858182907,0.26373493671417236
proxy_012_749_3_OSRJURUXRU_2_58_33_D_Kitchen_114.151031_22.279003_237.28_25.908724,val,Ours_guard_selected,-7,80,1.25,1,B1_deterministic,0.034618678878269575,0.01165771484375,30.761939032772734,0.8626940399359206,nan,2.1810646057128906,0,0.0,8,0.0030877539677638486,0.4385964870452881,0.2903081178665161,1.3198925256729126,0.6771443486213684,0.2313505858182907,0.26373493671417236
proxy_012_749_3_OSRJURUXRU_2_58_33_D_Kitchen_114.151031_22.279003_237.28_25.908724,val,Ours_guard_selected,-7,80,1.25,2,B1_deterministic,0.034618678878269575,0.01165771484375,30.761939032772734,0.8626940399359206,nan,2.1810646057128906,0,0.0,8,0.0030877539677638486,0.4385964870452881,0.2903081178665161,1.3198925256729126,0.6771443486213684,0.2313505858182907,0.26373493671417236
proxy_012_749_3_OSRJURUXRU_2_58_33_D_Kitchen_114.151031_22.279003_237.28_25.908724,val,Ours_guard_selected,-3,60,0.75,0,B0_identity,0.03583603604279686,0.0216064453125,26.653058011838652,0.9408462981401268,nan,4.6000471115112305,0,0.0,0,0.0,0.0,0.0,0.0,0.0,0.0,0.0
proxy_012_749_3_OSRJURUXRU_2_58_33_D_Kitchen_114.151031_22.279003_237.28_25.908724,val,Ours_guard_selected,-3,60,0.75,1,B0_identity,0.03583603604279686,0.0216064453125,26.653058011838652,0.9408462981401268,nan,4.6000471115112305,0,0.0,0,0.0,0.0,0.0,0.0,0.0,0.0,0.0
proxy_012_749_3_OSRJURUXRU_2_58_33_D_Kitchen_114.151031_22.279003_237.28_25.908724,val,Ours_guard_selected,-3,60,0.75,2,B0_identity,0.03583603604279686,0.0216064453125,26.653058011838652,0.9408462981401268,nan,4.6000471115112305,0,0.0,0,0.0,0.0,0.0,0.0,0.0,0.0,0.0
proxy_012_749_3_OSRJURUXRU_2_58_33_D_Kitchen_114.151031_22.279003_237.28_25.908724,val,Ours_guard_selected,-3,60,1.25,0,B0_identity,0.03583603604279686,0.0216064453125,26.678478195194177,0.9411544180022173,nan,4.5628533363342285,0,0.0,0,0.0,0.0,0.0,0.0,0.0,0.0,0.0
proxy_012_749_3_OSRJURUXRU_2_58_33_D_Kitchen_114.151031_22.279003_237.28_25.908724,val,Ours_guard_selected,-3,60,1.25,1,B0_identity,0.03583603604279686,0.0216064453125,26.678478195194177,0.9411544180022173,nan,4.5628533363342285,0,0.0,0,0.0,0.0,0.0,0.0,0.0,0.0,0.0
proxy_012_749_3_OSRJURUXRU_2_58_33_D_Kitchen_114.151031_22.279003_237.28_25.908724,val,Ours_guard_selected,-3,60,1.25,2,B0_identity,0.03583603604279686,0.0216064453125,26.678478195194177,0.9411544180022173,nan,4.5628533363342285,0,0.0,0,0.0,0.0,0.0,0.0,0.0,0.0,0.0
proxy_012_749_3_OSRJURUXRU_2_58_33_D_Kitchen_114.151031_22.279003_237.28_25.908724,val,Ours_guard_selected,-3,80,0.75,0,B0_identity,0.03583603604279686,0.0216064453125,26.77184428617581,0.9418761961603244,nan,4.120527267456055,0,0.0,0,0.0,0.0,0.0,0.0,0.0,0.0,0.0
proxy_012_749_3_OSRJURUXRU_2_58_33_D_Kitchen_114.151031_22.279003_237.28_25.908724,val,Ours_guard_selected,-3,80,0.75,1,B0_identity,0.03583603604279686,0.0216064453125,26.77184428617581,0.9418761961603244,nan,4.120527267456055,0,0.0,0,0.0,0.0,0.0,0.0,0.0,0.0,0.0
proxy_012_749_3_OSRJURUXRU_2_58_33_D_Kitchen_114.151031_22.279003_237.28_25.908724,val,Ours_guard_selected,-3,80,0.75,2,B0_identity,0.03583603604279686,0.0216064453125,26.77184428617581,0.9418761961603244,nan,4.120527267456055,0,0.0,0,0.0,0.0,0.0,0.0,0.0,0.0,0.0
proxy_012_749_3_OSRJURUXRU_2_58_33_D_Kitchen_114.151031_22.279003_237.28_25.908724,val,Ours_guard_selected,-3,80,1.25,0,B0_identity,0.03583603604279686,0.0216064453125,26.798091410742177,0.9421868583976547,nan,4.088983058929443,0,0.0,0,0.0,0.0,0.0,0.0,0.0,0.0,0.0
proxy_012_749_3_OSRJURUXRU_2_58_33_D_Kitchen_114.151031_22.279003_237.28_25.908724,val,Ours_guard_selected,-3,80,1.25,1,B0_identity,0.03583603604279686,0.0216064453125,26.798091410742177,0.9421868583976547,nan,4.088983058929443,0,0.0,0,0.0,0.0,0.0,0.0,0.0,0.0,0.0
proxy_012_749_3_OSRJURUXRU_2_58_33_D_Kitchen_114.151031_22.279003_237.28_25.908724,val,Ours_guard_selected,-3,80,1.25,2,B0_identity,0.03583603604279686,0.0216064453125,26.798091410742177,0.9421868583976547,nan,4.088983058929443,0,0.0,0,0.0,0.0,0.0,0.0,0.0,0.0,0.0
proxy_012_749_3_OSRJURUXRU_2_58_33_D_Kitchen_114.151031_22.279003_237.28_25.908724,val,Ours_guard_selected,0,60,0.75,0,B0_identity,0.03583603604279686,0.03057861328125,25.534958427223696,0.9471815092506035,nan,5.595475673675537,0,0.0,0,0.0,0.0,0.0,0.0,0.0,0.0,0.0
proxy_012_749_3_OSRJURUXRU_2_58_33_D_Kitchen_114.151031_22.279003_237.28_25.908724,val,Ours_guard_selected,0,60,0.75,1,B0_identity,0.03583603604279686,0.03057861328125,25.534958427223696,0.9471815092506035,nan,5.595475673675537,0,0.0,0,0.0,0.0,0.0,0.0,0.0,0.0,0.0
proxy_012_749_3_OSRJURUXRU_2_58_33_D_Kitchen_114.151031_22.279003_237.28_25.908724,val,Ours_guard_selected,0,60,0.75,2,B0_identity,0.03583603604279686,0.03057861328125,25.534958427223696,0.9471815092506035,nan,5.595475673675537,0,0.0,0,0.0,0.0,0.0,0.0,0.0,0.0,0.0
proxy_012_749_3_OSRJURUXRU_2_58_33_D_Kitchen_114.151031_22.279003_237.28_25.908724,val,Ours_guard_selected,0,60,1.25,0,B0_identity,0.03583603604279686,0.03057861328125,25.555853983695833,0.9474265966605983,nan,5.5582170486450195,0,0.0,0,0.0,0.0,0.0,0.0,0.0,0.0,0.0
proxy_012_749_3_OSRJURUXRU_2_58_33_D_Kitchen_114.151031_22.279003_237.28_25.908724,val,Ours_guard_selected,0,60,1.25,1,B0_identity,0.03583603604279686,0.03057861328125,25.555853983695833,0.9474265966605983,nan,5.5582170486450195,0,0.0,0,0.0,0.0,0.0,0.0,0.0,0.0,0.0
proxy_012_749_3_OSRJURUXRU_2_58_33_D_Kitchen_114.151031_22.279003_237.28_25.908724,val,Ours_guard_selected,0,60,1.25,2,B0_identity,0.03583603604279686,0.03057861328125,25.555853983695833,0.9474265966605983,nan,5.5582170486450195,0,0.0,0,0.0,0.0,0.0,0.0,0.0,0.0,0.0
proxy_012_749_3_OSRJURUXRU_2_58_33_D_Kitchen_114.151031_22.279003_237.28_25.908724,val,Ours_guard_selected,0,80,0.75,0,B0_identity,0.03583603604279686,0.03057861328125,25.617036532077172,0.9476598113995773,nan,5.133399963378906,0,0.0,0,0.0,0.0,0.0,0.0,0.0,0.0,0.0
proxy_012_749_3_OSRJURUXRU_2_58_33_D_Kitchen_114.151031_22.279003_237.28_25.908724,val,Ours_guard_selected,0,80,0.75,1,B0_identity,0.03583603604279686,0.03057861328125,25.617036532077172,0.9476598113995773,nan,5.133399963378906,0,0.0,0,0.0,0.0,0.0,0.0,0.0,0.0,0.0
proxy_012_749_3_OSRJURUXRU_2_58_33_D_Kitchen_114.151031_22.279003_237.28_25.908724,val,Ours_guard_selected,0,80,0.75,2,B0_identity,0.03583603604279686,0.03057861328125,25.617036532077172,0.9476598113995773,nan,5.133399963378906,0,0.0,0,0.0,0.0,0.0,0.0,0.0,0.0,0.0
proxy_012_749_3_OSRJURUXRU_2_58_33_D_Kitchen_114.151031_22.279003_237.28_25.908724,val,Ours_guard_selected,0,80,1.25,0,B0_identity,0.03583603604279686,0.03057861328125,25.639072420813186,0.9479117694819985,nan,5.102128982543945,0,0.0,0,0.0,0.0,0.0,0.0,0.0,0.0,0.0
proxy_012_749_3_OSRJURUXRU_2_58_33_D_Kitchen_114.151031_22.279003_237.28_25.908724,val,Ours_guard_selected,0,80,1.25,1,B0_identity,0.03583603604279686,0.03057861328125,25.639072420813186,0.9479117694819985,nan,5.102128982543945,0,0.0,0,0.0,0.0,0.0,0.0,0.0,0.0,0.0
proxy_012_749_3_OSRJURUXRU_2_58_33_D_Kitchen_114.151031_22.279003_237.28_25.908724,val,Ours_guard_selected,0,80,1.25,2,B0_identity,0.03583603604279686,0.03057861328125,25.639072420813186,0.9479117694819985,nan,5.102128982543945,0,0.0,0,0.0,0.0,0.0,0.0,0.0,0.0,0.0
proxy_012_749_3_OSRJURUXRU_2_58_33_D_Kitchen_114.151031_22.279003_237.28_25.908724,val,Ours_guard_selected,3,60,0.75,0,B0_identity,0.03583603604279686,0.0406494140625,24.64376052368405,0.9456625130131351,nan,6.477977752685547,0,0.0,0,0.0,0.0,0.0,0.0,0.0,0.0,0.0
proxy_012_749_3_OSRJURUXRU_2_58_33_D_Kitchen_114.151031_22.279003_237.28_25.908724,val,Ours_guard_selected,3,60,0.75,1,B0_identity,0.03583603604279686,0.0406494140625,24.64376052368405,0.9456625130131351,nan,6.477977752685547,0,0.0,0,0.0,0.0,0.0,0.0,0.0,0.0,0.0
proxy_012_749_3_OSRJURUXRU_2_58_33_D_Kitchen_114.151031_22.279003_237.28_25.908724,val,Ours_guard_selected,3,60,0.75,2,B0_identity,0.03583603604279686,0.0406494140625,24.64376052368405,0.9456625130131351,nan,6.477977752685547,0,0.0,0,0.0,0.0,0.0,0.0,0.0,0.0,0.0
proxy_012_749_3_OSRJURUXRU_2_58_33_D_Kitchen_114.151031_22.279003_237.28_25.908724,val,Ours_guard_selected,3,60,1.25,0,B0_identity,0.03583603604279686,0.0406494140625,24.663958442499336,0.9459144076552619,nan,6.438063144683838,0,0.0,0,0.0,0.0,0.0,0.0,0.0,0.0,0.0
proxy_012_749_3_OSRJURUXRU_2_58_33_D_Kitchen_114.151031_22.279003_237.28_25.908724,val,Ours_guard_selected,3,60,1.25,1,B0_identity,0.03583603604279686,0.0406494140625,24.663958442499336,0.9459144076552619,nan,6.438063144683838,0,0.0,0,0.0,0.0,0.0,0.0,0.0,0.0,0.0
proxy_012_749_3_OSRJURUXRU_2_58_33_D_Kitchen_114.151031_22.279003_237.28_25.908724,val,Ours_guard_selected,3,60,1.25,2,B0_identity,0.03583603604279686,0.0406494140625,24.663958442499336,0.9459144076552619,nan,6.438063144683838,0,0.0,0,0.0,0.0,0.0,0.0,0.0,0.0,0.0
proxy_012_749_3_OSRJURUXRU_2_58_33_D_Kitchen_114.151031_22.279003_237.28_25.908724,val,Ours_guard_selected,3,80,0.75,0,B0_identity,0.03583603604279686,0.0406494140625,24.698788252716955,0.9458648488856845,nan,6.0305304527282715,0,0.0,0,0.0,0.0,0.0,0.0,0.0,0.0,0.0
proxy_012_749_3_OSRJURUXRU_2_58_33_D_Kitchen_114.151031_22.279003_237.28_25.908724,val,Ours_guard_selected,3,80,0.75,1,B0_identity,0.03583603604279686,0.0406494140625,24.698788252716955,0.9458648488856845,nan,6.0305304527282715,0,0.0,0,0.0,0.0,0.0,0.0,0.0,0.0,0.0
proxy_012_749_3_OSRJURUXRU_2_58_33_D_Kitchen_114.151031_22.279003_237.28_25.908724,val,Ours_guard_selected,3,80,0.75,2,B0_identity,0.03583603604279686,0.0406494140625,24.698788252716955,0.9458648488856845,nan,6.0305304527282715,0,0.0,0,0.0,0.0,0.0,0.0,0.0,0.0,0.0
proxy_012_749_3_OSRJURUXRU_2_58_33_D_Kitchen_114.151031_22.279003_237.28_25.908724,val,Ours_guard_selected,3,80,1.25,0,B0_identity,0.03583603604279686,0.0406494140625,24.717500662944104,0.9460874808726303,nan,6.002127170562744,0,0.0,0,0.0,0.0,0.0,0.0,0.0,0.0,0.0
proxy_012_749_3_OSRJURUXRU_2_58_33_D_Kitchen_114.151031_22.279003_237.28_25.908724,val,Ours_guard_selected,3,80,1.25,1,B0_identity,0.03583603604279686,0.0406494140625,24.717500662944104,0.9460874808726303,nan,6.002127170562744,0,0.0,0,0.0,0.0,0.0,0.0,0.0,0.0,0.0
proxy_012_749_3_OSRJURUXRU_2_58_33_D_Kitchen_114.151031_22.279003_237.28_25.908724,val,Ours_guard_selected,3,80,1.25,2,B0_identity,0.03583603604279686,0.0406494140625,24.717500662944104,0.9460874808726303,nan,6.002127170562744,0,0.0,0,0.0,0.0,0.0,0.0,0.0,0.0,0.0
proxy_012_749_3_OSRJURUXRU_2_58_33_D_Kitchen_114.151031_22.279003_237.28_25.908724,val,Ours_guard_selected,7,60,0.75,0,B0_identity,0.03583603604279686,0.0557861328125,24.018466710113163,0.9465106472568482,nan,7.286834239959717,0,0.0,0,0.0,0.0,0.0,0.0,0.0,0.0,0.0
proxy_012_749_3_OSRJURUXRU_2_58_33_D_Kitchen_114.151031_22.279003_237.28_25.908724,val,Ours_guard_selected,7,60,0.75,1,B0_identity,0.03583603604279686,0.0557861328125,24.018466710113163,0.9465106472568482,nan,7.286834239959717,0,0.0,0,0.0,0.0,0.0,0.0,0.0,0.0,0.0
proxy_012_749_3_OSRJURUXRU_2_58_33_D_Kitchen_114.151031_22.279003_237.28_25.908724,val,Ours_guard_selected,7,60,0.75,2,B0_identity,0.03583603604279686,0.0557861328125,24.018466710113163,0.9465106472568482,nan,7.286834239959717,0,0.0,0,0.0,0.0,0.0,0.0,0.0,0.0,0.0
proxy_012_749_3_OSRJURUXRU_2_58_33_D_Kitchen_114.151031_22.279003_237.28_25.908724,val,Ours_guard_selected,7,60,1.25,0,B0_identity,0.03583603604279686,0.0557861328125,24.024047933357465,0.9465748887917267,nan,7.259026050567627,0,0.0,0,0.0,0.0,0.0,0.0,0.0,0.0,0.0
proxy_012_749_3_OSRJURUXRU_2_58_33_D_Kitchen_114.151031_22.279003_237.28_25.908724,val,Ours_guard_selected,7,60,1.25,1,B0_identity,0.03583603604279686,0.0557861328125,24.024047933357465,0.9465748887917267,nan,7.259026050567627,0,0.0,0,0.0,0.0,0.0,0.0,0.0,0.0,0.0
proxy_012_749_3_OSRJURUXRU_2_58_33_D_Kitchen_114.151031_22.279003_237.28_25.908724,val,Ours_guard_selected,7,60,1.25,2,B0_identity,0.03583603604279686,0.0557861328125,24.024047933357465,0.9465748887917267,nan,7.259026050567627,0,0.0,0,0.0,0.0,0.0,0.0,0.0,0.0,0.0
proxy_012_749_3_OSRJURUXRU_2_58_33_D_Kitchen_114.151031_22.279003_237.28_25.908724,val,Ours_guard_selected,7,80,0.75,0,B0_identity,0.03583603604279686,0.0557861328125,24.05633981497818,0.946630532678622,nan,6.855032920837402,0,0.0,0,0.0,0.0,0.0,0.0,0.0,0.0,0.0
proxy_012_749_3_OSRJURUXRU_2_58_33_D_Kitchen_114.151031_22.279003_237.28_25.908724,val,Ours_guard_selected,7,80,0.75,1,B0_identity,0.03583603604279686,0.0557861328125,24.05633981497818,0.946630532678622,nan,6.855032920837402,0,0.0,0,0.0,0.0,0.0,0.0,0.0,0.0,0.0
proxy_012_749_3_OSRJURUXRU_2_58_33_D_Kitchen_114.151031_22.279003_237.28_25.908724,val,Ours_guard_selected,7,80,0.75,2,B0_identity,0.03583603604279686,0.0557861328125,24.05633981497818,0.946630532678622,nan,6.855032920837402,0,0.0,0,0.0,0.0,0.0,0.0,0.0,0.0,0.0
proxy_012_749_3_OSRJURUXRU_2_58_33_D_Kitchen_114.151031_22.279003_237.28_25.908724,val,Ours_guard_selected,7,80,1.25,0,B0_identity,0.03583603604279686,0.0557861328125,24.056679035959547,0.9466283077558305,nan,6.839077472686768,0,0.0,0,0.0,0.0,0.0,0.0,0.0,0.0,0.0
proxy_012_749_3_OSRJURUXRU_2_58_33_D_Kitchen_114.151031_22.279003_237.28_25.908724,val,Ours_guard_selected,7,80,1.25,1,B0_identity,0.03583603604279686,0.0557861328125,24.056679035959547,0.9466283077558305,nan,6.839077472686768,0,0.0,0,0.0,0.0,0.0,0.0,0.0,0.0,0.0
proxy_012_749_3_OSRJURUXRU_2_58_33_D_Kitchen_114.151031_22.279003_237.28_25.908724,val,Ours_guard_selected,7,80,1.25,2,B0_identity,0.03583603604279686,0.0557861328125,24.056679035959547,0.9466283077558305,nan,6.839077472686768,0,0.0,0,0.0,0.0,0.0,0.0,0.0,0.0,0.0
proxy_022_508_76_TZHXTHISHM_1_102_1_C_Living_114.152661_22.279519_109.49_27.540255,val,Ours_guard_selected,-7,60,0.75,0,B0_identity,0.03583603604279686,0.0214385986328125,34.17620278861268,0.9541826837099877,nan,4.515539646148682,0,0.0,0,0.0,0.0,0.0,0.0,0.0,0.0,0.0
proxy_022_508_76_TZHXTHISHM_1_102_1_C_Living_114.152661_22.279519_109.49_27.540255,val,Ours_guard_selected,-7,60,0.75,1,B0_identity,0.03583603604279686,0.0214385986328125,34.17620278861268,0.9541826837099877,nan,4.515539646148682,0,0.0,0,0.0,0.0,0.0,0.0,0.0,0.0,0.0
proxy_022_508_76_TZHXTHISHM_1_102_1_C_Living_114.152661_22.279519_109.49_27.540255,val,Ours_guard_selected,-7,60,0.75,2,B0_identity,0.03583603604279686,0.0214385986328125,34.17620278861268,0.9541826837099877,nan,4.515539646148682,0,0.0,0,0.0,0.0,0.0,0.0,0.0,0.0,0.0
proxy_022_508_76_TZHXTHISHM_1_102_1_C_Living_114.152661_22.279519_109.49_27.540255,val,Ours_guard_selected,-7,60,1.25,0,B0_identity,0.03583603604279686,0.0214385986328125,34.17620278861268,0.9541826837099877,nan,4.515539646148682,0,0.0,0,0.0,0.0,0.0,0.0,0.0,0.0,0.0
proxy_022_508_76_TZHXTHISHM_1_102_1_C_Living_114.152661_22.279519_109.49_27.540255,val,Ours_guard_selected,-7,60,1.25,1,B0_identity,0.03583603604279686,0.0214385986328125,34.17620278861268,0.9541826837099877,nan,4.515539646148682,0,0.0,0,0.0,0.0,0.0,0.0,0.0,0.0,0.0
proxy_022_508_76_TZHXTHISHM_1_102_1_C_Living_114.152661_22.279519_109.49_27.540255,val,Ours_guard_selected,-7,60,1.25,2,B0_identity,0.03583603604279686,0.0214385986328125,34.17620278861268,0.9541826837099877,nan,4.515539646148682,0,0.0,0,0.0,0.0,0.0,0.0,0.0,0.0,0.0
proxy_022_508_76_TZHXTHISHM_1_102_1_C_Living_114.152661_22.279519_109.49_27.540255,val,Ours_guard_selected,-7,80,0.75,0,B0_identity,0.03583603604279686,0.0214385986328125,35.19417730627317,0.9541508084377827,nan,3.777461528778076,0,0.0,0,0.0,0.0,0.0,0.0,0.0,0.0,0.0
proxy_022_508_76_TZHXTHISHM_1_102_1_C_Living_114.152661_22.279519_109.49_27.540255,val,Ours_guard_selected,-7,80,0.75,1,B0_identity,0.03583603604279686,0.0214385986328125,35.19417730627317,0.9541508084377827,nan,3.777461528778076,0,0.0,0,0.0,0.0,0.0,0.0,0.0,0.0,0.0
proxy_022_508_76_TZHXTHISHM_1_102_1_C_Living_114.152661_22.279519_109.49_27.540255,val,Ours_guard_selected,-7,80,0.75,2,B0_identity,0.03583603604279686,0.0214385986328125,35.19417730627317,0.9541508084377827,nan,3.777461528778076,0,0.0,0,0.0,0.0,0.0,0.0,0.0,0.0,0.0
proxy_022_508_76_TZHXTHISHM_1_102_1_C_Living_114.152661_22.279519_109.49_27.540255,val,Ours_guard_selected,-7,80,1.25,0,B0_identity,0.03583603604279686,0.0214385986328125,35.19417730627317,0.9541508084377827,nan,3.777461528778076,0,0.0,0,0.0,0.0,0.0,0.0,0.0,0.0,0.0
proxy_022_508_76_TZHXTHISHM_1_102_1_C_Living_114.152661_22.279519_109.49_27.540255,val,Ours_guard_selected,-7,80,1.25,1,B0_identity,0.03583603604279686,0.0214385986328125,35.19417730627317,0.9541508084377827,nan,3.777461528778076,0,0.0,0,0.0,0.0,0.0,0.0,0.0,0.0,0.0
proxy_022_508_76_TZHXTHISHM_1_102_1_C_Living_114.152661_22.279519_109.49_27.540255,val,Ours_guard_selected,-7,80,1.25,2,B0_identity,0.03583603604279686,0.0214385986328125,35.19417730627317,0.9541508084377827,nan,3.777461528778076,0,0.0,0,0.0,0.0,0.0,0.0,0.0,0.0,0.0
proxy_022_508_76_TZHXTHISHM_1_102_1_C_Living_114.152661_22.279519_109.49_27.540255,val,Ours_guard_selected,-3,60,0.75,0,B0_identity,0.03583603604279686,0.0337066650390625,33.88140083437472,0.9304100569439564,nan,4.583673000335693,0,0.0,0,0.0,0.0,0.0,0.0,0.0,0.0,0.0
proxy_022_508_76_TZHXTHISHM_1_102_1_C_Living_114.152661_22.279519_109.49_27.540255,val,Ours_guard_selected,-3,60,0.75,1,B0_identity,0.03583603604279686,0.0337066650390625,33.88140083437472,0.9304100569439564,nan,4.583673000335693,0,0.0,0,0.0,0.0,0.0,0.0,0.0,0.0,0.0
proxy_022_508_76_TZHXTHISHM_1_102_1_C_Living_114.152661_22.279519_109.49_27.540255,val,Ours_guard_selected,-3,60,0.75,2,B0_identity,0.03583603604279686,0.0337066650390625,33.88140083437472,0.9304100569439564,nan,4.583673000335693,0,0.0,0,0.0,0.0,0.0,0.0,0.0,0.0,0.0
proxy_022_508_76_TZHXTHISHM_1_102_1_C_Living_114.152661_22.279519_109.49_27.540255,val,Ours_guard_selected,-3,60,1.25,0,B0_identity,0.03583603604279686,0.0337066650390625,33.88140083437472,0.9304100569439564,nan,4.583673000335693,0,0.0,0,0.0,0.0,0.0,0.0,0.0,0.0,0.0
proxy_022_508_76_TZHXTHISHM_1_102_1_C_Living_114.152661_22.279519_109.49_27.540255,val,Ours_guard_selected,-3,60,1.25,1,B0_identity,0.03583603604279686,0.0337066650390625,33.88140083437472,0.9304100569439564,nan,4.583673000335693,0,0.0,0,0.0,0.0,0.0,0.0,0.0,0.0,0.0
proxy_022_508_76_TZHXTHISHM_1_102_1_C_Living_114.152661_22.279519_109.49_27.540255,val,Ours_guard_selected,-3,60,1.25,2,B0_identity,0.03583603604279686,0.0337066650390625,33.88140083437472,0.9304100569439564,nan,4.583673000335693,0,0.0,0,0.0,0.0,0.0,0.0,0.0,0.0,0.0
proxy_022_508_76_TZHXTHISHM_1_102_1_C_Living_114.152661_22.279519_109.49_27.540255,val,Ours_guard_selected,-3,80,0.75,0,B0_identity,0.03583603604279686,0.0337066650390625,34.817329563967604,0.930378671186265,nan,3.952467203140259,0,0.0,0,0.0,0.0,0.0,0.0,0.0,0.0,0.0
proxy_022_508_76_TZHXTHISHM_1_102_1_C_Living_114.152661_22.279519_109.49_27.540255,val,Ours_guard_selected,-3,80,0.75,1,B0_identity,0.03583603604279686,0.0337066650390625,34.817329563967604,0.930378671186265,nan,3.952467203140259,0,0.0,0,0.0,0.0,0.0,0.0,0.0,0.0,0.0
proxy_022_508_76_TZHXTHISHM_1_102_1_C_Living_114.152661_22.279519_109.49_27.540255,val,Ours_guard_selected,-3,80,0.75,2,B0_identity,0.03583603604279686,0.0337066650390625,34.817329563967604,0.930378671186265,nan,3.952467203140259,0,0.0,0,0.0,0.0,0.0,0.0,0.0,0.0,0.0
proxy_022_508_76_TZHXTHISHM_1_102_1_C_Living_114.152661_22.279519_109.49_27.540255,val,Ours_guard_selected,-3,80,1.25,0,B0_identity,0.03583603604279686,0.0337066650390625,34.817329563967604,0.930378671186265,nan,3.952467203140259,0,0.0,0,0.0,0.0,0.0,0.0,0.0,0.0,0.0
proxy_022_508_76_TZHXTHISHM_1_102_1_C_Living_114.152661_22.279519_109.49_27.540255,val,Ours_guard_selected,-3,80,1.25,1,B0_identity,0.03583603604279686,0.0337066650390625,34.817329563967604,0.930378671186265,nan,3.952467203140259,0,0.0,0,0.0,0.0,0.0,0.0,0.0,0.0,0.0
proxy_022_508_76_TZHXTHISHM_1_102_1_C_Living_114.152661_22.279519_109.49_27.540255,val,Ours_guard_selected,-3,80,1.25,2,B0_identity,0.03583603604279686,0.0337066650390625,34.817329563967604,0.930378671186265,nan,3.952467203140259,0,0.0,0,0.0,0.0,0.0,0.0,0.0,0.0,0.0
proxy_022_508_76_TZHXTHISHM_1_102_1_C_Living_114.152661_22.279519_109.49_27.540255,val,Ours_guard_selected,0,60,0.75,0,B0_identity,0.03583603604279686,0.0443267822265625,33.659098748555216,0.911368459642062,nan,4.654848098754883,0,0.0,0,0.0,0.0,0.0,0.0,0.0,0.0,0.0
proxy_022_508_76_TZHXTHISHM_1_102_1_C_Living_114.152661_22.279519_109.49_27.540255,val,Ours_guard_selected,0,60,0.75,1,B0_identity,0.03583603604279686,0.0443267822265625,33.659098748555216,0.911368459642062,nan,4.654848098754883,0,0.0,0,0.0,0.0,0.0,0.0,0.0,0.0,0.0
proxy_022_508_76_TZHXTHISHM_1_102_1_C_Living_114.152661_22.279519_109.49_27.540255,val,Ours_guard_selected,0,60,0.75,2,B0_identity,0.03583603604279686,0.0443267822265625,33.659098748555216,0.911368459642062,nan,4.654848098754883,0,0.0,0,0.0,0.0,0.0,0.0,0.0,0.0,0.0
proxy_022_508_76_TZHXTHISHM_1_102_1_C_Living_114.152661_22.279519_109.49_27.540255,val,Ours_guard_selected,0,60,1.25,0,B0_identity,0.03583603604279686,0.0443267822265625,33.659098748555216,0.911368459642062,nan,4.654848098754883,0,0.0,0,0.0,0.0,0.0,0.0,0.0,0.0,0.0
proxy_022_508_76_TZHXTHISHM_1_102_1_C_Living_114.152661_22.279519_109.49_27.540255,val,Ours_guard_selected,0,60,1.25,1,B0_identity,0.03583603604279686,0.0443267822265625,33.659098748555216,0.911368459642062,nan,4.654848098754883,0,0.0,0,0.0,0.0,0.0,0.0,0.0,0.0,0.0
proxy_022_508_76_TZHXTHISHM_1_102_1_C_Living_114.152661_22.279519_109.49_27.540255,val,Ours_guard_selected,0,60,1.25,2,B0_identity,0.03583603604279686,0.0443267822265625,33.659098748555216,0.911368459642062,nan,4.654848098754883,0,0.0,0,0.0,0.0,0.0,0.0,0.0,0.0,0.0
proxy_022_508_76_TZHXTHISHM_1_102_1_C_Living_114.152661_22.279519_109.49_27.540255,val,Ours_guard_selected,0,80,0.75,0,B0_identity,0.03583603604279686,0.0443267822265625,34.535725154241426,0.9113246934007492,nan,4.092828273773193,0,0.0,0,0.0,0.0,0.0,0.0,0.0,0.0,0.0
proxy_022_508_76_TZHXTHISHM_1_102_1_C_Living_114.152661_22.279519_109.49_27.540255,val,Ours_guard_selected,0,80,0.75,1,B0_identity,0.03583603604279686,0.0443267822265625,34.535725154241426,0.9113246934007492,nan,4.092828273773193,0,0.0,0,0.0,0.0,0.0,0.0,0.0,0.0,0.0
proxy_022_508_76_TZHXTHISHM_1_102_1_C_Living_114.152661_22.279519_109.49_27.540255,val,Ours_guard_selected,0,80,0.75,2,B0_identity,0.03583603604279686,0.0443267822265625,34.535725154241426,0.9113246934007492,nan,4.092828273773193,0,0.0,0,0.0,0.0,0.0,0.0,0.0,0.0,0.0
proxy_022_508_76_TZHXTHISHM_1_102_1_C_Living_114.152661_22.279519_109.49_27.540255,val,Ours_guard_selected,0,80,1.25,0,B0_identity,0.03583603604279686,0.0443267822265625,34.53600824614962,0.9113413998092265,nan,4.092713832855225,0,0.0,0,0.0,0.0,0.0,0.0,0.0,0.0,0.0
proxy_022_508_76_TZHXTHISHM_1_102_1_C_Living_114.152661_22.279519_109.49_27.540255,val,Ours_guard_selected,0,80,1.25,1,B0_identity,0.03583603604279686,0.0443267822265625,34.53600824614962,0.9113413998092265,nan,4.092713832855225,0,0.0,0,0.0,0.0,0.0,0.0,0.0,0.0,0.0
proxy_022_508_76_TZHXTHISHM_1_102_1_C_Living_114.152661_22.279519_109.49_27.540255,val,Ours_guard_selected,0,80,1.25,2,B0_identity,0.03583603604279686,0.0443267822265625,34.53600824614962,0.9113413998092265,nan,4.092713832855225,0,0.0,0,0.0,0.0,0.0,0.0,0.0,0.0,0.0
proxy_022_508_76_TZHXTHISHM_1_102_1_C_Living_114.152661_22.279519_109.49_27.540255,val,Ours_guard_selected,3,60,0.75,0,B0_identity,0.03583603604279686,0.0560455322265625,29.96820698430247,0.5971263119081563,nan,5.087666988372803,0,0.0,0,0.0,0.0,0.0,0.0,0.0,0.0,0.0
proxy_022_508_76_TZHXTHISHM_1_102_1_C_Living_114.152661_22.279519_109.49_27.540255,val,Ours_guard_selected,3,60,0.75,1,B0_identity,0.03583603604279686,0.0560455322265625,29.96820698430247,0.5971263119081563,nan,5.087666988372803,0,0.0,0,0.0,0.0,0.0,0.0,0.0,0.0,0.0
proxy_022_508_76_TZHXTHISHM_1_102_1_C_Living_114.152661_22.279519_109.49_27.540255,val,Ours_guard_selected,3,60,0.75,2,B0_identity,0.03583603604279686,0.0560455322265625,29.96820698430247,0.5971263119081563,nan,5.087666988372803,0,0.0,0,0.0,0.0,0.0,0.0,0.0,0.0,0.0
proxy_022_508_76_TZHXTHISHM_1_102_1_C_Living_114.152661_22.279519_109.49_27.540255,val,Ours_guard_selected,3,60,1.25,0,B0_identity,0.03583603604279686,0.0560455322265625,30.018297909016205,0.6048422936732395,nan,5.076141357421875,0,0.0,0,0.0,0.0,0.0,0.0,0.0,0.0,0.0
proxy_022_508_76_TZHXTHISHM_1_102_1_C_Living_114.152661_22.279519_109.49_27.540255,val,Ours_guard_selected,3,60,1.25,1,B0_identity,0.03583603604279686,0.0560455322265625,30.018297909016205,0.6048422936732395,nan,5.076141357421875,0,0.0,0,0.0,0.0,0.0,0.0,0.0,0.0,0.0
proxy_022_508_76_TZHXTHISHM_1_102_1_C_Living_114.152661_22.279519_109.49_27.540255,val,Ours_guard_selected,3,60,1.25,2,B0_identity,0.03583603604279686,0.0560455322265625,30.018297909016205,0.6048422936732395,nan,5.076141357421875,0,0.0,0,0.0,0.0,0.0,0.0,0.0,0.0,0.0
proxy_022_508_76_TZHXTHISHM_1_102_1_C_Living_114.152661_22.279519_109.49_27.540255,val,Ours_guard_selected,3,80,0.75,0,B0_identity,0.03583603604279686,0.0560455322265625,30.347137098185982,0.5968986898999008,nan,4.621835231781006,0,0.0,0,0.0,0.0,0.0,0.0,0.0,0.0,0.0
proxy_022_508_76_TZHXTHISHM_1_102_1_C_Living_114.152661_22.279519_109.49_27.540255,val,Ours_guard_selected,3,80,0.75,1,B0_identity,0.03583603604279686,0.0560455322265625,30.347137098185982,0.5968986898999008,nan,4.621835231781006,0,0.0,0,0.0,0.0,0.0,0.0,0.0,0.0,0.0
proxy_022_508_76_TZHXTHISHM_1_102_1_C_Living_114.152661_22.279519_109.49_27.540255,val,Ours_guard_selected,3,80,0.75,2,B0_identity,0.03583603604279686,0.0560455322265625,30.347137098185982,0.5968986898999008,nan,4.621835231781006,0,0.0,0,0.0,0.0,0.0,0.0,0.0,0.0,0.0
proxy_022_508_76_TZHXTHISHM_1_102_1_C_Living_114.152661_22.279519_109.49_27.540255,val,Ours_guard_selected,3,80,1.25,0,B0_identity,0.03583603604279686,0.0560455322265625,30.280097005006983,0.5854408907722007,nan,4.635810852050781,0,0.0,0,0.0,0.0,0.0,0.0,0.0,0.0,0.0
proxy_022_508_76_TZHXTHISHM_1_102_1_C_Living_114.152661_22.279519_109.49_27.540255,val,Ours_guard_selected,3,80,1.25,1,B0_identity,0.03583603604279686,0.0560455322265625,30.280097005006983,0.5854408907722007,nan,4.635810852050781,0,0.0,0,0.0,0.0,0.0,0.0,0.0,0.0,0.0
proxy_022_508_76_TZHXTHISHM_1_102_1_C_Living_114.152661_22.279519_109.49_27.540255,val,Ours_guard_selected,3,80,1.25,2,B0_identity,0.03583603604279686,0.0560455322265625,30.280097005006983,0.5854408907722007,nan,4.635810852050781,0,0.0,0,0.0,0.0,0.0,0.0,0.0,0.0,0.0
proxy_022_508_76_TZHXTHISHM_1_102_1_C_Living_114.152661_22.279519_109.49_27.540255,val,Ours_guard_selected,7,60,0.75,0,B0_identity,0.03583603604279686,0.0733795166015625,23.81243994388237,0.22822946952671322,nan,7.343661308288574,0,0.0,0,0.0,0.0,0.0,0.0,0.0,0.0,0.0
proxy_022_508_76_TZHXTHISHM_1_102_1_C_Living_114.152661_22.279519_109.49_27.540255,val,Ours_guard_selected,7,60,0.75,1,B0_identity,0.03583603604279686,0.0733795166015625,23.81243994388237,0.22822946952671322,nan,7.343661308288574,0,0.0,0,0.0,0.0,0.0,0.0,0.0,0.0,0.0
proxy_022_508_76_TZHXTHISHM_1_102_1_C_Living_114.152661_22.279519_109.49_27.540255,val,Ours_guard_selected,7,60,0.75,2,B0_identity,0.03583603604279686,0.0733795166015625,23.81243994388237,0.22822946952671322,nan,7.343661308288574,0,0.0,0,0.0,0.0,0.0,0.0,0.0,0.0,0.0
proxy_022_508_76_TZHXTHISHM_1_102_1_C_Living_114.152661_22.279519_109.49_27.540255,val,Ours_guard_selected,7,60,1.25,0,B0_identity,0.03583603604279686,0.0733795166015625,23.823400621294017,0.23305578474839098,nan,7.3304219245910645,0,0.0,0,0.0,0.0,0.0,0.0,0.0,0.0,0.0
proxy_022_508_76_TZHXTHISHM_1_102_1_C_Living_114.152661_22.279519_109.49_27.540255,val,Ours_guard_selected,7,60,1.25,1,B0_identity,0.03583603604279686,0.0733795166015625,23.823400621294017,0.23305578474839098,nan,7.3304219245910645,0,0.0,0,0.0,0.0,0.0,0.0,0.0,0.0,0.0
proxy_022_508_76_TZHXTHISHM_1_102_1_C_Living_114.152661_22.279519_109.49_27.540255,val,Ours_guard_selected,7,60,1.25,2,B0_identity,0.03583603604279686,0.0733795166015625,23.823400621294017,0.23305578474839098,nan,7.3304219245910645,0,0.0,0,0.0,0.0,0.0,0.0,0.0,0.0,0.0
proxy_022_508_76_TZHXTHISHM_1_102_1_C_Living_114.152661_22.279519_109.49_27.540255,val,Ours_guard_selected,7,80,0.75,0,B0_identity,0.03583603604279686,0.0733795166015625,23.685448863633432,0.21204399614691014,nan,7.092950820922852,0,0.0,0,0.0,0.0,0.0,0.0,0.0,0.0,0.0
proxy_022_508_76_TZHXTHISHM_1_102_1_C_Living_114.152661_22.279519_109.49_27.540255,val,Ours_guard_selected,7,80,0.75,1,B0_identity,0.03583603604279686,0.0733795166015625,23.685448863633432,0.21204399614691014,nan,7.092950820922852,0,0.0,0,0.0,0.0,0.0,0.0,0.0,0.0,0.0
proxy_022_508_76_TZHXTHISHM_1_102_1_C_Living_114.152661_22.279519_109.49_27.540255,val,Ours_guard_selected,7,80,0.75,2,B0_identity,0.03583603604279686,0.0733795166015625,23.685448863633432,0.21204399614691014,nan,7.092950820922852,0,0.0,0,0.0,0.0,0.0,0.0,0.0,0.0,0.0
proxy_022_508_76_TZHXTHISHM_1_102_1_C_Living_114.152661_22.279519_109.49_27.540255,val,Ours_guard_selected,7,80,1.25,0,B0_identity,0.03583603604279686,0.0733795166015625,23.679744753023442,0.21131395024712768,nan,7.100783348083496,0,0.0,0,0.0,0.0,0.0,0.0,0.0,0.0,0.0
proxy_022_508_76_TZHXTHISHM_1_102_1_C_Living_114.152661_22.279519_109.49_27.540255,val,Ours_guard_selected,7,80,1.25,1,B0_identity,0.03583603604279686,0.0733795166015625,23.679744753023442,0.21131395024712768,nan,7.100783348083496,0,0.0,0,0.0,0.0,0.0,0.0,0.0,0.0,0.0
proxy_022_508_76_TZHXTHISHM_1_102_1_C_Living_114.152661_22.279519_109.49_27.540255,val,Ours_guard_selected,7,80,1.25,2,B0_identity,0.03583603604279686,0.0733795166015625,23.679744753023442,0.21131395024712768,nan,7.100783348083496,0,0.0,0,0.0,0.0,0.0,0.0,0.0,0.0,0.0
proxy_028_114_36_SKPPWSPXPE_2_31_13_C_Living_114.146704_22.283476_117.9967_62.292876,val,Ours_guard_selected,-7,60,0.75,0,B0_identity,0.03583603604279686,0.0116424560546875,10.507872981787953,0.010541468277790398,nan,71.90694427490234,0,0.0,0,0.0,0.0,0.0,0.0,0.0,0.0,0.0
proxy_028_114_36_SKPPWSPXPE_2_31_13_C_Living_114.146704_22.283476_117.9967_62.292876,val,Ours_guard_selected,-7,60,0.75,1,B0_identity,0.03583603604279686,0.0116424560546875,10.507872981787953,0.010541468277790398,nan,71.90694427490234,0,0.0,0,0.0,0.0,0.0,0.0,0.0,0.0,0.0
proxy_028_114_36_SKPPWSPXPE_2_31_13_C_Living_114.146704_22.283476_117.9967_62.292876,val,Ours_guard_selected,-7,60,0.75,2,B0_identity,0.03583603604279686,0.0116424560546875,10.507872981787953,0.010541468277790398,nan,71.90694427490234,0,0.0,0,0.0,0.0,0.0,0.0,0.0,0.0,0.0
proxy_028_114_36_SKPPWSPXPE_2_31_13_C_Living_114.146704_22.283476_117.9967_62.292876,val,Ours_guard_selected,-7,60,1.25,0,B0_identity,0.03583603604279686,0.0116424560546875,10.507872981787953,0.010541468277790398,nan,71.90694427490234,0,0.0,0,0.0,0.0,0.0,0.0,0.0,0.0,0.0
proxy_028_114_36_SKPPWSPXPE_2_31_13_C_Living_114.146704_22.283476_117.9967_62.292876,val,Ours_guard_selected,-7,60,1.25,1,B0_identity,0.03583603604279686,0.0116424560546875,10.507872981787953,0.010541468277790398,nan,71.90694427490234,0,0.0,0,0.0,0.0,0.0,0.0,0.0,0.0,0.0
proxy_028_114_36_SKPPWSPXPE_2_31_13_C_Living_114.146704_22.283476_117.9967_62.292876,val,Ours_guard_selected,-7,60,1.25,2,B0_identity,0.03583603604279686,0.0116424560546875,10.507872981787953,0.010541468277790398,nan,71.90694427490234,0,0.0,0,0.0,0.0,0.0,0.0,0.0,0.0,0.0
proxy_028_114_36_SKPPWSPXPE_2_31_13_C_Living_114.146704_22.283476_117.9967_62.292876,val,Ours_guard_selected,-7,80,0.75,0,B0_identity,0.03583603604279686,0.0116424560546875,10.528720866053794,0.01054381103946552,nan,71.8641357421875,0,0.0,0,0.0,0.0,0.0,0.0,0.0,0.0,0.0
proxy_028_114_36_SKPPWSPXPE_2_31_13_C_Living_114.146704_22.283476_117.9967_62.292876,val,Ours_guard_selected,-7,80,0.75,1,B0_identity,0.03583603604279686,0.0116424560546875,10.528720866053794,0.01054381103946552,nan,71.8641357421875,0,0.0,0,0.0,0.0,0.0,0.0,0.0,0.0,0.0
proxy_028_114_36_SKPPWSPXPE_2_31_13_C_Living_114.146704_22.283476_117.9967_62.292876,val,Ours_guard_selected,-7,80,0.75,2,B0_identity,0.03583603604279686,0.0116424560546875,10.528720866053794,0.01054381103946552,nan,71.8641357421875,0,0.0,0,0.0,0.0,0.0,0.0,0.0,0.0,0.0
proxy_028_114_36_SKPPWSPXPE_2_31_13_C_Living_114.146704_22.283476_117.9967_62.292876,val,Ours_guard_selected,-7,80,1.25,0,B0_identity,0.03583603604279686,0.0116424560546875,10.528720866053794,0.01054381103946552,nan,71.8641357421875,0,0.0,0,0.0,0.0,0.0,0.0,0.0,0.0,0.0
proxy_028_114_36_SKPPWSPXPE_2_31_13_C_Living_114.146704_22.283476_117.9967_62.292876,val,Ours_guard_selected,-7,80,1.25,1,B0_identity,0.03583603604279686,0.0116424560546875,10.528720866053794,0.01054381103946552,nan,71.8641357421875,0,0.0,0,0.0,0.0,0.0,0.0,0.0,0.0,0.0
proxy_028_114_36_SKPPWSPXPE_2_31_13_C_Living_114.146704_22.283476_117.9967_62.292876,val,Ours_guard_selected,-7,80,1.25,2,B0_identity,0.03583603604279686,0.0116424560546875,10.528720866053794,0.01054381103946552,nan,71.8641357421875,0,0.0,0,0.0,0.0,0.0,0.0,0.0,0.0,0.0
proxy_028_114_36_SKPPWSPXPE_2_31_13_C_Living_114.146704_22.283476_117.9967_62.292876,val,Ours_guard_selected,-3,60,0.75,0,B0_identity,0.03583603604279686,0.0211639404296875,10.760987397984032,0.01086024172167979,nan,69.5061264038086,0,0.0,0,0.0,0.0,0.0,0.0,0.0,0.0,0.0
proxy_028_114_36_SKPPWSPXPE_2_31_13_C_Living_114.146704_22.283476_117.9967_62.292876,val,Ours_guard_selected,-3,60,0.75,1,B0_identity,0.03583603604279686,0.0211639404296875,10.760987397984032,0.01086024172167979,nan,69.5061264038086,0,0.0,0,0.0,0.0,0.0,0.0,0.0,0.0,0.0
proxy_028_114_36_SKPPWSPXPE_2_31_13_C_Living_114.146704_22.283476_117.9967_62.292876,val,Ours_guard_selected,-3,60,0.75,2,B0_identity,0.03583603604279686,0.0211639404296875,10.760987397984032,0.01086024172167979,nan,69.5061264038086,0,0.0,0,0.0,0.0,0.0,0.0,0.0,0.0,0.0
proxy_028_114_36_SKPPWSPXPE_2_31_13_C_Living_114.146704_22.283476_117.9967_62.292876,val,Ours_guard_selected,-3,60,1.25,0,B0_identity,0.03583603604279686,0.0211639404296875,10.76063925043659,0.010814885109378605,nan,69.50949096679688,0,0.0,0,0.0,0.0,0.0,0.0,0.0,0.0,0.0
proxy_028_114_36_SKPPWSPXPE_2_31_13_C_Living_114.146704_22.283476_117.9967_62.292876,val,Ours_guard_selected,-3,60,1.25,1,B0_identity,0.03583603604279686,0.0211639404296875,10.76063925043659,0.010814885109378605,nan,69.50949096679688,0,0.0,0,0.0,0.0,0.0,0.0,0.0,0.0,0.0
proxy_028_114_36_SKPPWSPXPE_2_31_13_C_Living_114.146704_22.283476_117.9967_62.292876,val,Ours_guard_selected,-3,60,1.25,2,B0_identity,0.03583603604279686,0.0211639404296875,10.76063925043659,0.010814885109378605,nan,69.50949096679688,0,0.0,0,0.0,0.0,0.0,0.0,0.0,0.0,0.0
proxy_028_114_36_SKPPWSPXPE_2_31_13_C_Living_114.146704_22.283476_117.9967_62.292876,val,Ours_guard_selected,-3,80,0.75,0,B0_identity,0.03583603604279686,0.0211639404296875,10.784401702737444,0.011286692603544734,nan,69.42898559570312,0,0.0,0,0.0,0.0,0.0,0.0,0.0,0.0,0.0
proxy_028_114_36_SKPPWSPXPE_2_31_13_C_Living_114.146704_22.283476_117.9967_62.292876,val,Ours_guard_selected,-3,80,0.75,1,B0_identity,0.03583603604279686,0.0211639404296875,10.784401702737444,0.011286692603544734,nan,69.42898559570312,0,0.0,0,0.0,0.0,0.0,0.0,0.0,0.0,0.0
proxy_028_114_36_SKPPWSPXPE_2_31_13_C_Living_114.146704_22.283476_117.9967_62.292876,val,Ours_guard_selected,-3,80,0.75,2,B0_identity,0.03583603604279686,0.0211639404296875,10.784401702737444,0.011286692603544734,nan,69.42898559570312,0,0.0,0,0.0,0.0,0.0,0.0,0.0,0.0,0.0
proxy_028_114_36_SKPPWSPXPE_2_31_13_C_Living_114.146704_22.283476_117.9967_62.292876,val,Ours_guard_selected,-3,80,1.25,0,B0_identity,0.03583603604279686,0.0211639404296875,10.784382950440643,0.011276801531661327,nan,69.4294662475586,0,0.0,0,0.0,0.0,0.0,0.0,0.0,0.0,0.0
proxy_028_114_36_SKPPWSPXPE_2_31_13_C_Living_114.146704_22.283476_117.9967_62.292876,val,Ours_guard_selected,-3,80,1.25,1,B0_identity,0.03583603604279686,0.0211639404296875,10.784382950440643,0.011276801531661327,nan,69.4294662475586,0,0.0,0,0.0,0.0,0.0,0.0,0.0,0.0,0.0
proxy_028_114_36_SKPPWSPXPE_2_31_13_C_Living_114.146704_22.283476_117.9967_62.292876,val,Ours_guard_selected,-3,80,1.25,2,B0_identity,0.03583603604279686,0.0211639404296875,10.784382950440643,0.011276801531661327,nan,69.4294662475586,0,0.0,0,0.0,0.0,0.0,0.0,0.0,0.0,0.0
proxy_028_114_36_SKPPWSPXPE_2_31_13_C_Living_114.146704_22.283476_117.9967_62.292876,val,Ours_guard_selected,0,60,0.75,0,B0_identity,0.03583603604279686,0.0297698974609375,10.707281973427365,0.009411865039601244,nan,69.97659301757812,0,0.0,0,0.0,0.0,0.0,0.0,0.0,0.0,0.0
proxy_028_114_36_SKPPWSPXPE_2_31_13_C_Living_114.146704_22.283476_117.9967_62.292876,val,Ours_guard_selected,0,60,0.75,1,B0_identity,0.03583603604279686,0.0297698974609375,10.707281973427365,0.009411865039601244,nan,69.97659301757812,0,0.0,0,0.0,0.0,0.0,0.0,0.0,0.0,0.0
proxy_028_114_36_SKPPWSPXPE_2_31_13_C_Living_114.146704_22.283476_117.9967_62.292876,val,Ours_guard_selected,0,60,0.75,2,B0_identity,0.03583603604279686,0.0297698974609375,10.707281973427365,0.009411865039601244,nan,69.97659301757812,0,0.0,0,0.0,0.0,0.0,0.0,0.0,0.0,0.0
proxy_028_114_36_SKPPWSPXPE_2_31_13_C_Living_114.146704_22.283476_117.9967_62.292876,val,Ours_guard_selected,0,60,1.25,0,B0_identity,0.03583603604279686,0.0297698974609375,10.706855211522992,0.009324484089345005,nan,69.98086547851562,0,0.0,0,0.0,0.0,0.0,0.0,0.0,0.0,0.0
proxy_028_114_36_SKPPWSPXPE_2_31_13_C_Living_114.146704_22.283476_117.9967_62.292876,val,Ours_guard_selected,0,60,1.25,1,B0_identity,0.03583603604279686,0.0297698974609375,10.706855211522992,0.009324484089345005,nan,69.98086547851562,0,0.0,0,0.0,0.0,0.0,0.0,0.0,0.0,0.0
proxy_028_114_36_SKPPWSPXPE_2_31_13_C_Living_114.146704_22.283476_117.9967_62.292876,val,Ours_guard_selected,0,60,1.25,2,B0_identity,0.03583603604279686,0.0297698974609375,10.706855211522992,0.009324484089345005,nan,69.98086547851562,0,0.0,0,0.0,0.0,0.0,0.0,0.0,0.0,0.0
proxy_028_114_36_SKPPWSPXPE_2_31_13_C_Living_114.146704_22.283476_117.9967_62.292876,val,Ours_guard_selected,0,80,0.75,0,B0_identity,0.03583603604279686,0.0297698974609375,10.732547796263528,0.010674280535359092,nan,69.87442016601562,0,0.0,0,0.0,0.0,0.0,0.0,0.0,0.0,0.0
proxy_028_114_36_SKPPWSPXPE_2_31_13_C_Living_114.146704_22.283476_117.9967_62.292876,val,Ours_guard_selected,0,80,0.75,1,B0_identity,0.03583603604279686,0.0297698974609375,10.732547796263528,0.010674280535359092,nan,69.87442016601562,0,0.0,0,0.0,0.0,0.0,0.0,0.0,0.0,0.0
proxy_028_114_36_SKPPWSPXPE_2_31_13_C_Living_114.146704_22.283476_117.9967_62.292876,val,Ours_guard_selected,0,80,0.75,2,B0_identity,0.03583603604279686,0.0297698974609375,10.732547796263528,0.010674280535359092,nan,69.87442016601562,0,0.0,0,0.0,0.0,0.0,0.0,0.0,0.0,0.0
proxy_028_114_36_SKPPWSPXPE_2_31_13_C_Living_114.146704_22.283476_117.9967_62.292876,val,Ours_guard_selected,0,80,1.25,0,B0_identity,0.03583603604279686,0.0297698974609375,10.73258717220205,0.010698354060364117,nan,69.87493896484375,0,0.0,0,0.0,0.0,0.0,0.0,0.0,0.0,0.0
proxy_028_114_36_SKPPWSPXPE_2_31_13_C_Living_114.146704_22.283476_117.9967_62.292876,val,Ours_guard_selected,0,80,1.25,1,B0_identity,0.03583603604279686,0.0297698974609375,10.73258717220205,0.010698354060364117,nan,69.87493896484375,0,0.0,0,0.0,0.0,0.0,0.0,0.0,0.0,0.0
proxy_028_114_36_SKPPWSPXPE_2_31_13_C_Living_114.146704_22.283476_117.9967_62.292876,val,Ours_guard_selected,0,80,1.25,2,B0_identity,0.03583603604279686,0.0297698974609375,10.73258717220205,0.010698354060364117,nan,69.87493896484375,0,0.0,0,0.0,0.0,0.0,0.0,0.0,0.0,0.0
proxy_028_114_36_SKPPWSPXPE_2_31_13_C_Living_114.146704_22.283476_117.9967_62.292876,val,Ours_guard_selected,3,60,0.75,0,B0_identity,0.03583603604279686,0.0394744873046875,10.789216689475145,0.010527539813427161,nan,69.14353942871094,0,0.0,0,0.0,0.0,0.0,0.0,0.0,0.0,0.0
proxy_028_114_36_SKPPWSPXPE_2_31_13_C_Living_114.146704_22.283476_117.9967_62.292876,val,Ours_guard_selected,3,60,0.75,1,B0_identity,0.03583603604279686,0.0394744873046875,10.789216689475145,0.010527539813427161,nan,69.14353942871094,0,0.0,0,0.0,0.0,0.0,0.0,0.0,0.0,0.0
proxy_028_114_36_SKPPWSPXPE_2_31_13_C_Living_114.146704_22.283476_117.9967_62.292876,val,Ours_guard_selected,3,60,0.75,2,B0_identity,0.03583603604279686,0.0394744873046875,10.789216689475145,0.010527539813427161,nan,69.14353942871094,0,0.0,0,0.0,0.0,0.0,0.0,0.0,0.0,0.0
proxy_028_114_36_SKPPWSPXPE_2_31_13_C_Living_114.146704_22.283476_117.9967_62.292876,val,Ours_guard_selected,3,60,1.25,0,B0_identity,0.03583603604279686,0.0394744873046875,10.788848673315046,0.01044401724131411,nan,69.14649963378906,0,0.0,0,0.0,0.0,0.0,0.0,0.0,0.0,0.0
proxy_028_114_36_SKPPWSPXPE_2_31_13_C_Living_114.146704_22.283476_117.9967_62.292876,val,Ours_guard_selected,3,60,1.25,1,B0_identity,0.03583603604279686,0.0394744873046875,10.788848673315046,0.01044401724131411,nan,69.14649963378906,0,0.0,0,0.0,0.0,0.0,0.0,0.0,0.0,0.0
proxy_028_114_36_SKPPWSPXPE_2_31_13_C_Living_114.146704_22.283476_117.9967_62.292876,val,Ours_guard_selected,3,60,1.25,2,B0_identity,0.03583603604279686,0.0394744873046875,10.788848673315046,0.01044401724131411,nan,69.14649963378906,0,0.0,0,0.0,0.0,0.0,0.0,0.0,0.0,0.0
proxy_028_114_36_SKPPWSPXPE_2_31_13_C_Living_114.146704_22.283476_117.9967_62.292876,val,Ours_guard_selected,3,80,0.75,0,B0_identity,0.03583603604279686,0.0394744873046875,10.807581568297307,0.00997460679592543,nan,69.09174346923828,0,0.0,0,0.0,0.0,0.0,0.0,0.0,0.0,0.0
proxy_028_114_36_SKPPWSPXPE_2_31_13_C_Living_114.146704_22.283476_117.9967_62.292876,val,Ours_guard_selected,3,80,0.75,1,B0_identity,0.03583603604279686,0.0394744873046875,10.807581568297307,0.00997460679592543,nan,69.09174346923828,0,0.0,0,0.0,0.0,0.0,0.0,0.0,0.0,0.0
proxy_028_114_36_SKPPWSPXPE_2_31_13_C_Living_114.146704_22.283476_117.9967_62.292876,val,Ours_guard_selected,3,80,0.75,2,B0_identity,0.03583603604279686,0.0394744873046875,10.807581568297307,0.00997460679592543,nan,69.09174346923828,0,0.0,0,0.0,0.0,0.0,0.0,0.0,0.0,0.0
proxy_028_114_36_SKPPWSPXPE_2_31_13_C_Living_114.146704_22.283476_117.9967_62.292876,val,Ours_guard_selected,3,80,1.25,0,B0_identity,0.03583603604279686,0.0394744873046875,10.807141301682847,0.009875746703135357,nan,69.09767150878906,0,0.0,0,0.0,0.0,0.0,0.0,0.0,0.0,0.0
proxy_028_114_36_SKPPWSPXPE_2_31_13_C_Living_114.146704_22.283476_117.9967_62.292876,val,Ours_guard_selected,3,80,1.25,1,B0_identity,0.03583603604279686,0.0394744873046875,10.807141301682847,0.009875746703135357,nan,69.09767150878906,0,0.0,0,0.0,0.0,0.0,0.0,0.0,0.0,0.0
proxy_028_114_36_SKPPWSPXPE_2_31_13_C_Living_114.146704_22.283476_117.9967_62.292876,val,Ours_guard_selected,3,80,1.25,2,B0_identity,0.03583603604279686,0.0394744873046875,10.807141301682847,0.009875746703135357,nan,69.09767150878906,0,0.0,0,0.0,0.0,0.0,0.0,0.0,0.0,0.0
proxy_028_114_36_SKPPWSPXPE_2_31_13_C_Living_114.146704_22.283476_117.9967_62.292876,val,Ours_guard_selected,7,60,0.75,0,B0_identity,0.03583603604279686,0.0541229248046875,10.904121007779718,0.011316587997876142,nan,67.86946868896484,0,0.0,0,0.0,0.0,0.0,0.0,0.0,0.0,0.0
proxy_028_114_36_SKPPWSPXPE_2_31_13_C_Living_114.146704_22.283476_117.9967_62.292876,val,Ours_guard_selected,7,60,0.75,1,B0_identity,0.03583603604279686,0.0541229248046875,10.904121007779718,0.011316587997876142,nan,67.86946868896484,0,0.0,0,0.0,0.0,0.0,0.0,0.0,0.0,0.0
proxy_028_114_36_SKPPWSPXPE_2_31_13_C_Living_114.146704_22.283476_117.9967_62.292876,val,Ours_guard_selected,7,60,0.75,2,B0_identity,0.03583603604279686,0.0541229248046875,10.904121007779718,0.011316587997876142,nan,67.86946868896484,0,0.0,0,0.0,0.0,0.0,0.0,0.0,0.0,0.0
proxy_028_114_36_SKPPWSPXPE_2_31_13_C_Living_114.146704_22.283476_117.9967_62.292876,val,Ours_guard_selected,7,60,1.25,0,B0_identity,0.03583603604279686,0.0541229248046875,10.90973006299846,0.012573549315516824,nan,67.82417297363281,0,0.0,0,0.0,0.0,0.0,0.0,0.0,0.0,0.0
proxy_028_114_36_SKPPWSPXPE_2_31_13_C_Living_114.146704_22.283476_117.9967_62.292876,val,Ours_guard_selected,7,60,1.25,1,B0_identity,0.03583603604279686,0.0541229248046875,10.90973006299846,0.012573549315516824,nan,67.82417297363281,0,0.0,0,0.0,0.0,0.0,0.0,0.0,0.0,0.0
proxy_028_114_36_SKPPWSPXPE_2_31_13_C_Living_114.146704_22.283476_117.9967_62.292876,val,Ours_guard_selected,7,60,1.25,2,B0_identity,0.03583603604279686,0.0541229248046875,10.90973006299846,0.012573549315516824,nan,67.82417297363281,0,0.0,0,0.0,0.0,0.0,0.0,0.0,0.0,0.0
proxy_028_114_36_SKPPWSPXPE_2_31_13_C_Living_114.146704_22.283476_117.9967_62.292876,val,Ours_guard_selected,7,80,0.75,0,B0_identity,0.03583603604279686,0.0541229248046875,10.911157795158207,0.008194357848045264,nan,67.90630340576172,0,0.0,0,0.0,0.0,0.0,0.0,0.0,0.0,0.0
proxy_028_114_36_SKPPWSPXPE_2_31_13_C_Living_114.146704_22.283476_117.9967_62.292876,val,Ours_guard_selected,7,80,0.75,1,B0_identity,0.03583603604279686,0.0541229248046875,10.911157795158207,0.008194357848045264,nan,67.90630340576172,0,0.0,0,0.0,0.0,0.0,0.0,0.0,0.0,0.0
proxy_028_114_36_SKPPWSPXPE_2_31_13_C_Living_114.146704_22.283476_117.9967_62.292876,val,Ours_guard_selected,7,80,0.75,2,B0_identity,0.03583603604279686,0.0541229248046875,10.911157795158207,0.008194357848045264,nan,67.90630340576172,0,0.0,0,0.0,0.0,0.0,0.0,0.0,0.0,0.0
proxy_028_114_36_SKPPWSPXPE_2_31_13_C_Living_114.146704_22.283476_117.9967_62.292876,val,Ours_guard_selected,7,80,1.25,0,B0_identity,0.03583603604279686,0.0541229248046875,10.914824591721572,0.00890201239128453,nan,67.88534545898438,0,0.0,0,0.0,0.0,0.0,0.0,0.0,0.0,0.0
proxy_028_114_36_SKPPWSPXPE_2_31_13_C_Living_114.146704_22.283476_117.9967_62.292876,val,Ours_guard_selected,7,80,1.25,1,B0_identity,0.03583603604279686,0.0541229248046875,10.914824591721572,0.00890201239128453,nan,67.88534545898438,0,0.0,0,0.0,0.0,0.0,0.0,0.0,0.0,0.0
proxy_028_114_36_SKPPWSPXPE_2_31_13_C_Living_114.146704_22.283476_117.9967_62.292876,val,Ours_guard_selected,7,80,1.25,2,B0_identity,0.03583603604279686,0.0541229248046875,10.914824591721572,0.00890201239128453,nan,67.88534545898438,0,0.0,0,0.0,0.0,0.0,0.0,0.0,0.0,0.0
proxy_035_1501_93_TZTNIHIYHM_1_39_8_F_Bed_2_114.149404_22.281903_157.1767_32.133977,val,Ours_guard_selected,-7,60,0.75,0,B0_identity,0.03583603604279686,0.017852783203125,41.325098547756184,0.9904097599856646,nan,1.8381766080856323,0,0.0,0,0.0,0.0,0.0,0.0,0.0,0.0,0.0
proxy_035_1501_93_TZTNIHIYHM_1_39_8_F_Bed_2_114.149404_22.281903_157.1767_32.133977,val,Ours_guard_selected,-7,60,0.75,1,B0_identity,0.03583603604279686,0.017852783203125,41.325098547756184,0.9904097599856646,nan,1.8381766080856323,0,0.0,0,0.0,0.0,0.0,0.0,0.0,0.0,0.0
proxy_035_1501_93_TZTNIHIYHM_1_39_8_F_Bed_2_114.149404_22.281903_157.1767_32.133977,val,Ours_guard_selected,-7,60,0.75,2,B0_identity,0.03583603604279686,0.017852783203125,41.325098547756184,0.9904097599856646,nan,1.8381766080856323,0,0.0,0,0.0,0.0,0.0,0.0,0.0,0.0,0.0
proxy_035_1501_93_TZTNIHIYHM_1_39_8_F_Bed_2_114.149404_22.281903_157.1767_32.133977,val,Ours_guard_selected,-7,60,1.25,0,B0_identity,0.03583603604279686,0.017852783203125,41.42697062221329,0.9905089303329373,nan,1.814814805984497,0,0.0,0,0.0,0.0,0.0,0.0,0.0,0.0,0.0
proxy_035_1501_93_TZTNIHIYHM_1_39_8_F_Bed_2_114.149404_22.281903_157.1767_32.133977,val,Ours_guard_selected,-7,60,1.25,1,B0_identity,0.03583603604279686,0.017852783203125,41.42697062221329,0.9905089303329373,nan,1.814814805984497,0,0.0,0,0.0,0.0,0.0,0.0,0.0,0.0,0.0
proxy_035_1501_93_TZTNIHIYHM_1_39_8_F_Bed_2_114.149404_22.281903_157.1767_32.133977,val,Ours_guard_selected,-7,60,1.25,2,B0_identity,0.03583603604279686,0.017852783203125,41.42697062221329,0.9905089303329373,nan,1.814814805984497,0,0.0,0,0.0,0.0,0.0,0.0,0.0,0.0,0.0
proxy_035_1501_93_TZTNIHIYHM_1_39_8_F_Bed_2_114.149404_22.281903_157.1767_32.133977,val,Ours_guard_selected,-7,80,0.75,0,B0_identity,0.03583603604279686,0.017852783203125,40.8351408848677,0.9954339119760688,nan,1.897150993347168,0,0.0,0,0.0,0.0,0.0,0.0,0.0,0.0,0.0
proxy_035_1501_93_TZTNIHIYHM_1_39_8_F_Bed_2_114.149404_22.281903_157.1767_32.133977,val,Ours_guard_selected,-7,80,0.75,1,B0_identity,0.03583603604279686,0.017852783203125,40.8351408848677,0.9954339119760688,nan,1.897150993347168,0,0.0,0,0.0,0.0,0.0,0.0,0.0,0.0,0.0
proxy_035_1501_93_TZTNIHIYHM_1_39_8_F_Bed_2_114.149404_22.281903_157.1767_32.133977,val,Ours_guard_selected,-7,80,0.75,2,B0_identity,0.03583603604279686,0.017852783203125,40.8351408848677,0.9954339119760688,nan,1.897150993347168,0,0.0,0,0.0,0.0,0.0,0.0,0.0,0.0,0.0
proxy_035_1501_93_TZTNIHIYHM_1_39_8_F_Bed_2_114.149404_22.281903_157.1767_32.133977,val,Ours_guard_selected,-7,80,1.25,0,B0_identity,0.03583603604279686,0.017852783203125,40.77558816854592,0.9954298304784702,nan,1.9028489589691162,0,0.0,0,0.0,0.0,0.0,0.0,0.0,0.0,0.0
proxy_035_1501_93_TZTNIHIYHM_1_39_8_F_Bed_2_114.149404_22.281903_157.1767_32.133977,val,Ours_guard_selected,-7,80,1.25,1,B0_identity,0.03583603604279686,0.017852783203125,40.77558816854592,0.9954298304784702,nan,1.9028489589691162,0,0.0,0,0.0,0.0,0.0,0.0,0.0,0.0,0.0
proxy_035_1501_93_TZTNIHIYHM_1_39_8_F_Bed_2_114.149404_22.281903_157.1767_32.133977,val,Ours_guard_selected,-7,80,1.25,2,B0_identity,0.03583603604279686,0.017852783203125,40.77558816854592,0.9954298304784702,nan,1.9028489589691162,0,0.0,0,0.0,0.0,0.0,0.0,0.0,0.0,0.0
proxy_035_1501_93_TZTNIHIYHM_1_39_8_F_Bed_2_114.149404_22.281903_157.1767_32.133977,val,Ours_guard_selected,-3,60,0.75,0,B0_identity,0.03583603604279686,0.030059814453125,25.37034000235396,0.33758363629648874,nan,3.392554998397827,0,0.0,0,0.0,0.0,0.0,0.0,0.0,0.0,0.0
proxy_035_1501_93_TZTNIHIYHM_1_39_8_F_Bed_2_114.149404_22.281903_157.1767_32.133977,val,Ours_guard_selected,-3,60,0.75,1,B0_identity,0.03583603604279686,0.030059814453125,25.37034000235396,0.33758363629648874,nan,3.392554998397827,0,0.0,0,0.0,0.0,0.0,0.0,0.0,0.0,0.0
proxy_035_1501_93_TZTNIHIYHM_1_39_8_F_Bed_2_114.149404_22.281903_157.1767_32.133977,val,Ours_guard_selected,-3,60,0.75,2,B0_identity,0.03583603604279686,0.030059814453125,25.37034000235396,0.33758363629648874,nan,3.392554998397827,0,0.0,0,0.0,0.0,0.0,0.0,0.0,0.0,0.0
proxy_035_1501_93_TZTNIHIYHM_1_39_8_F_Bed_2_114.149404_22.281903_157.1767_32.133977,val,Ours_guard_selected,-3,60,1.25,0,B0_identity,0.03583603604279686,0.030059814453125,24.868523239853367,0.31113610356645904,nan,3.256345272064209,0,0.0,0,0.0,0.0,0.0,0.0,0.0,0.0,0.0
proxy_035_1501_93_TZTNIHIYHM_1_39_8_F_Bed_2_114.149404_22.281903_157.1767_32.133977,val,Ours_guard_selected,-3,60,1.25,1,B0_identity,0.03583603604279686,0.030059814453125,24.868523239853367,0.31113610356645904,nan,3.256345272064209,0,0.0,0,0.0,0.0,0.0,0.0,0.0,0.0,0.0
proxy_035_1501_93_TZTNIHIYHM_1_39_8_F_Bed_2_114.149404_22.281903_157.1767_32.133977,val,Ours_guard_selected,-3,60,1.25,2,B0_identity,0.03583603604279686,0.030059814453125,24.868523239853367,0.31113610356645904,nan,3.256345272064209,0,0.0,0,0.0,0.0,0.0,0.0,0.0,0.0,0.0
proxy_035_1501_93_TZTNIHIYHM_1_39_8_F_Bed_2_114.149404_22.281903_157.1767_32.133977,val,Ours_guard_selected,-3,80,0.75,0,B0_identity,0.03583603604279686,0.030059814453125,25.324900360140738,0.33365478141327687,nan,3.3917088508605957,0,0.0,0,0.0,0.0,0.0,0.0,0.0,0.0,0.0
proxy_035_1501_93_TZTNIHIYHM_1_39_8_F_Bed_2_114.149404_22.281903_157.1767_32.133977,val,Ours_guard_selected,-3,80,0.75,1,B0_identity,0.03583603604279686,0.030059814453125,25.324900360140738,0.33365478141327687,nan,3.3917088508605957,0,0.0,0,0.0,0.0,0.0,0.0,0.0,0.0,0.0
proxy_035_1501_93_TZTNIHIYHM_1_39_8_F_Bed_2_114.149404_22.281903_157.1767_32.133977,val,Ours_guard_selected,-3,80,0.75,2,B0_identity,0.03583603604279686,0.030059814453125,25.324900360140738,0.33365478141327687,nan,3.3917088508605957,0,0.0,0,0.0,0.0,0.0,0.0,0.0,0.0,0.0
proxy_035_1501_93_TZTNIHIYHM_1_39_8_F_Bed_2_114.149404_22.281903_157.1767_32.133977,val,Ours_guard_selected,-3,80,1.25,0,B0_identity,0.03583603604279686,0.030059814453125,24.842311303131318,0.30786426044765786,nan,3.301522731781006,0,0.0,0,0.0,0.0,0.0,0.0,0.0,0.0,0.0
proxy_035_1501_93_TZTNIHIYHM_1_39_8_F_Bed_2_114.149404_22.281903_157.1767_32.133977,val,Ours_guard_selected,-3,80,1.25,1,B0_identity,0.03583603604279686,0.030059814453125,24.842311303131318,0.30786426044765786,nan,3.301522731781006,0,0.0,0,0.0,0.0,0.0,0.0,0.0,0.0,0.0
proxy_035_1501_93_TZTNIHIYHM_1_39_8_F_Bed_2_114.149404_22.281903_157.1767_32.133977,val,Ours_guard_selected,-3,80,1.25,2,B0_identity,0.03583603604279686,0.030059814453125,24.842311303131318,0.30786426044765786,nan,3.301522731781006,0,0.0,0,0.0,0.0,0.0,0.0,0.0,0.0,0.0
proxy_035_1501_93_TZTNIHIYHM_1_39_8_F_Bed_2_114.149404_22.281903_157.1767_32.133977,val,Ours_guard_selected,0,60,0.75,0,B0_identity,0.03583603604279686,0.040496826171875,17.855690517534548,0.09175426664019384,nan,7.807837009429932,0,0.0,0,0.0,0.0,0.0,0.0,0.0,0.0,0.0
proxy_035_1501_93_TZTNIHIYHM_1_39_8_F_Bed_2_114.149404_22.281903_157.1767_32.133977,val,Ours_guard_selected,0,60,0.75,1,B0_identity,0.03583603604279686,0.040496826171875,17.855690517534548,0.09175426664019384,nan,7.807837009429932,0,0.0,0,0.0,0.0,0.0,0.0,0.0,0.0,0.0
proxy_035_1501_93_TZTNIHIYHM_1_39_8_F_Bed_2_114.149404_22.281903_157.1767_32.133977,val,Ours_guard_selected,0,60,0.75,2,B0_identity,0.03583603604279686,0.040496826171875,17.855690517534548,0.09175426664019384,nan,7.807837009429932,0,0.0,0,0.0,0.0,0.0,0.0,0.0,0.0,0.0
proxy_035_1501_93_TZTNIHIYHM_1_39_8_F_Bed_2_114.149404_22.281903_157.1767_32.133977,val,Ours_guard_selected,0,60,1.25,0,B0_identity,0.03583603604279686,0.040496826171875,17.728933060747785,0.08964381175482874,nan,7.687264442443848,0,0.0,0,0.0,0.0,0.0,0.0,0.0,0.0,0.0
proxy_035_1501_93_TZTNIHIYHM_1_39_8_F_Bed_2_114.149404_22.281903_157.1767_32.133977,val,Ours_guard_selected,0,60,1.25,1,B0_identity,0.03583603604279686,0.040496826171875,17.728933060747785,0.08964381175482874,nan,7.687264442443848,0,0.0,0,0.0,0.0,0.0,0.0,0.0,0.0,0.0
proxy_035_1501_93_TZTNIHIYHM_1_39_8_F_Bed_2_114.149404_22.281903_157.1767_32.133977,val,Ours_guard_selected,0,60,1.25,2,B0_identity,0.03583603604279686,0.040496826171875,17.728933060747785,0.08964381175482874,nan,7.687264442443848,0,0.0,0,0.0,0.0,0.0,0.0,0.0,0.0,0.0
proxy_035_1501_93_TZTNIHIYHM_1_39_8_F_Bed_2_114.149404_22.281903_157.1767_32.133977,val,Ours_guard_selected,0,80,0.75,0,B0_identity,0.03583603604279686,0.040496826171875,17.840382892663165,0.09172799046780043,nan,7.844762802124023,0,0.0,0,0.0,0.0,0.0,0.0,0.0,0.0,0.0
proxy_035_1501_93_TZTNIHIYHM_1_39_8_F_Bed_2_114.149404_22.281903_157.1767_32.133977,val,Ours_guard_selected,0,80,0.75,1,B0_identity,0.03583603604279686,0.040496826171875,17.840382892663165,0.09172799046780043,nan,7.844762802124023,0,0.0,0,0.0,0.0,0.0,0.0,0.0,0.0,0.0
proxy_035_1501_93_TZTNIHIYHM_1_39_8_F_Bed_2_114.149404_22.281903_157.1767_32.133977,val,Ours_guard_selected,0,80,0.75,2,B0_identity,0.03583603604279686,0.040496826171875,17.840382892663165,0.09172799046780043,nan,7.844762802124023,0,0.0,0,0.0,0.0,0.0,0.0,0.0,0.0,0.0
proxy_035_1501_93_TZTNIHIYHM_1_39_8_F_Bed_2_114.149404_22.281903_157.1767_32.133977,val,Ours_guard_selected,0,80,1.25,0,B0_identity,0.03583603604279686,0.040496826171875,17.721136871133453,0.08970387358122807,nan,7.7657623291015625,0,0.0,0,0.0,0.0,0.0,0.0,0.0,0.0,0.0
proxy_035_1501_93_TZTNIHIYHM_1_39_8_F_Bed_2_114.149404_22.281903_157.1767_32.133977,val,Ours_guard_selected,0,80,1.25,1,B0_identity,0.03583603604279686,0.040496826171875,17.721136871133453,0.08970387358122807,nan,7.7657623291015625,0,0.0,0,0.0,0.0,0.0,0.0,0.0,0.0,0.0
proxy_035_1501_93_TZTNIHIYHM_1_39_8_F_Bed_2_114.149404_22.281903_157.1767_32.133977,val,Ours_guard_selected,0,80,1.25,2,B0_identity,0.03583603604279686,0.040496826171875,17.721136871133453,0.08970387358122807,nan,7.7657623291015625,0,0.0,0,0.0,0.0,0.0,0.0,0.0,0.0,0.0
proxy_035_1501_93_TZTNIHIYHM_1_39_8_F_Bed_2_114.149404_22.281903_157.1767_32.133977,val,Ours_guard_selected,3,60,0.75,0,G_lite_stochastic_proxy,0.03382764209760416,0.052032470703125,14.4119283428276,0.062167490115532194,nan,16.075464248657227,0,0.0,15,0.007098477288091942,0.5326087474822998,0.6464311480522156,4.098324298858643,0.4228719174861908,1.039441466331482,1.7708520889282227
proxy_035_1501_93_TZTNIHIYHM_1_39_8_F_Bed_2_114.149404_22.281903_157.1767_32.133977,val,Ours_guard_selected,3,60,0.75,1,G_lite_stochastic_proxy,0.033589829542087585,0.052032470703125,14.40769319542181,0.062096490442223914,nan,16.08289337158203,0,0.0,16,0.007071650087456674,0.5305958390235901,0.652292013168335,4.232803821563721,0.434600830078125,1.0671895742416382,1.7824606895446777
proxy_035_1501_93_TZTNIHIYHM_1_39_8_F_Bed_2_114.149404_22.281903_157.1767_32.133977,val,Ours_guard_selected,3,60,0.75,2,G_lite_stochastic_proxy,0.033809914819858844,0.052032470703125,14.411669857554434,0.06215969669549279,nan,16.077713012695312,0,0.0,16,0.006899956003390958,0.5177133083343506,0.6605467200279236,4.115961074829102,0.4335225522518158,1.04275381565094,1.7988905906677246
proxy_035_1501_93_TZTNIHIYHM_1_39_8_F_Bed_2_114.149404_22.281903_157.1767_32.133977,val,Ours_guard_selected,3,60,1.25,0,G_lite_stochastic_proxy,0.029581912312066794,0.052032470703125,14.22581398123211,0.05878253158186043,nan,15.868719100952148,0,0.0,16,0.007366749294444623,0.5527375340461731,0.7174078226089478,5.147266387939453,0.7989298701286316,1.03506338596344,1.8695731163024902
proxy_035_1501_93_TZTNIHIYHM_1_39_8_F_Bed_2_114.149404_22.281903_157.1767_32.133977,val,Ours_guard_selected,3,60,1.25,1,G_lite_stochastic_proxy,0.029433080957371453,0.052032470703125,14.220455721537519,0.05870249343968497,nan,15.879374504089355,0,0.0,16,0.007415038255588106,0.5563607215881348,0.721479058265686,5.2760138511657715,0.8086039423942566,1.0687904357910156,1.875351905822754
proxy_035_1501_93_TZTNIHIYHM_1_39_8_F_Bed_2_114.149404_22.281903_157.1767_32.133977,val,Ours_guard_selected,3,60,1.25,2,G_lite_stochastic_proxy,0.029614049263488217,0.052032470703125,14.225582301468043,0.05879397138923721,nan,15.868523597717285,0,0.0,17,0.007200420650505961,0.5402576327323914,0.7301600575447083,5.150793552398682,0.806549072265625,1.0383135080337524,1.890176773071289
proxy_035_1501_93_TZTNIHIYHM_1_39_8_F_Bed_2_114.149404_22.281903_157.1767_32.133977,val,Ours_guard_selected,3,80,0.75,0,G_lite_stochastic_proxy,0.03473580942386569,0.052032470703125,14.359828821827389,0.06333666872821514,nan,16.099903106689453,0,0.0,16,0.007329191213555248,0.5499194860458374,0.6825085282325745,3.836860418319702,0.3300069272518158,1.0281906127929688,1.7129130363464355
proxy_035_1501_93_TZTNIHIYHM_1_39_8_F_Bed_2_114.149404_22.281903_157.1767_32.133977,val,Ours_guard_selected,3,80,0.75,1,G_lite_stochastic_proxy,0.03457280881055027,0.052032470703125,14.353444693794666,0.06323377389029902,nan,16.1314754486084,0,0.0,17,0.007237978731395337,0.543075680732727,0.7026791572570801,3.9841270446777344,0.3379262387752533,1.06805419921875,1.7274088859558105
proxy_035_1501_93_TZTNIHIYHM_1_39_8_F_Bed_2_114.149404_22.281903_157.1767_32.133977,val,Ours_guard_selected,3,80,0.75,2,G_lite_stochastic_proxy,0.03478353734913344,0.052032470703125,14.358180090612159,0.06331566724425207,nan,16.124242782592773,0,0.0,17,0.0071467662492354245,0.5362318754196167,0.7092779874801636,3.8664021492004395,0.3375345766544342,1.0404815673828125,1.7509689331054688
proxy_035_1501_93_TZTNIHIYHM_1_39_8_F_Bed_2_114.149404_22.281903_157.1767_32.133977,val,Ours_guard_selected,3,80,1.25,0,G_lite_stochastic_proxy,0.029631087805239167,0.052032470703125,14.218929265145292,0.05991044180785231,nan,15.751124382019043,0,0.0,15,0.00761355954028909,0.5712560415267944,0.6951829195022583,4.749117851257324,0.7358754277229309,0.9050242304801941,1.7437901496887207
proxy_035_1501_93_TZTNIHIYHM_1_39_8_F_Bed_2_114.149404_22.281903_157.1767_32.133977,val,Ours_guard_selected,3,80,1.25,1,G_lite_stochastic_proxy,0.029498901028477575,0.052032470703125,14.213830319816193,0.059815873105306755,nan,15.775171279907227,0,0.0,15,0.007661848501432572,0.5748792290687561,0.6921082139015198,4.873897552490234,0.7493693232536316,0.9381726384162903,1.752840518951416
proxy_035_1501_93_TZTNIHIYHM_1_39_8_F_Bed_2_114.149404_22.281903_157.1767_32.133977,val,Ours_guard_selected,3,80,1.25,2,G_lite_stochastic_proxy,0.02975678447258247,0.052032470703125,14.217243591628009,0.05990167326430842,nan,15.76451587677002,0,0.0,16,0.00743650001609632,0.5579710006713867,0.7039746046066284,4.760140895843506,0.742034912109375,0.9170506596565247,1.7815017700195312
proxy_035_1501_93_TZTNIHIYHM_1_39_8_F_Bed_2_114.149404_22.281903_157.1767_32.133977,val,Ours_guard_selected,7,60,0.75,0,B0_identity,0.03583603604279686,0.069122314453125,11.005485810584567,0.07230172884569344,nan,29.212949752807617,0,0.0,0,0.0,0.0,0.0,0.0,0.0,0.0,0.0
proxy_035_1501_93_TZTNIHIYHM_1_39_8_F_Bed_2_114.149404_22.281903_157.1767_32.133977,val,Ours_guard_selected,7,60,0.75,1,B0_identity,0.03583603604279686,0.069122314453125,11.005485810584567,0.07230172884569344,nan,29.212949752807617,0,0.0,0,0.0,0.0,0.0,0.0,0.0,0.0,0.0
proxy_035_1501_93_TZTNIHIYHM_1_39_8_F_Bed_2_114.149404_22.281903_157.1767_32.133977,val,Ours_guard_selected,7,60,0.75,2,B0_identity,0.03583603604279686,0.069122314453125,11.005485810584567,0.07230172884569344,nan,29.212949752807617,0,0.0,0,0.0,0.0,0.0,0.0,0.0,0.0,0.0
proxy_035_1501_93_TZTNIHIYHM_1_39_8_F_Bed_2_114.149404_22.281903_157.1767_32.133977,val,Ours_guard_selected,7,60,1.25,0,B0_identity,0.03583603604279686,0.069122314453125,10.938196171774079,0.07121983754081886,nan,28.953641891479492,0,0.0,0,0.0,0.0,0.0,0.0,0.0,0.0,0.0
proxy_035_1501_93_TZTNIHIYHM_1_39_8_F_Bed_2_114.149404_22.281903_157.1767_32.133977,val,Ours_guard_selected,7,60,1.25,1,B0_identity,0.03583603604279686,0.069122314453125,10.938196171774079,0.07121983754081886,nan,28.953641891479492,0,0.0,0,0.0,0.0,0.0,0.0,0.0,0.0,0.0
proxy_035_1501_93_TZTNIHIYHM_1_39_8_F_Bed_2_114.149404_22.281903_157.1767_32.133977,val,Ours_guard_selected,7,60,1.25,2,B0_identity,0.03583603604279686,0.069122314453125,10.938196171774079,0.07121983754081886,nan,28.953641891479492,0,0.0,0,0.0,0.0,0.0,0.0,0.0,0.0,0.0
proxy_035_1501_93_TZTNIHIYHM_1_39_8_F_Bed_2_114.149404_22.281903_157.1767_32.133977,val,Ours_guard_selected,7,80,0.75,0,B0_identity,0.03583603604279686,0.069122314453125,10.996641879491616,0.07254880009308748,nan,29.32288360595703,0,0.0,0,0.0,0.0,0.0,0.0,0.0,0.0,0.0
proxy_035_1501_93_TZTNIHIYHM_1_39_8_F_Bed_2_114.149404_22.281903_157.1767_32.133977,val,Ours_guard_selected,7,80,0.75,1,B0_identity,0.03583603604279686,0.069122314453125,10.996641879491616,0.07254880009308748,nan,29.32288360595703,0,0.0,0,0.0,0.0,0.0,0.0,0.0,0.0,0.0
proxy_035_1501_93_TZTNIHIYHM_1_39_8_F_Bed_2_114.149404_22.281903_157.1767_32.133977,val,Ours_guard_selected,7,80,0.75,2,B0_identity,0.03583603604279686,0.069122314453125,10.996641879491616,0.07254880009308748,nan,29.32288360595703,0,0.0,0,0.0,0.0,0.0,0.0,0.0,0.0,0.0
proxy_035_1501_93_TZTNIHIYHM_1_39_8_F_Bed_2_114.149404_22.281903_157.1767_32.133977,val,Ours_guard_selected,7,80,1.25,0,B0_identity,0.03583603604279686,0.069122314453125,10.930172817981989,0.07145638507425502,nan,29.117292404174805,0,0.0,0,0.0,0.0,0.0,0.0,0.0,0.0,0.0
proxy_035_1501_93_TZTNIHIYHM_1_39_8_F_Bed_2_114.149404_22.281903_157.1767_32.133977,val,Ours_guard_selected,7,80,1.25,1,B0_identity,0.03583603604279686,0.069122314453125,10.930172817981989,0.07145638507425502,nan,29.117292404174805,0,0.0,0,0.0,0.0,0.0,0.0,0.0,0.0,0.0
proxy_035_1501_93_TZTNIHIYHM_1_39_8_F_Bed_2_114.149404_22.281903_157.1767_32.133977,val,Ours_guard_selected,7,80,1.25,2,B0_identity,0.03583603604279686,0.069122314453125,10.930172817981989,0.07145638507425502,nan,29.117292404174805,0,0.0,0,0.0,0.0,0.0,0.0,0.0,0.0,0.0
proxy_036_571_30_SKPPWKPEPE_2_38_13_B_Living_114.14977_22.282159_142.1486_22.404233,val,Ours_guard_selected,-7,60,0.75,0,B0_identity,0.03583603604279686,0.0302276611328125,50.28737594874501,0.994821798028203,nan,0.519771158695221,0,0.0,0,0.0,0.0,0.0,0.0,0.0,0.0,0.0
proxy_036_571_30_SKPPWKPEPE_2_38_13_B_Living_114.14977_22.282159_142.1486_22.404233,val,Ours_guard_selected,-7,60,0.75,1,B0_identity,0.03583603604279686,0.0302276611328125,50.28737594874501,0.994821798028203,nan,0.519771158695221,0,0.0,0,0.0,0.0,0.0,0.0,0.0,0.0,0.0
proxy_036_571_30_SKPPWKPEPE_2_38_13_B_Living_114.14977_22.282159_142.1486_22.404233,val,Ours_guard_selected,-7,60,0.75,2,B0_identity,0.03583603604279686,0.0302276611328125,50.28737594874501,0.994821798028203,nan,0.519771158695221,0,0.0,0,0.0,0.0,0.0,0.0,0.0,0.0,0.0
proxy_036_571_30_SKPPWKPEPE_2_38_13_B_Living_114.14977_22.282159_142.1486_22.404233,val,Ours_guard_selected,-7,60,1.25,0,B0_identity,0.03583603604279686,0.0302276611328125,50.28737594874501,0.994821798028203,nan,0.519771158695221,0,0.0,0,0.0,0.0,0.0,0.0,0.0,0.0,0.0
proxy_036_571_30_SKPPWKPEPE_2_38_13_B_Living_114.14977_22.282159_142.1486_22.404233,val,Ours_guard_selected,-7,60,1.25,1,B0_identity,0.03583603604279686,0.0302276611328125,50.28737594874501,0.994821798028203,nan,0.519771158695221,0,0.0,0,0.0,0.0,0.0,0.0,0.0,0.0,0.0
proxy_036_571_30_SKPPWKPEPE_2_38_13_B_Living_114.14977_22.282159_142.1486_22.404233,val,Ours_guard_selected,-7,60,1.25,2,B0_identity,0.03583603604279686,0.0302276611328125,50.28737594874501,0.994821798028203,nan,0.519771158695221,0,0.0,0,0.0,0.0,0.0,0.0,0.0,0.0,0.0
proxy_036_571_30_SKPPWKPEPE_2_38_13_B_Living_114.14977_22.282159_142.1486_22.404233,val,Ours_guard_selected,-7,80,0.75,0,B0_identity,0.03583603604279686,0.0302276611328125,52.51427623688866,0.9971416775009123,nan,0.353693425655365,0,0.0,0,0.0,0.0,0.0,0.0,0.0,0.0,0.0
proxy_036_571_30_SKPPWKPEPE_2_38_13_B_Living_114.14977_22.282159_142.1486_22.404233,val,Ours_guard_selected,-7,80,0.75,1,B0_identity,0.03583603604279686,0.0302276611328125,52.51427623688866,0.9971416775009123,nan,0.353693425655365,0,0.0,0,0.0,0.0,0.0,0.0,0.0,0.0,0.0
proxy_036_571_30_SKPPWKPEPE_2_38_13_B_Living_114.14977_22.282159_142.1486_22.404233,val,Ours_guard_selected,-7,80,0.75,2,B0_identity,0.03583603604279686,0.0302276611328125,52.51427623688866,0.9971416775009123,nan,0.353693425655365,0,0.0,0,0.0,0.0,0.0,0.0,0.0,0.0,0.0
proxy_036_571_30_SKPPWKPEPE_2_38_13_B_Living_114.14977_22.282159_142.1486_22.404233,val,Ours_guard_selected,-7,80,1.25,0,B0_identity,0.03583603604279686,0.0302276611328125,52.87578799354967,0.997427910604586,nan,0.33535251021385193,0,0.0,0,0.0,0.0,0.0,0.0,0.0,0.0,0.0
proxy_036_571_30_SKPPWKPEPE_2_38_13_B_Living_114.14977_22.282159_142.1486_22.404233,val,Ours_guard_selected,-7,80,1.25,1,B0_identity,0.03583603604279686,0.0302276611328125,52.87578799354967,0.997427910604586,nan,0.33535251021385193,0,0.0,0,0.0,0.0,0.0,0.0,0.0,0.0,0.0
proxy_036_571_30_SKPPWKPEPE_2_38_13_B_Living_114.14977_22.282159_142.1486_22.404233,val,Ours_guard_selected,-7,80,1.25,2,B0_identity,0.03583603604279686,0.0302276611328125,52.87578799354967,0.997427910604586,nan,0.33535251021385193,0,0.0,0,0.0,0.0,0.0,0.0,0.0,0.0,0.0
proxy_036_571_30_SKPPWKPEPE_2_38_13_B_Living_114.14977_22.282159_142.1486_22.404233,val,Ours_guard_selected,-3,60,0.75,0,B0_identity,0.03583603604279686,0.0445098876953125,49.97059225654208,0.9937805888831602,nan,0.5625642538070679,0,0.0,0,0.0,0.0,0.0,0.0,0.0,0.0,0.0
proxy_036_571_30_SKPPWKPEPE_2_38_13_B_Living_114.14977_22.282159_142.1486_22.404233,val,Ours_guard_selected,-3,60,0.75,1,B0_identity,0.03583603604279686,0.0445098876953125,49.97059225654208,0.9937805888831602,nan,0.5625642538070679,0,0.0,0,0.0,0.0,0.0,0.0,0.0,0.0,0.0
proxy_036_571_30_SKPPWKPEPE_2_38_13_B_Living_114.14977_22.282159_142.1486_22.404233,val,Ours_guard_selected,-3,60,0.75,2,B0_identity,0.03583603604279686,0.0445098876953125,49.97059225654208,0.9937805888831602,nan,0.5625642538070679,0,0.0,0,0.0,0.0,0.0,0.0,0.0,0.0,0.0
proxy_036_571_30_SKPPWKPEPE_2_38_13_B_Living_114.14977_22.282159_142.1486_22.404233,val,Ours_guard_selected,-3,60,1.25,0,B0_identity,0.03583603604279686,0.0445098876953125,49.97059225654208,0.9937805888831602,nan,0.5625642538070679,0,0.0,0,0.0,0.0,0.0,0.0,0.0,0.0,0.0
proxy_036_571_30_SKPPWKPEPE_2_38_13_B_Living_114.14977_22.282159_142.1486_22.404233,val,Ours_guard_selected,-3,60,1.25,1,B0_identity,0.03583603604279686,0.0445098876953125,49.97059225654208,0.9937805888831602,nan,0.5625642538070679,0,0.0,0,0.0,0.0,0.0,0.0,0.0,0.0,0.0
proxy_036_571_30_SKPPWKPEPE_2_38_13_B_Living_114.14977_22.282159_142.1486_22.404233,val,Ours_guard_selected,-3,60,1.25,2,B0_identity,0.03583603604279686,0.0445098876953125,49.97059225654208,0.9937805888831602,nan,0.5625642538070679,0,0.0,0,0.0,0.0,0.0,0.0,0.0,0.0,0.0
proxy_036_571_30_SKPPWKPEPE_2_38_13_B_Living_114.14977_22.282159_142.1486_22.404233,val,Ours_guard_selected,-3,80,0.75,0,B0_identity,0.03583603604279686,0.0445098876953125,52.50667185168075,0.9967944066212536,nan,0.3577876687049866,0,0.0,0,0.0,0.0,0.0,0.0,0.0,0.0,0.0
proxy_036_571_30_SKPPWKPEPE_2_38_13_B_Living_114.14977_22.282159_142.1486_22.404233,val,Ours_guard_selected,-3,80,0.75,1,B0_identity,0.03583603604279686,0.0445098876953125,52.50667185168075,0.9967944066212536,nan,0.3577876687049866,0,0.0,0,0.0,0.0,0.0,0.0,0.0,0.0,0.0
proxy_036_571_30_SKPPWKPEPE_2_38_13_B_Living_114.14977_22.282159_142.1486_22.404233,val,Ours_guard_selected,-3,80,0.75,2,B0_identity,0.03583603604279686,0.0445098876953125,52.50667185168075,0.9967944066212536,nan,0.3577876687049866,0,0.0,0,0.0,0.0,0.0,0.0,0.0,0.0,0.0
proxy_036_571_30_SKPPWKPEPE_2_38_13_B_Living_114.14977_22.282159_142.1486_22.404233,val,Ours_guard_selected,-3,80,1.25,0,B0_identity,0.03583603604279686,0.0445098876953125,52.77438133951886,0.9970085451967463,nan,0.3432750403881073,0,0.0,0,0.0,0.0,0.0,0.0,0.0,0.0,0.0
proxy_036_571_30_SKPPWKPEPE_2_38_13_B_Living_114.14977_22.282159_142.1486_22.404233,val,Ours_guard_selected,-3,80,1.25,1,B0_identity,0.03583603604279686,0.0445098876953125,52.77438133951886,0.9970085451967463,nan,0.3432750403881073,0,0.0,0,0.0,0.0,0.0,0.0,0.0,0.0,0.0
proxy_036_571_30_SKPPWKPEPE_2_38_13_B_Living_114.14977_22.282159_142.1486_22.404233,val,Ours_guard_selected,-3,80,1.25,2,B0_identity,0.03583603604279686,0.0445098876953125,52.77438133951886,0.9970085451967463,nan,0.3432750403881073,0,0.0,0,0.0,0.0,0.0,0.0,0.0,0.0,0.0
proxy_036_571_30_SKPPWKPEPE_2_38_13_B_Living_114.14977_22.282159_142.1486_22.404233,val,Ours_guard_selected,0,60,0.75,0,B0_identity,0.03583603604279686,0.0565948486328125,49.80133164133238,0.9936041916816748,nan,0.5766154527664185,0,0.0,0,0.0,0.0,0.0,0.0,0.0,0.0,0.0
proxy_036_571_30_SKPPWKPEPE_2_38_13_B_Living_114.14977_22.282159_142.1486_22.404233,val,Ours_guard_selected,0,60,0.75,1,B0_identity,0.03583603604279686,0.0565948486328125,49.80133164133238,0.9936041916816748,nan,0.5766154527664185,0,0.0,0,0.0,0.0,0.0,0.0,0.0,0.0,0.0
proxy_036_571_30_SKPPWKPEPE_2_38_13_B_Living_114.14977_22.282159_142.1486_22.404233,val,Ours_guard_selected,0,60,0.75,2,B0_identity,0.03583603604279686,0.0565948486328125,49.80133164133238,0.9936041916816748,nan,0.5766154527664185,0,0.0,0,0.0,0.0,0.0,0.0,0.0,0.0,0.0
proxy_036_571_30_SKPPWKPEPE_2_38_13_B_Living_114.14977_22.282159_142.1486_22.404233,val,Ours_guard_selected,0,60,1.25,0,B0_identity,0.03583603604279686,0.0565948486328125,49.80133164133238,0.9936041916816748,nan,0.5766154527664185,0,0.0,0,0.0,0.0,0.0,0.0,0.0,0.0,0.0
proxy_036_571_30_SKPPWKPEPE_2_38_13_B_Living_114.14977_22.282159_142.1486_22.404233,val,Ours_guard_selected,0,60,1.25,1,B0_identity,0.03583603604279686,0.0565948486328125,49.80133164133238,0.9936041916816748,nan,0.5766154527664185,0,0.0,0,0.0,0.0,0.0,0.0,0.0,0.0,0.0
proxy_036_571_30_SKPPWKPEPE_2_38_13_B_Living_114.14977_22.282159_142.1486_22.404233,val,Ours_guard_selected,0,60,1.25,2,B0_identity,0.03583603604279686,0.0565948486328125,49.80133164133238,0.9936041916816748,nan,0.5766154527664185,0,0.0,0,0.0,0.0,0.0,0.0,0.0,0.0,0.0
proxy_036_571_30_SKPPWKPEPE_2_38_13_B_Living_114.14977_22.282159_142.1486_22.404233,val,Ours_guard_selected,0,80,0.75,0,B0_identity,0.03583603604279686,0.0565948486328125,52.55664735819685,0.996731568192305,nan,0.3551720976829529,0,0.0,0,0.0,0.0,0.0,0.0,0.0,0.0,0.0
proxy_036_571_30_SKPPWKPEPE_2_38_13_B_Living_114.14977_22.282159_142.1486_22.404233,val,Ours_guard_selected,0,80,0.75,1,B0_identity,0.03583603604279686,0.0565948486328125,52.55664735819685,0.996731568192305,nan,0.3551720976829529,0,0.0,0,0.0,0.0,0.0,0.0,0.0,0.0,0.0
proxy_036_571_30_SKPPWKPEPE_2_38_13_B_Living_114.14977_22.282159_142.1486_22.404233,val,Ours_guard_selected,0,80,0.75,2,B0_identity,0.03583603604279686,0.0565948486328125,52.55664735819685,0.996731568192305,nan,0.3551720976829529,0,0.0,0,0.0,0.0,0.0,0.0,0.0,0.0,0.0
proxy_036_571_30_SKPPWKPEPE_2_38_13_B_Living_114.14977_22.282159_142.1486_22.404233,val,Ours_guard_selected,0,80,1.25,0,B0_identity,0.03583603604279686,0.0565948486328125,52.7819163125961,0.9969193333886869,nan,0.3426799774169922,0,0.0,0,0.0,0.0,0.0,0.0,0.0,0.0,0.0
proxy_036_571_30_SKPPWKPEPE_2_38_13_B_Living_114.14977_22.282159_142.1486_22.404233,val,Ours_guard_selected,0,80,1.25,1,B0_identity,0.03583603604279686,0.0565948486328125,52.7819163125961,0.9969193333886869,nan,0.3426799774169922,0,0.0,0,0.0,0.0,0.0,0.0,0.0,0.0,0.0
proxy_036_571_30_SKPPWKPEPE_2_38_13_B_Living_114.14977_22.282159_142.1486_22.404233,val,Ours_guard_selected,0,80,1.25,2,B0_identity,0.03583603604279686,0.0565948486328125,52.7819163125961,0.9969193333886869,nan,0.3426799774169922,0,0.0,0,0.0,0.0,0.0,0.0,0.0,0.0,0.0
proxy_036_571_30_SKPPWKPEPE_2_38_13_B_Living_114.14977_22.282159_142.1486_22.404233,val,Ours_guard_selected,3,60,0.75,0,B0_identity,0.03583603604279686,0.0697784423828125,49.74419867469529,0.9936745988971287,nan,0.5780304670333862,0,0.0,0,0.0,0.0,0.0,0.0,0.0,0.0,0.0
proxy_036_571_30_SKPPWKPEPE_2_38_13_B_Living_114.14977_22.282159_142.1486_22.404233,val,Ours_guard_selected,3,60,0.75,1,B0_identity,0.03583603604279686,0.0697784423828125,49.74419867469529,0.9936745988971287,nan,0.5780304670333862,0,0.0,0,0.0,0.0,0.0,0.0,0.0,0.0,0.0
proxy_036_571_30_SKPPWKPEPE_2_38_13_B_Living_114.14977_22.282159_142.1486_22.404233,val,Ours_guard_selected,3,60,0.75,2,B0_identity,0.03583603604279686,0.0697784423828125,49.74419867469529,0.9936745988971287,nan,0.5780304670333862,0,0.0,0,0.0,0.0,0.0,0.0,0.0,0.0,0.0
proxy_036_571_30_SKPPWKPEPE_2_38_13_B_Living_114.14977_22.282159_142.1486_22.404233,val,Ours_guard_selected,3,60,1.25,0,B0_identity,0.03583603604279686,0.0697784423828125,49.74419867469529,0.9936745988971287,nan,0.5780304670333862,0,0.0,0,0.0,0.0,0.0,0.0,0.0,0.0,0.0
proxy_036_571_30_SKPPWKPEPE_2_38_13_B_Living_114.14977_22.282159_142.1486_22.404233,val,Ours_guard_selected,3,60,1.25,1,B0_identity,0.03583603604279686,0.0697784423828125,49.74419867469529,0.9936745988971287,nan,0.5780304670333862,0,0.0,0,0.0,0.0,0.0,0.0,0.0,0.0,0.0
proxy_036_571_30_SKPPWKPEPE_2_38_13_B_Living_114.14977_22.282159_142.1486_22.404233,val,Ours_guard_selected,3,60,1.25,2,B0_identity,0.03583603604279686,0.0697784423828125,49.74419867469529,0.9936745988971287,nan,0.5780304670333862,0,0.0,0,0.0,0.0,0.0,0.0,0.0,0.0,0.0
proxy_036_571_30_SKPPWKPEPE_2_38_13_B_Living_114.14977_22.282159_142.1486_22.404233,val,Ours_guard_selected,3,80,0.75,0,B0_identity,0.03583603604279686,0.0697784423828125,52.56060890325269,0.9966456122661402,nan,0.35592973232269287,0,0.0,0,0.0,0.0,0.0,0.0,0.0,0.0,0.0
proxy_036_571_30_SKPPWKPEPE_2_38_13_B_Living_114.14977_22.282159_142.1486_22.404233,val,Ours_guard_selected,3,80,0.75,1,B0_identity,0.03583603604279686,0.0697784423828125,52.56060890325269,0.9966456122661402,nan,0.35592973232269287,0,0.0,0,0.0,0.0,0.0,0.0,0.0,0.0,0.0
proxy_036_571_30_SKPPWKPEPE_2_38_13_B_Living_114.14977_22.282159_142.1486_22.404233,val,Ours_guard_selected,3,80,0.75,2,B0_identity,0.03583603604279686,0.0697784423828125,52.56060890325269,0.9966456122661402,nan,0.35592973232269287,0,0.0,0,0.0,0.0,0.0,0.0,0.0,0.0,0.0
proxy_036_571_30_SKPPWKPEPE_2_38_13_B_Living_114.14977_22.282159_142.1486_22.404233,val,Ours_guard_selected,3,80,1.25,0,B0_identity,0.03583603604279686,0.0697784423828125,52.7535806909508,0.9968203933462746,nan,0.34492310881614685,0,0.0,0,0.0,0.0,0.0,0.0,0.0,0.0,0.0
proxy_036_571_30_SKPPWKPEPE_2_38_13_B_Living_114.14977_22.282159_142.1486_22.404233,val,Ours_guard_selected,3,80,1.25,1,B0_identity,0.03583603604279686,0.0697784423828125,52.7535806909508,0.9968203933462746,nan,0.34492310881614685,0,0.0,0,0.0,0.0,0.0,0.0,0.0,0.0,0.0
proxy_036_571_30_SKPPWKPEPE_2_38_13_B_Living_114.14977_22.282159_142.1486_22.404233,val,Ours_guard_selected,3,80,1.25,2,B0_identity,0.03583603604279686,0.0697784423828125,52.7535806909508,0.9968203933462746,nan,0.34492310881614685,0,0.0,0,0.0,0.0,0.0,0.0,0.0,0.0,0.0
proxy_036_571_30_SKPPWKPEPE_2_38_13_B_Living_114.14977_22.282159_142.1486_22.404233,val,Ours_guard_selected,7,60,0.75,0,B0_identity,0.03583603604279686,0.0890655517578125,49.82233377043046,0.9940224434950627,nan,0.5679858326911926,0,0.0,0,0.0,0.0,0.0,0.0,0.0,0.0,0.0
proxy_036_571_30_SKPPWKPEPE_2_38_13_B_Living_114.14977_22.282159_142.1486_22.404233,val,Ours_guard_selected,7,60,0.75,1,B0_identity,0.03583603604279686,0.0890655517578125,49.82233377043046,0.9940224434950627,nan,0.5679858326911926,0,0.0,0,0.0,0.0,0.0,0.0,0.0,0.0,0.0
proxy_036_571_30_SKPPWKPEPE_2_38_13_B_Living_114.14977_22.282159_142.1486_22.404233,val,Ours_guard_selected,7,60,0.75,2,B0_identity,0.03583603604279686,0.0890655517578125,49.82233377043046,0.9940224434950627,nan,0.5679858326911926,0,0.0,0,0.0,0.0,0.0,0.0,0.0,0.0,0.0
proxy_036_571_30_SKPPWKPEPE_2_38_13_B_Living_114.14977_22.282159_142.1486_22.404233,val,Ours_guard_selected,7,60,1.25,0,B0_identity,0.03583603604279686,0.0890655517578125,49.82233377043046,0.9940224434950627,nan,0.5679858326911926,0,0.0,0,0.0,0.0,0.0,0.0,0.0,0.0,0.0
proxy_036_571_30_SKPPWKPEPE_2_38_13_B_Living_114.14977_22.282159_142.1486_22.404233,val,Ours_guard_selected,7,60,1.25,1,B0_identity,0.03583603604279686,0.0890655517578125,49.82233377043046,0.9940224434950627,nan,0.5679858326911926,0,0.0,0,0.0,0.0,0.0,0.0,0.0,0.0,0.0
proxy_036_571_30_SKPPWKPEPE_2_38_13_B_Living_114.14977_22.282159_142.1486_22.404233,val,Ours_guard_selected,7,60,1.25,2,B0_identity,0.03583603604279686,0.0890655517578125,49.82233377043046,0.9940224434950627,nan,0.5679858326911926,0,0.0,0,0.0,0.0,0.0,0.0,0.0,0.0,0.0
proxy_036_571_30_SKPPWKPEPE_2_38_13_B_Living_114.14977_22.282159_142.1486_22.404233,val,Ours_guard_selected,7,80,0.75,0,B0_identity,0.03583603604279686,0.0890655517578125,52.51094395390354,0.9965701353885454,nan,0.3610873222351074,0,0.0,0,0.0,0.0,0.0,0.0,0.0,0.0,0.0
proxy_036_571_30_SKPPWKPEPE_2_38_13_B_Living_114.14977_22.282159_142.1486_22.404233,val,Ours_guard_selected,7,80,0.75,1,B0_identity,0.03583603604279686,0.0890655517578125,52.51094395390354,0.9965701353885454,nan,0.3610873222351074,0,0.0,0,0.0,0.0,0.0,0.0,0.0,0.0,0.0
proxy_036_571_30_SKPPWKPEPE_2_38_13_B_Living_114.14977_22.282159_142.1486_22.404233,val,Ours_guard_selected,7,80,0.75,2,B0_identity,0.03583603604279686,0.0890655517578125,52.51094395390354,0.9965701353885454,nan,0.3610873222351074,0,0.0,0,0.0,0.0,0.0,0.0,0.0,0.0,0.0
proxy_036_571_30_SKPPWKPEPE_2_38_13_B_Living_114.14977_22.282159_142.1486_22.404233,val,Ours_guard_selected,7,80,1.25,0,B0_identity,0.03583603604279686,0.0890655517578125,52.668105809096694,0.9967210698488534,nan,0.35177889466285706,0,0.0,0,0.0,0.0,0.0,0.0,0.0,0.0,0.0
proxy_036_571_30_SKPPWKPEPE_2_38_13_B_Living_114.14977_22.282159_142.1486_22.404233,val,Ours_guard_selected,7,80,1.25,1,B0_identity,0.03583603604279686,0.0890655517578125,52.668105809096694,0.9967210698488534,nan,0.35177889466285706,0,0.0,0,0.0,0.0,0.0,0.0,0.0,0.0,0.0
proxy_036_571_30_SKPPWKPEPE_2_38_13_B_Living_114.14977_22.282159_142.1486_22.404233,val,Ours_guard_selected,7,80,1.25,2,B0_identity,0.03583603604279686,0.0890655517578125,52.668105809096694,0.9967210698488534,nan,0.35177889466285706,0,0.0,0,0.0,0.0,0.0,0.0,0.0,0.0,0.0
proxy_043_110_29_SKPPWGPEPE_2_236_33_A_Kitchen_114.150148_22.282357_193.9733_101.323709,val,Ours_guard_selected,-7,60,0.75,0,B0_identity,0.03583603604279686,0.027740478515625,26.67825147594225,0.9443593842935852,nan,3.9374771118164062,0,0.0,0,0.0,0.0,0.0,0.0,0.0,0.0,0.0
proxy_043_110_29_SKPPWGPEPE_2_236_33_A_Kitchen_114.150148_22.282357_193.9733_101.323709,val,Ours_guard_selected,-7,60,0.75,1,B0_identity,0.03583603604279686,0.027740478515625,26.67825147594225,0.9443593842935852,nan,3.9374771118164062,0,0.0,0,0.0,0.0,0.0,0.0,0.0,0.0,0.0
proxy_043_110_29_SKPPWGPEPE_2_236_33_A_Kitchen_114.150148_22.282357_193.9733_101.323709,val,Ours_guard_selected,-7,60,0.75,2,B0_identity,0.03583603604279686,0.027740478515625,26.67825147594225,0.9443593842935852,nan,3.9374771118164062,0,0.0,0,0.0,0.0,0.0,0.0,0.0,0.0,0.0
proxy_043_110_29_SKPPWGPEPE_2_236_33_A_Kitchen_114.150148_22.282357_193.9733_101.323709,val,Ours_guard_selected,-7,60,1.25,0,B0_identity,0.03583603604279686,0.027740478515625,26.709865662839928,0.9448042494777537,nan,3.9149248600006104,0,0.0,0,0.0,0.0,0.0,0.0,0.0,0.0,0.0
proxy_043_110_29_SKPPWGPEPE_2_236_33_A_Kitchen_114.150148_22.282357_193.9733_101.323709,val,Ours_guard_selected,-7,60,1.25,1,B0_identity,0.03583603604279686,0.027740478515625,26.709865662839928,0.9448042494777537,nan,3.9149248600006104,0,0.0,0,0.0,0.0,0.0,0.0,0.0,0.0,0.0
proxy_043_110_29_SKPPWGPEPE_2_236_33_A_Kitchen_114.150148_22.282357_193.9733_101.323709,val,Ours_guard_selected,-7,60,1.25,2,B0_identity,0.03583603604279686,0.027740478515625,26.709865662839928,0.9448042494777537,nan,3.9149248600006104,0,0.0,0,0.0,0.0,0.0,0.0,0.0,0.0,0.0
proxy_043_110_29_SKPPWGPEPE_2_236_33_A_Kitchen_114.150148_22.282357_193.9733_101.323709,val,Ours_guard_selected,-7,80,0.75,0,B0_identity,0.03583603604279686,0.027740478515625,26.742099117075966,0.9446604803825889,nan,3.4085075855255127,0,0.0,0,0.0,0.0,0.0,0.0,0.0,0.0,0.0
proxy_043_110_29_SKPPWGPEPE_2_236_33_A_Kitchen_114.150148_22.282357_193.9733_101.323709,val,Ours_guard_selected,-7,80,0.75,1,B0_identity,0.03583603604279686,0.027740478515625,26.742099117075966,0.9446604803825889,nan,3.4085075855255127,0,0.0,0,0.0,0.0,0.0,0.0,0.0,0.0,0.0
proxy_043_110_29_SKPPWGPEPE_2_236_33_A_Kitchen_114.150148_22.282357_193.9733_101.323709,val,Ours_guard_selected,-7,80,0.75,2,B0_identity,0.03583603604279686,0.027740478515625,26.742099117075966,0.9446604803825889,nan,3.4085075855255127,0,0.0,0,0.0,0.0,0.0,0.0,0.0,0.0,0.0
proxy_043_110_29_SKPPWGPEPE_2_236_33_A_Kitchen_114.150148_22.282357_193.9733_101.323709,val,Ours_guard_selected,-7,80,1.25,0,B0_identity,0.03583603604279686,0.027740478515625,26.74613204423442,0.9447229186984126,nan,3.4064905643463135,0,0.0,0,0.0,0.0,0.0,0.0,0.0,0.0,0.0
proxy_043_110_29_SKPPWGPEPE_2_236_33_A_Kitchen_114.150148_22.282357_193.9733_101.323709,val,Ours_guard_selected,-7,80,1.25,1,B0_identity,0.03583603604279686,0.027740478515625,26.74613204423442,0.9447229186984126,nan,3.4064905643463135,0,0.0,0,0.0,0.0,0.0,0.0,0.0,0.0,0.0
proxy_043_110_29_SKPPWGPEPE_2_236_33_A_Kitchen_114.150148_22.282357_193.9733_101.323709,val,Ours_guard_selected,-7,80,1.25,2,B0_identity,0.03583603604279686,0.027740478515625,26.74613204423442,0.9447229186984126,nan,3.4064905643463135,0,0.0,0,0.0,0.0,0.0,0.0,0.0,0.0,0.0
proxy_043_110_29_SKPPWGPEPE_2_236_33_A_Kitchen_114.150148_22.282357_193.9733_101.323709,val,Ours_guard_selected,-3,60,0.75,0,B0_identity,0.03583603604279686,0.0418701171875,26.116029303953034,0.9663422630646361,nan,4.3651604652404785,0,0.0,0,0.0,0.0,0.0,0.0,0.0,0.0,0.0
proxy_043_110_29_SKPPWGPEPE_2_236_33_A_Kitchen_114.150148_22.282357_193.9733_101.323709,val,Ours_guard_selected,-3,60,0.75,1,B0_identity,0.03583603604279686,0.0418701171875,26.116029303953034,0.9663422630646361,nan,4.3651604652404785,0,0.0,0,0.0,0.0,0.0,0.0,0.0,0.0,0.0
proxy_043_110_29_SKPPWGPEPE_2_236_33_A_Kitchen_114.150148_22.282357_193.9733_101.323709,val,Ours_guard_selected,-3,60,0.75,2,B0_identity,0.03583603604279686,0.0418701171875,26.116029303953034,0.9663422630646361,nan,4.3651604652404785,0,0.0,0,0.0,0.0,0.0,0.0,0.0,0.0,0.0
proxy_043_110_29_SKPPWGPEPE_2_236_33_A_Kitchen_114.150148_22.282357_193.9733_101.323709,val,Ours_guard_selected,-3,60,1.25,0,B0_identity,0.03583603604279686,0.0418701171875,26.12785893939273,0.9664362037271055,nan,4.344873428344727,0,0.0,0,0.0,0.0,0.0,0.0,0.0,0.0,0.0
proxy_043_110_29_SKPPWGPEPE_2_236_33_A_Kitchen_114.150148_22.282357_193.9733_101.323709,val,Ours_guard_selected,-3,60,1.25,1,B0_identity,0.03583603604279686,0.0418701171875,26.12785893939273,0.9664362037271055,nan,4.344873428344727,0,0.0,0,0.0,0.0,0.0,0.0,0.0,0.0,0.0
proxy_043_110_29_SKPPWGPEPE_2_236_33_A_Kitchen_114.150148_22.282357_193.9733_101.323709,val,Ours_guard_selected,-3,60,1.25,2,B0_identity,0.03583603604279686,0.0418701171875,26.12785893939273,0.9664362037271055,nan,4.344873428344727,0,0.0,0,0.0,0.0,0.0,0.0,0.0,0.0,0.0
proxy_043_110_29_SKPPWGPEPE_2_236_33_A_Kitchen_114.150148_22.282357_193.9733_101.323709,val,Ours_guard_selected,-3,80,0.75,0,B0_identity,0.03583603604279686,0.0418701171875,26.170083612376086,0.9665921883976857,nan,3.8844752311706543,0,0.0,0,0.0,0.0,0.0,0.0,0.0,0.0,0.0
proxy_043_110_29_SKPPWGPEPE_2_236_33_A_Kitchen_114.150148_22.282357_193.9733_101.323709,val,Ours_guard_selected,-3,80,0.75,1,B0_identity,0.03583603604279686,0.0418701171875,26.170083612376086,0.9665921883976857,nan,3.8844752311706543,0,0.0,0,0.0,0.0,0.0,0.0,0.0,0.0,0.0
proxy_043_110_29_SKPPWGPEPE_2_236_33_A_Kitchen_114.150148_22.282357_193.9733_101.323709,val,Ours_guard_selected,-3,80,0.75,2,B0_identity,0.03583603604279686,0.0418701171875,26.170083612376086,0.9665921883976857,nan,3.8844752311706543,0,0.0,0,0.0,0.0,0.0,0.0,0.0,0.0,0.0
proxy_043_110_29_SKPPWGPEPE_2_236_33_A_Kitchen_114.150148_22.282357_193.9733_101.323709,val,Ours_guard_selected,-3,80,1.25,0,B0_identity,0.03583603604279686,0.0418701171875,26.16213007161938,0.9665424480589943,nan,3.8825316429138184,0,0.0,0,0.0,0.0,0.0,0.0,0.0,0.0,0.0
proxy_043_110_29_SKPPWGPEPE_2_236_33_A_Kitchen_114.150148_22.282357_193.9733_101.323709,val,Ours_guard_selected,-3,80,1.25,1,B0_identity,0.03583603604279686,0.0418701171875,26.16213007161938,0.9665424480589943,nan,3.8825316429138184,0,0.0,0,0.0,0.0,0.0,0.0,0.0,0.0,0.0
proxy_043_110_29_SKPPWGPEPE_2_236_33_A_Kitchen_114.150148_22.282357_193.9733_101.323709,val,Ours_guard_selected,-3,80,1.25,2,B0_identity,0.03583603604279686,0.0418701171875,26.16213007161938,0.9665424480589943,nan,3.8825316429138184,0,0.0,0,0.0,0.0,0.0,0.0,0.0,0.0,0.0
proxy_043_110_29_SKPPWGPEPE_2_236_33_A_Kitchen_114.150148_22.282357_193.9733_101.323709,val,Ours_guard_selected,0,60,0.75,0,B0_identity,0.03583603604279686,0.053863525390625,25.608417621419992,0.9686693764257311,nan,4.834560871124268,0,0.0,0,0.0,0.0,0.0,0.0,0.0,0.0,0.0
proxy_043_110_29_SKPPWGPEPE_2_236_33_A_Kitchen_114.150148_22.282357_193.9733_101.323709,val,Ours_guard_selected,0,60,0.75,1,B0_identity,0.03583603604279686,0.053863525390625,25.608417621419992,0.9686693764257311,nan,4.834560871124268,0,0.0,0,0.0,0.0,0.0,0.0,0.0,0.0,0.0
proxy_043_110_29_SKPPWGPEPE_2_236_33_A_Kitchen_114.150148_22.282357_193.9733_101.323709,val,Ours_guard_selected,0,60,0.75,2,B0_identity,0.03583603604279686,0.053863525390625,25.608417621419992,0.9686693764257311,nan,4.834560871124268,0,0.0,0,0.0,0.0,0.0,0.0,0.0,0.0,0.0
proxy_043_110_29_SKPPWGPEPE_2_236_33_A_Kitchen_114.150148_22.282357_193.9733_101.323709,val,Ours_guard_selected,0,60,1.25,0,B0_identity,0.03583603604279686,0.053863525390625,25.617358611422194,0.9687290355851844,nan,4.815014362335205,0,0.0,0,0.0,0.0,0.0,0.0,0.0,0.0,0.0
proxy_043_110_29_SKPPWGPEPE_2_236_33_A_Kitchen_114.150148_22.282357_193.9733_101.323709,val,Ours_guard_selected,0,60,1.25,1,B0_identity,0.03583603604279686,0.053863525390625,25.617358611422194,0.9687290355851844,nan,4.815014362335205,0,0.0,0,0.0,0.0,0.0,0.0,0.0,0.0,0.0
proxy_043_110_29_SKPPWGPEPE_2_236_33_A_Kitchen_114.150148_22.282357_193.9733_101.323709,val,Ours_guard_selected,0,60,1.25,2,B0_identity,0.03583603604279686,0.053863525390625,25.617358611422194,0.9687290355851844,nan,4.815014362335205,0,0.0,0,0.0,0.0,0.0,0.0,0.0,0.0,0.0
proxy_043_110_29_SKPPWGPEPE_2_236_33_A_Kitchen_114.150148_22.282357_193.9733_101.323709,val,Ours_guard_selected,0,80,0.75,0,B0_identity,0.03583603604279686,0.053863525390625,25.642781872364235,0.9688308021816618,nan,4.35911226272583,0,0.0,0,0.0,0.0,0.0,0.0,0.0,0.0,0.0
proxy_043_110_29_SKPPWGPEPE_2_236_33_A_Kitchen_114.150148_22.282357_193.9733_101.323709,val,Ours_guard_selected,0,80,0.75,1,B0_identity,0.03583603604279686,0.053863525390625,25.642781872364235,0.9688308021816618,nan,4.35911226272583,0,0.0,0,0.0,0.0,0.0,0.0,0.0,0.0,0.0
proxy_043_110_29_SKPPWGPEPE_2_236_33_A_Kitchen_114.150148_22.282357_193.9733_101.323709,val,Ours_guard_selected,0,80,0.75,2,B0_identity,0.03583603604279686,0.053863525390625,25.642781872364235,0.9688308021816618,nan,4.35911226272583,0,0.0,0,0.0,0.0,0.0,0.0,0.0,0.0,0.0
proxy_043_110_29_SKPPWGPEPE_2_236_33_A_Kitchen_114.150148_22.282357_193.9733_101.323709,val,Ours_guard_selected,0,80,1.25,0,B0_identity,0.03583603604279686,0.053863525390625,25.631945172452582,0.9687585075101938,nan,4.357790470123291,0,0.0,0,0.0,0.0,0.0,0.0,0.0,0.0,0.0
proxy_043_110_29_SKPPWGPEPE_2_236_33_A_Kitchen_114.150148_22.282357_193.9733_101.323709,val,Ours_guard_selected,0,80,1.25,1,B0_identity,0.03583603604279686,0.053863525390625,25.631945172452582,0.9687585075101938,nan,4.357790470123291,0,0.0,0,0.0,0.0,0.0,0.0,0.0,0.0,0.0
proxy_043_110_29_SKPPWGPEPE_2_236_33_A_Kitchen_114.150148_22.282357_193.9733_101.323709,val,Ours_guard_selected,0,80,1.25,2,B0_identity,0.03583603604279686,0.053863525390625,25.631945172452582,0.9687585075101938,nan,4.357790470123291,0,0.0,0,0.0,0.0,0.0,0.0,0.0,0.0,0.0
proxy_043_110_29_SKPPWGPEPE_2_236_33_A_Kitchen_114.150148_22.282357_193.9733_101.323709,val,Ours_guard_selected,3,60,0.75,0,B0_identity,0.03583603604279686,0.06695556640625,25.55479264320978,0.972307155674655,nan,4.9842753410339355,0,0.0,0,0.0,0.0,0.0,0.0,0.0,0.0,0.0
proxy_043_110_29_SKPPWGPEPE_2_236_33_A_Kitchen_114.150148_22.282357_193.9733_101.323709,val,Ours_guard_selected,3,60,0.75,1,B0_identity,0.03583603604279686,0.06695556640625,25.55479264320978,0.972307155674655,nan,4.9842753410339355,0,0.0,0,0.0,0.0,0.0,0.0,0.0,0.0,0.0
proxy_043_110_29_SKPPWGPEPE_2_236_33_A_Kitchen_114.150148_22.282357_193.9733_101.323709,val,Ours_guard_selected,3,60,0.75,2,B0_identity,0.03583603604279686,0.06695556640625,25.55479264320978,0.972307155674655,nan,4.9842753410339355,0,0.0,0,0.0,0.0,0.0,0.0,0.0,0.0,0.0
proxy_043_110_29_SKPPWGPEPE_2_236_33_A_Kitchen_114.150148_22.282357_193.9733_101.323709,val,Ours_guard_selected,3,60,1.25,0,B0_identity,0.03583603604279686,0.06695556640625,25.57136085921335,0.9724092324186737,nan,4.963081359863281,0,0.0,0,0.0,0.0,0.0,0.0,0.0,0.0,0.0
proxy_043_110_29_SKPPWGPEPE_2_236_33_A_Kitchen_114.150148_22.282357_193.9733_101.323709,val,Ours_guard_selected,3,60,1.25,1,B0_identity,0.03583603604279686,0.06695556640625,25.57136085921335,0.9724092324186737,nan,4.963081359863281,0,0.0,0,0.0,0.0,0.0,0.0,0.0,0.0,0.0
proxy_043_110_29_SKPPWGPEPE_2_236_33_A_Kitchen_114.150148_22.282357_193.9733_101.323709,val,Ours_guard_selected,3,60,1.25,2,B0_identity,0.03583603604279686,0.06695556640625,25.57136085921335,0.9724092324186737,nan,4.963081359863281,0,0.0,0,0.0,0.0,0.0,0.0,0.0,0.0,0.0
proxy_043_110_29_SKPPWGPEPE_2_236_33_A_Kitchen_114.150148_22.282357_193.9733_101.323709,val,Ours_guard_selected,3,80,0.75,0,B0_identity,0.03583603604279686,0.06695556640625,25.582354953477747,0.9724351163723336,nan,4.521726131439209,0,0.0,0,0.0,0.0,0.0,0.0,0.0,0.0,0.0
proxy_043_110_29_SKPPWGPEPE_2_236_33_A_Kitchen_114.150148_22.282357_193.9733_101.323709,val,Ours_guard_selected,3,80,0.75,1,B0_identity,0.03583603604279686,0.06695556640625,25.582354953477747,0.9724351163723336,nan,4.521726131439209,0,0.0,0,0.0,0.0,0.0,0.0,0.0,0.0,0.0
proxy_043_110_29_SKPPWGPEPE_2_236_33_A_Kitchen_114.150148_22.282357_193.9733_101.323709,val,Ours_guard_selected,3,80,0.75,2,B0_identity,0.03583603604279686,0.06695556640625,25.582354953477747,0.9724351163723336,nan,4.521726131439209,0,0.0,0,0.0,0.0,0.0,0.0,0.0,0.0,0.0
proxy_043_110_29_SKPPWGPEPE_2_236_33_A_Kitchen_114.150148_22.282357_193.9733_101.323709,val,Ours_guard_selected,3,80,1.25,0,B0_identity,0.03583603604279686,0.06695556640625,25.58183021456966,0.9724332525194949,nan,4.518383502960205,0,0.0,0,0.0,0.0,0.0,0.0,0.0,0.0,0.0
proxy_043_110_29_SKPPWGPEPE_2_236_33_A_Kitchen_114.150148_22.282357_193.9733_101.323709,val,Ours_guard_selected,3,80,1.25,1,B0_identity,0.03583603604279686,0.06695556640625,25.58183021456966,0.9724332525194949,nan,4.518383502960205,0,0.0,0,0.0,0.0,0.0,0.0,0.0,0.0,0.0
proxy_043_110_29_SKPPWGPEPE_2_236_33_A_Kitchen_114.150148_22.282357_193.9733_101.323709,val,Ours_guard_selected,3,80,1.25,2,B0_identity,0.03583603604279686,0.06695556640625,25.58183021456966,0.9724332525194949,nan,4.518383502960205,0,0.0,0,0.0,0.0,0.0,0.0,0.0,0.0,0.0
proxy_043_110_29_SKPPWGPEPE_2_236_33_A_Kitchen_114.150148_22.282357_193.9733_101.323709,val,Ours_guard_selected,7,60,0.75,0,B0_identity,0.03583603604279686,0.08612060546875,25.666416433569612,0.9763475068336628,nan,4.991318225860596,0,0.0,0,0.0,0.0,0.0,0.0,0.0,0.0,0.0
proxy_043_110_29_SKPPWGPEPE_2_236_33_A_Kitchen_114.150148_22.282357_193.9733_101.323709,val,Ours_guard_selected,7,60,0.75,1,B0_identity,0.03583603604279686,0.08612060546875,25.666416433569612,0.9763475068336628,nan,4.991318225860596,0,0.0,0,0.0,0.0,0.0,0.0,0.0,0.0,0.0
proxy_043_110_29_SKPPWGPEPE_2_236_33_A_Kitchen_114.150148_22.282357_193.9733_101.323709,val,Ours_guard_selected,7,60,0.75,2,B0_identity,0.03583603604279686,0.08612060546875,25.666416433569612,0.9763475068336628,nan,4.991318225860596,0,0.0,0,0.0,0.0,0.0,0.0,0.0,0.0,0.0
proxy_043_110_29_SKPPWGPEPE_2_236_33_A_Kitchen_114.150148_22.282357_193.9733_101.323709,val,Ours_guard_selected,7,60,1.25,0,B0_identity,0.03583603604279686,0.08612060546875,25.684161125533326,0.9764470056739485,nan,4.970588207244873,0,0.0,0,0.0,0.0,0.0,0.0,0.0,0.0,0.0
proxy_043_110_29_SKPPWGPEPE_2_236_33_A_Kitchen_114.150148_22.282357_193.9733_101.323709,val,Ours_guard_selected,7,60,1.25,1,B0_identity,0.03583603604279686,0.08612060546875,25.684161125533326,0.9764470056739485,nan,4.970588207244873,0,0.0,0,0.0,0.0,0.0,0.0,0.0,0.0,0.0
proxy_043_110_29_SKPPWGPEPE_2_236_33_A_Kitchen_114.150148_22.282357_193.9733_101.323709,val,Ours_guard_selected,7,60,1.25,2,B0_identity,0.03583603604279686,0.08612060546875,25.684161125533326,0.9764470056739485,nan,4.970588207244873,0,0.0,0,0.0,0.0,0.0,0.0,0.0,0.0,0.0
proxy_043_110_29_SKPPWGPEPE_2_236_33_A_Kitchen_114.150148_22.282357_193.9733_101.323709,val,Ours_guard_selected,7,80,0.75,0,B0_identity,0.03583603604279686,0.08612060546875,25.68365298677631,0.9764023150364033,nan,4.549610137939453,0,0.0,0,0.0,0.0,0.0,0.0,0.0,0.0,0.0
proxy_043_110_29_SKPPWGPEPE_2_236_33_A_Kitchen_114.150148_22.282357_193.9733_101.323709,val,Ours_guard_selected,7,80,0.75,1,B0_identity,0.03583603604279686,0.08612060546875,25.68365298677631,0.9764023150364033,nan,4.549610137939453,0,0.0,0,0.0,0.0,0.0,0.0,0.0,0.0,0.0
proxy_043_110_29_SKPPWGPEPE_2_236_33_A_Kitchen_114.150148_22.282357_193.9733_101.323709,val,Ours_guard_selected,7,80,0.75,2,B0_identity,0.03583603604279686,0.08612060546875,25.68365298677631,0.9764023150364033,nan,4.549610137939453,0,0.0,0,0.0,0.0,0.0,0.0,0.0,0.0,0.0
proxy_043_110_29_SKPPWGPEPE_2_236_33_A_Kitchen_114.150148_22.282357_193.9733_101.323709,val,Ours_guard_selected,7,80,1.25,0,B0_identity,0.03583603604279686,0.08612060546875,25.685751565317517,0.976413300142845,nan,4.551913738250732,0,0.0,0,0.0,0.0,0.0,0.0,0.0,0.0,0.0
proxy_043_110_29_SKPPWGPEPE_2_236_33_A_Kitchen_114.150148_22.282357_193.9733_101.323709,val,Ours_guard_selected,7,80,1.25,1,B0_identity,0.03583603604279686,0.08612060546875,25.685751565317517,0.976413300142845,nan,4.551913738250732,0,0.0,0,0.0,0.0,0.0,0.0,0.0,0.0,0.0
proxy_043_110_29_SKPPWGPEPE_2_236_33_A_Kitchen_114.150148_22.282357_193.9733_101.323709,val,Ours_guard_selected,7,80,1.25,2,B0_identity,0.03583603604279686,0.08612060546875,25.685751565317517,0.976413300142845,nan,4.551913738250732,0,0.0,0,0.0,0.0,0.0,0.0,0.0,0.0,0.0
proxy_047_126_27_SKPPWEPXPE_2_32_17_B_Living_114.146829_22.283221_127.9217_4.44512,val,Ours_guard_selected,-7,60,0.75,0,B0_identity,0.03583603604279686,0.021484375,11.648911734428754,0.24539885553522378,nan,54.379024505615234,0,0.0,0,0.0,0.0,0.0,0.0,0.0,0.0,0.0
proxy_047_126_27_SKPPWEPXPE_2_32_17_B_Living_114.146829_22.283221_127.9217_4.44512,val,Ours_guard_selected,-7,60,0.75,1,B0_identity,0.03583603604279686,0.021484375,11.648911734428754,0.24539885553522378,nan,54.379024505615234,0,0.0,0,0.0,0.0,0.0,0.0,0.0,0.0,0.0
proxy_047_126_27_SKPPWEPXPE_2_32_17_B_Living_114.146829_22.283221_127.9217_4.44512,val,Ours_guard_selected,-7,60,0.75,2,B0_identity,0.03583603604279686,0.021484375,11.648911734428754,0.24539885553522378,nan,54.379024505615234,0,0.0,0,0.0,0.0,0.0,0.0,0.0,0.0,0.0
proxy_047_126_27_SKPPWEPXPE_2_32_17_B_Living_114.146829_22.283221_127.9217_4.44512,val,Ours_guard_selected,-7,60,1.25,0,B0_identity,0.03583603604279686,0.021484375,11.515109400796504,0.23910520254832082,nan,54.99952697753906,0,0.0,0,0.0,0.0,0.0,0.0,0.0,0.0,0.0
proxy_047_126_27_SKPPWEPXPE_2_32_17_B_Living_114.146829_22.283221_127.9217_4.44512,val,Ours_guard_selected,-7,60,1.25,1,B0_identity,0.03583603604279686,0.021484375,11.515109400796504,0.23910520254832082,nan,54.99952697753906,0,0.0,0,0.0,0.0,0.0,0.0,0.0,0.0,0.0
proxy_047_126_27_SKPPWEPXPE_2_32_17_B_Living_114.146829_22.283221_127.9217_4.44512,val,Ours_guard_selected,-7,60,1.25,2,B0_identity,0.03583603604279686,0.021484375,11.515109400796504,0.23910520254832082,nan,54.99952697753906,0,0.0,0,0.0,0.0,0.0,0.0,0.0,0.0,0.0
proxy_047_126_27_SKPPWEPXPE_2_32_17_B_Living_114.146829_22.283221_127.9217_4.44512,val,Ours_guard_selected,-7,80,0.75,0,B0_identity,0.03583603604279686,0.021484375,11.61585656984774,0.24450844029709606,nan,54.58309555053711,0,0.0,0,0.0,0.0,0.0,0.0,0.0,0.0,0.0
proxy_047_126_27_SKPPWEPXPE_2_32_17_B_Living_114.146829_22.283221_127.9217_4.44512,val,Ours_guard_selected,-7,80,0.75,1,B0_identity,0.03583603604279686,0.021484375,11.61585656984774,0.24450844029709606,nan,54.58309555053711,0,0.0,0,0.0,0.0,0.0,0.0,0.0,0.0,0.0
proxy_047_126_27_SKPPWEPXPE_2_32_17_B_Living_114.146829_22.283221_127.9217_4.44512,val,Ours_guard_selected,-7,80,0.75,2,B0_identity,0.03583603604279686,0.021484375,11.61585656984774,0.24450844029709606,nan,54.58309555053711,0,0.0,0,0.0,0.0,0.0,0.0,0.0,0.0,0.0
proxy_047_126_27_SKPPWEPXPE_2_32_17_B_Living_114.146829_22.283221_127.9217_4.44512,val,Ours_guard_selected,-7,80,1.25,0,B0_identity,0.03583603604279686,0.021484375,11.475102247828133,0.23697739459296654,nan,55.22040557861328,0,0.0,0,0.0,0.0,0.0,0.0,0.0,0.0,0.0
proxy_047_126_27_SKPPWEPXPE_2_32_17_B_Living_114.146829_22.283221_127.9217_4.44512,val,Ours_guard_selected,-7,80,1.25,1,B0_identity,0.03583603604279686,0.021484375,11.475102247828133,0.23697739459296654,nan,55.22040557861328,0,0.0,0,0.0,0.0,0.0,0.0,0.0,0.0,0.0
proxy_047_126_27_SKPPWEPXPE_2_32_17_B_Living_114.146829_22.283221_127.9217_4.44512,val,Ours_guard_selected,-7,80,1.25,2,B0_identity,0.03583603604279686,0.021484375,11.475102247828133,0.23697739459296654,nan,55.22040557861328,0,0.0,0,0.0,0.0,0.0,0.0,0.0,0.0,0.0
proxy_047_126_27_SKPPWEPXPE_2_32_17_B_Living_114.146829_22.283221_127.9217_4.44512,val,Ours_guard_selected,-3,60,0.75,0,B0_identity,0.03583603604279686,0.032958984375,12.036641532658871,0.38309759541064303,nan,51.79475402832031,0,0.0,0,0.0,0.0,0.0,0.0,0.0,0.0,0.0
proxy_047_126_27_SKPPWEPXPE_2_32_17_B_Living_114.146829_22.283221_127.9217_4.44512,val,Ours_guard_selected,-3,60,0.75,1,B0_identity,0.03583603604279686,0.032958984375,12.036641532658871,0.38309759541064303,nan,51.79475402832031,0,0.0,0,0.0,0.0,0.0,0.0,0.0,0.0,0.0
proxy_047_126_27_SKPPWEPXPE_2_32_17_B_Living_114.146829_22.283221_127.9217_4.44512,val,Ours_guard_selected,-3,60,0.75,2,B0_identity,0.03583603604279686,0.032958984375,12.036641532658871,0.38309759541064303,nan,51.79475402832031,0,0.0,0,0.0,0.0,0.0,0.0,0.0,0.0,0.0
proxy_047_126_27_SKPPWEPXPE_2_32_17_B_Living_114.146829_22.283221_127.9217_4.44512,val,Ours_guard_selected,-3,60,1.25,0,B0_identity,0.03583603604279686,0.032958984375,11.867954428918265,0.3708525337348942,nan,52.53472137451172,0,0.0,0,0.0,0.0,0.0,0.0,0.0,0.0,0.0
proxy_047_126_27_SKPPWEPXPE_2_32_17_B_Living_114.146829_22.283221_127.9217_4.44512,val,Ours_guard_selected,-3,60,1.25,1,B0_identity,0.03583603604279686,0.032958984375,11.867954428918265,0.3708525337348942,nan,52.53472137451172,0,0.0,0,0.0,0.0,0.0,0.0,0.0,0.0,0.0
proxy_047_126_27_SKPPWEPXPE_2_32_17_B_Living_114.146829_22.283221_127.9217_4.44512,val,Ours_guard_selected,-3,60,1.25,2,B0_identity,0.03583603604279686,0.032958984375,11.867954428918265,0.3708525337348942,nan,52.53472137451172,0,0.0,0,0.0,0.0,0.0,0.0,0.0,0.0,0.0
proxy_047_126_27_SKPPWEPXPE_2_32_17_B_Living_114.146829_22.283221_127.9217_4.44512,val,Ours_guard_selected,-3,80,0.75,0,B0_identity,0.03583603604279686,0.032958984375,12.00845693168812,0.37983428953280474,nan,51.961265563964844,0,0.0,0,0.0,0.0,0.0,0.0,0.0,0.0,0.0
proxy_047_126_27_SKPPWEPXPE_2_32_17_B_Living_114.146829_22.283221_127.9217_4.44512,val,Ours_guard_selected,-3,80,0.75,1,B0_identity,0.03583603604279686,0.032958984375,12.00845693168812,0.37983428953280474,nan,51.961265563964844,0,0.0,0,0.0,0.0,0.0,0.0,0.0,0.0,0.0
proxy_047_126_27_SKPPWEPXPE_2_32_17_B_Living_114.146829_22.283221_127.9217_4.44512,val,Ours_guard_selected,-3,80,0.75,2,B0_identity,0.03583603604279686,0.032958984375,12.00845693168812,0.37983428953280474,nan,51.961265563964844,0,0.0,0,0.0,0.0,0.0,0.0,0.0,0.0,0.0
proxy_047_126_27_SKPPWEPXPE_2_32_17_B_Living_114.146829_22.283221_127.9217_4.44512,val,Ours_guard_selected,-3,80,1.25,0,B0_identity,0.03583603604279686,0.032958984375,11.835305574105119,0.3670836377068773,nan,52.706172943115234,0,0.0,0,0.0,0.0,0.0,0.0,0.0,0.0,0.0
proxy_047_126_27_SKPPWEPXPE_2_32_17_B_Living_114.146829_22.283221_127.9217_4.44512,val,Ours_guard_selected,-3,80,1.25,1,B0_identity,0.03583603604279686,0.032958984375,11.835305574105119,0.3670836377068773,nan,52.706172943115234,0,0.0,0,0.0,0.0,0.0,0.0,0.0,0.0,0.0
proxy_047_126_27_SKPPWEPXPE_2_32_17_B_Living_114.146829_22.283221_127.9217_4.44512,val,Ours_guard_selected,-3,80,1.25,2,B0_identity,0.03583603604279686,0.032958984375,11.835305574105119,0.3670836377068773,nan,52.706172943115234,0,0.0,0,0.0,0.0,0.0,0.0,0.0,0.0,0.0
proxy_047_126_27_SKPPWEPXPE_2_32_17_B_Living_114.146829_22.283221_127.9217_4.44512,val,Ours_guard_selected,0,60,0.75,0,B0_identity,0.03583603604279686,0.0428466796875,12.276953178214942,0.40160492820670396,nan,50.4487190246582,0,0.0,0,0.0,0.0,0.0,0.0,0.0,0.0,0.0
proxy_047_126_27_SKPPWEPXPE_2_32_17_B_Living_114.146829_22.283221_127.9217_4.44512,val,Ours_guard_selected,0,60,0.75,1,B0_identity,0.03583603604279686,0.0428466796875,12.276953178214942,0.40160492820670396,nan,50.4487190246582,0,0.0,0,0.0,0.0,0.0,0.0,0.0,0.0,0.0
proxy_047_126_27_SKPPWEPXPE_2_32_17_B_Living_114.146829_22.283221_127.9217_4.44512,val,Ours_guard_selected,0,60,0.75,2,B0_identity,0.03583603604279686,0.0428466796875,12.276953178214942,0.40160492820670396,nan,50.4487190246582,0,0.0,0,0.0,0.0,0.0,0.0,0.0,0.0,0.0
proxy_047_126_27_SKPPWEPXPE_2_32_17_B_Living_114.146829_22.283221_127.9217_4.44512,val,Ours_guard_selected,0,60,1.25,0,B0_identity,0.03583603604279686,0.0428466796875,12.159711925302513,0.39810206601478426,nan,50.83000946044922,0,0.0,0,0.0,0.0,0.0,0.0,0.0,0.0,0.0
proxy_047_126_27_SKPPWEPXPE_2_32_17_B_Living_114.146829_22.283221_127.9217_4.44512,val,Ours_guard_selected,0,60,1.25,1,B0_identity,0.03583603604279686,0.0428466796875,12.159711925302513,0.39810206601478426,nan,50.83000946044922,0,0.0,0,0.0,0.0,0.0,0.0,0.0,0.0,0.0
proxy_047_126_27_SKPPWEPXPE_2_32_17_B_Living_114.146829_22.283221_127.9217_4.44512,val,Ours_guard_selected,0,60,1.25,2,B0_identity,0.03583603604279686,0.0428466796875,12.159711925302513,0.39810206601478426,nan,50.83000946044922,0,0.0,0,0.0,0.0,0.0,0.0,0.0,0.0,0.0
proxy_047_126_27_SKPPWEPXPE_2_32_17_B_Living_114.146829_22.283221_127.9217_4.44512,val,Ours_guard_selected,0,80,0.75,0,B0_identity,0.03583603604279686,0.0428466796875,12.249206350073656,0.39647541256071805,nan,50.589385986328125,0,0.0,0,0.0,0.0,0.0,0.0,0.0,0.0,0.0
proxy_047_126_27_SKPPWEPXPE_2_32_17_B_Living_114.146829_22.283221_127.9217_4.44512,val,Ours_guard_selected,0,80,0.75,1,B0_identity,0.03583603604279686,0.0428466796875,12.249206350073656,0.39647541256071805,nan,50.589385986328125,0,0.0,0,0.0,0.0,0.0,0.0,0.0,0.0,0.0
proxy_047_126_27_SKPPWEPXPE_2_32_17_B_Living_114.146829_22.283221_127.9217_4.44512,val,Ours_guard_selected,0,80,0.75,2,B0_identity,0.03583603604279686,0.0428466796875,12.249206350073656,0.39647541256071805,nan,50.589385986328125,0,0.0,0,0.0,0.0,0.0,0.0,0.0,0.0,0.0
proxy_047_126_27_SKPPWEPXPE_2_32_17_B_Living_114.146829_22.283221_127.9217_4.44512,val,Ours_guard_selected,0,80,1.25,0,B0_identity,0.03583603604279686,0.0428466796875,12.129616648067964,0.39288795773504137,nan,50.94978713989258,0,0.0,0,0.0,0.0,0.0,0.0,0.0,0.0,0.0
proxy_047_126_27_SKPPWEPXPE_2_32_17_B_Living_114.146829_22.283221_127.9217_4.44512,val,Ours_guard_selected,0,80,1.25,1,B0_identity,0.03583603604279686,0.0428466796875,12.129616648067964,0.39288795773504137,nan,50.94978713989258,0,0.0,0,0.0,0.0,0.0,0.0,0.0,0.0,0.0
proxy_047_126_27_SKPPWEPXPE_2_32_17_B_Living_114.146829_22.283221_127.9217_4.44512,val,Ours_guard_selected,0,80,1.25,2,B0_identity,0.03583603604279686,0.0428466796875,12.129616648067964,0.39288795773504137,nan,50.94978713989258,0,0.0,0,0.0,0.0,0.0,0.0,0.0,0.0,0.0
proxy_047_126_27_SKPPWEPXPE_2_32_17_B_Living_114.146829_22.283221_127.9217_4.44512,val,Ours_guard_selected,3,60,0.75,0,B0_identity,0.03583603604279686,0.0538330078125,10.378452378657375,0.0863288661931138,nan,60.003780364990234,0,0.0,0,0.0,0.0,0.0,0.0,0.0,0.0,0.0
proxy_047_126_27_SKPPWEPXPE_2_32_17_B_Living_114.146829_22.283221_127.9217_4.44512,val,Ours_guard_selected,3,60,0.75,1,B0_identity,0.03583603604279686,0.0538330078125,10.378452378657375,0.0863288661931138,nan,60.003780364990234,0,0.0,0,0.0,0.0,0.0,0.0,0.0,0.0,0.0
proxy_047_126_27_SKPPWEPXPE_2_32_17_B_Living_114.146829_22.283221_127.9217_4.44512,val,Ours_guard_selected,3,60,0.75,2,B0_identity,0.03583603604279686,0.0538330078125,10.378452378657375,0.0863288661931138,nan,60.003780364990234,0,0.0,0,0.0,0.0,0.0,0.0,0.0,0.0,0.0
proxy_047_126_27_SKPPWEPXPE_2_32_17_B_Living_114.146829_22.283221_127.9217_4.44512,val,Ours_guard_selected,3,60,1.25,0,B0_identity,0.03583603604279686,0.0538330078125,10.28327219247771,0.08602848238315816,nan,60.495182037353516,0,0.0,0,0.0,0.0,0.0,0.0,0.0,0.0,0.0
proxy_047_126_27_SKPPWEPXPE_2_32_17_B_Living_114.146829_22.283221_127.9217_4.44512,val,Ours_guard_selected,3,60,1.25,1,B0_identity,0.03583603604279686,0.0538330078125,10.28327219247771,0.08602848238315816,nan,60.495182037353516,0,0.0,0,0.0,0.0,0.0,0.0,0.0,0.0,0.0
proxy_047_126_27_SKPPWEPXPE_2_32_17_B_Living_114.146829_22.283221_127.9217_4.44512,val,Ours_guard_selected,3,60,1.25,2,B0_identity,0.03583603604279686,0.0538330078125,10.28327219247771,0.08602848238315816,nan,60.495182037353516,0,0.0,0,0.0,0.0,0.0,0.0,0.0,0.0,0.0
proxy_047_126_27_SKPPWEPXPE_2_32_17_B_Living_114.146829_22.283221_127.9217_4.44512,val,Ours_guard_selected,3,80,0.75,0,B0_identity,0.03583603604279686,0.0538330078125,10.357875910567135,0.08046108639152892,nan,60.133880615234375,0,0.0,0,0.0,0.0,0.0,0.0,0.0,0.0,0.0
proxy_047_126_27_SKPPWEPXPE_2_32_17_B_Living_114.146829_22.283221_127.9217_4.44512,val,Ours_guard_selected,3,80,0.75,1,B0_identity,0.03583603604279686,0.0538330078125,10.357875910567135,0.08046108639152892,nan,60.133880615234375,0,0.0,0,0.0,0.0,0.0,0.0,0.0,0.0,0.0
proxy_047_126_27_SKPPWEPXPE_2_32_17_B_Living_114.146829_22.283221_127.9217_4.44512,val,Ours_guard_selected,3,80,0.75,2,B0_identity,0.03583603604279686,0.0538330078125,10.357875910567135,0.08046108639152892,nan,60.133880615234375,0,0.0,0,0.0,0.0,0.0,0.0,0.0,0.0,0.0
proxy_047_126_27_SKPPWEPXPE_2_32_17_B_Living_114.146829_22.283221_127.9217_4.44512,val,Ours_guard_selected,3,80,1.25,0,B0_identity,0.03583603604279686,0.0538330078125,10.261539915858355,0.08023895580003627,nan,60.61640167236328,0,0.0,0,0.0,0.0,0.0,0.0,0.0,0.0,0.0
proxy_047_126_27_SKPPWEPXPE_2_32_17_B_Living_114.146829_22.283221_127.9217_4.44512,val,Ours_guard_selected,3,80,1.25,1,B0_identity,0.03583603604279686,0.0538330078125,10.261539915858355,0.08023895580003627,nan,60.61640167236328,0,0.0,0,0.0,0.0,0.0,0.0,0.0,0.0,0.0
proxy_047_126_27_SKPPWEPXPE_2_32_17_B_Living_114.146829_22.283221_127.9217_4.44512,val,Ours_guard_selected,3,80,1.25,2,B0_identity,0.03583603604279686,0.0538330078125,10.261539915858355,0.08023895580003627,nan,60.61640167236328,0,0.0,0,0.0,0.0,0.0,0.0,0.0,0.0,0.0
proxy_047_126_27_SKPPWEPXPE_2_32_17_B_Living_114.146829_22.283221_127.9217_4.44512,val,Ours_guard_selected,7,60,0.75,0,B0_identity,0.03583603604279686,0.0701904296875,9.150373790563703,-0.07641804783581418,nan,70.07173919677734,0,0.0,0,0.0,0.0,0.0,0.0,0.0,0.0,0.0
proxy_047_126_27_SKPPWEPXPE_2_32_17_B_Living_114.146829_22.283221_127.9217_4.44512,val,Ours_guard_selected,7,60,0.75,1,B0_identity,0.03583603604279686,0.0701904296875,9.150373790563703,-0.07641804783581418,nan,70.07173919677734,0,0.0,0,0.0,0.0,0.0,0.0,0.0,0.0,0.0
proxy_047_126_27_SKPPWEPXPE_2_32_17_B_Living_114.146829_22.283221_127.9217_4.44512,val,Ours_guard_selected,7,60,0.75,2,B0_identity,0.03583603604279686,0.0701904296875,9.150373790563703,-0.07641804783581418,nan,70.07173919677734,0,0.0,0,0.0,0.0,0.0,0.0,0.0,0.0,0.0
proxy_047_126_27_SKPPWEPXPE_2_32_17_B_Living_114.146829_22.283221_127.9217_4.44512,val,Ours_guard_selected,7,60,1.25,0,B0_identity,0.03583603604279686,0.0701904296875,9.092541502354214,-0.07305574361129138,nan,70.47093963623047,0,0.0,0,0.0,0.0,0.0,0.0,0.0,0.0,0.0
proxy_047_126_27_SKPPWEPXPE_2_32_17_B_Living_114.146829_22.283221_127.9217_4.44512,val,Ours_guard_selected,7,60,1.25,1,B0_identity,0.03583603604279686,0.0701904296875,9.092541502354214,-0.07305574361129138,nan,70.47093963623047,0,0.0,0,0.0,0.0,0.0,0.0,0.0,0.0,0.0
proxy_047_126_27_SKPPWEPXPE_2_32_17_B_Living_114.146829_22.283221_127.9217_4.44512,val,Ours_guard_selected,7,60,1.25,2,B0_identity,0.03583603604279686,0.0701904296875,9.092541502354214,-0.07305574361129138,nan,70.47093963623047,0,0.0,0,0.0,0.0,0.0,0.0,0.0,0.0,0.0
proxy_047_126_27_SKPPWEPXPE_2_32_17_B_Living_114.146829_22.283221_127.9217_4.44512,val,Ours_guard_selected,7,80,0.75,0,B0_identity,0.03583603604279686,0.0701904296875,9.12714139126473,-0.08144104898217996,nan,70.27057647705078,0,0.0,0,0.0,0.0,0.0,0.0,0.0,0.0,0.0
proxy_047_126_27_SKPPWEPXPE_2_32_17_B_Living_114.146829_22.283221_127.9217_4.44512,val,Ours_guard_selected,7,80,0.75,1,B0_identity,0.03583603604279686,0.0701904296875,9.12714139126473,-0.08144104898217996,nan,70.27057647705078,0,0.0,0,0.0,0.0,0.0,0.0,0.0,0.0,0.0
proxy_047_126_27_SKPPWEPXPE_2_32_17_B_Living_114.146829_22.283221_127.9217_4.44512,val,Ours_guard_selected,7,80,0.75,2,B0_identity,0.03583603604279686,0.0701904296875,9.12714139126473,-0.08144104898217996,nan,70.27057647705078,0,0.0,0,0.0,0.0,0.0,0.0,0.0,0.0,0.0
proxy_047_126_27_SKPPWEPXPE_2_32_17_B_Living_114.146829_22.283221_127.9217_4.44512,val,Ours_guard_selected,7,80,1.25,0,B0_identity,0.03583603604279686,0.0701904296875,9.06554088145162,-0.07831293988397628,nan,70.70550537109375,0,0.0,0,0.0,0.0,0.0,0.0,0.0,0.0,0.0
proxy_047_126_27_SKPPWEPXPE_2_32_17_B_Living_114.146829_22.283221_127.9217_4.44512,val,Ours_guard_selected,7,80,1.25,1,B0_identity,0.03583603604279686,0.0701904296875,9.06554088145162,-0.07831293988397628,nan,70.70550537109375,0,0.0,0,0.0,0.0,0.0,0.0,0.0,0.0,0.0
proxy_047_126_27_SKPPWEPXPE_2_32_17_B_Living_114.146829_22.283221_127.9217_4.44512,val,Ours_guard_selected,7,80,1.25,2,B0_identity,0.03583603604279686,0.0701904296875,9.06554088145162,-0.07831293988397628,nan,70.70550537109375,0,0.0,0,0.0,0.0,0.0,0.0,0.0,0.0,0.0
proxy_049_11_5_OSRRQRUXUU_1_2_1_A_Bed_1_114.150575_22.279639_166.89_43.994572,val,Ours_guard_selected,-7,60,0.75,0,B0_identity,0.03583603604279686,0.024017333984375,29.99019585755217,0.9435447003077843,nan,6.008894443511963,0,0.0,0,0.0,0.0,0.0,0.0,0.0,0.0,0.0
proxy_049_11_5_OSRRQRUXUU_1_2_1_A_Bed_1_114.150575_22.279639_166.89_43.994572,val,Ours_guard_selected,-7,60,0.75,1,B0_identity,0.03583603604279686,0.024017333984375,29.99019585755217,0.9435447003077843,nan,6.008894443511963,0,0.0,0,0.0,0.0,0.0,0.0,0.0,0.0,0.0
proxy_049_11_5_OSRRQRUXUU_1_2_1_A_Bed_1_114.150575_22.279639_166.89_43.994572,val,Ours_guard_selected,-7,60,0.75,2,B0_identity,0.03583603604279686,0.024017333984375,29.99019585755217,0.9435447003077843,nan,6.008894443511963,0,0.0,0,0.0,0.0,0.0,0.0,0.0,0.0,0.0
proxy_049_11_5_OSRRQRUXUU_1_2_1_A_Bed_1_114.150575_22.279639_166.89_43.994572,val,Ours_guard_selected,-7,60,1.25,0,B0_identity,0.03583603604279686,0.024017333984375,29.95847437298589,0.9429885810351152,nan,6.0364251136779785,0,0.0,0,0.0,0.0,0.0,0.0,0.0,0.0,0.0
proxy_049_11_5_OSRRQRUXUU_1_2_1_A_Bed_1_114.150575_22.279639_166.89_43.994572,val,Ours_guard_selected,-7,60,1.25,1,B0_identity,0.03583603604279686,0.024017333984375,29.95847437298589,0.9429885810351152,nan,6.0364251136779785,0,0.0,0,0.0,0.0,0.0,0.0,0.0,0.0,0.0
proxy_049_11_5_OSRRQRUXUU_1_2_1_A_Bed_1_114.150575_22.279639_166.89_43.994572,val,Ours_guard_selected,-7,60,1.25,2,B0_identity,0.03583603604279686,0.024017333984375,29.95847437298589,0.9429885810351152,nan,6.0364251136779785,0,0.0,0,0.0,0.0,0.0,0.0,0.0,0.0,0.0
proxy_049_11_5_OSRRQRUXUU_1_2_1_A_Bed_1_114.150575_22.279639_166.89_43.994572,val,Ours_guard_selected,-7,80,0.75,0,B0_identity,0.03583603604279686,0.024017333984375,30.229732227187526,0.9449002573783524,nan,5.807708740234375,0,0.0,0,0.0,0.0,0.0,0.0,0.0,0.0,0.0
proxy_049_11_5_OSRRQRUXUU_1_2_1_A_Bed_1_114.150575_22.279639_166.89_43.994572,val,Ours_guard_selected,-7,80,0.75,1,B0_identity,0.03583603604279686,0.024017333984375,30.229732227187526,0.9449002573783524,nan,5.807708740234375,0,0.0,0,0.0,0.0,0.0,0.0,0.0,0.0,0.0
proxy_049_11_5_OSRRQRUXUU_1_2_1_A_Bed_1_114.150575_22.279639_166.89_43.994572,val,Ours_guard_selected,-7,80,0.75,2,B0_identity,0.03583603604279686,0.024017333984375,30.229732227187526,0.9449002573783524,nan,5.807708740234375,0,0.0,0,0.0,0.0,0.0,0.0,0.0,0.0,0.0
proxy_049_11_5_OSRRQRUXUU_1_2_1_A_Bed_1_114.150575_22.279639_166.89_43.994572,val,Ours_guard_selected,-7,80,1.25,0,B0_identity,0.03583603604279686,0.024017333984375,30.20841488928348,0.9445891003195815,nan,5.822744369506836,0,0.0,0,0.0,0.0,0.0,0.0,0.0,0.0,0.0
proxy_049_11_5_OSRRQRUXUU_1_2_1_A_Bed_1_114.150575_22.279639_166.89_43.994572,val,Ours_guard_selected,-7,80,1.25,1,B0_identity,0.03583603604279686,0.024017333984375,30.20841488928348,0.9445891003195815,nan,5.822744369506836,0,0.0,0,0.0,0.0,0.0,0.0,0.0,0.0,0.0
proxy_049_11_5_OSRRQRUXUU_1_2_1_A_Bed_1_114.150575_22.279639_166.89_43.994572,val,Ours_guard_selected,-7,80,1.25,2,B0_identity,0.03583603604279686,0.024017333984375,30.20841488928348,0.9445891003195815,nan,5.822744369506836,0,0.0,0,0.0,0.0,0.0,0.0,0.0,0.0,0.0
proxy_049_11_5_OSRRQRUXUU_1_2_1_A_Bed_1_114.150575_22.279639_166.89_43.994572,val,Ours_guard_selected,-3,60,0.75,0,B0_identity,0.03583603604279686,0.037322998046875,29.80760353264627,0.9596059617478456,nan,6.18928861618042,0,0.0,0,0.0,0.0,0.0,0.0,0.0,0.0,0.0
proxy_049_11_5_OSRRQRUXUU_1_2_1_A_Bed_1_114.150575_22.279639_166.89_43.994572,val,Ours_guard_selected,-3,60,0.75,1,B0_identity,0.03583603604279686,0.037322998046875,29.80760353264627,0.9596059617478456,nan,6.18928861618042,0,0.0,0,0.0,0.0,0.0,0.0,0.0,0.0,0.0
proxy_049_11_5_OSRRQRUXUU_1_2_1_A_Bed_1_114.150575_22.279639_166.89_43.994572,val,Ours_guard_selected,-3,60,0.75,2,B0_identity,0.03583603604279686,0.037322998046875,29.80760353264627,0.9596059617478456,nan,6.18928861618042,0,0.0,0,0.0,0.0,0.0,0.0,0.0,0.0,0.0
proxy_049_11_5_OSRRQRUXUU_1_2_1_A_Bed_1_114.150575_22.279639_166.89_43.994572,val,Ours_guard_selected,-3,60,1.25,0,B0_identity,0.03583603604279686,0.037322998046875,29.771738188213945,0.9591831182302581,nan,6.2222676277160645,0,0.0,0,0.0,0.0,0.0,0.0,0.0,0.0,0.0
proxy_049_11_5_OSRRQRUXUU_1_2_1_A_Bed_1_114.150575_22.279639_166.89_43.994572,val,Ours_guard_selected,-3,60,1.25,1,B0_identity,0.03583603604279686,0.037322998046875,29.771738188213945,0.9591831182302581,nan,6.2222676277160645,0,0.0,0,0.0,0.0,0.0,0.0,0.0,0.0,0.0
proxy_049_11_5_OSRRQRUXUU_1_2_1_A_Bed_1_114.150575_22.279639_166.89_43.994572,val,Ours_guard_selected,-3,60,1.25,2,B0_identity,0.03583603604279686,0.037322998046875,29.771738188213945,0.9591831182302581,nan,6.2222676277160645,0,0.0,0,0.0,0.0,0.0,0.0,0.0,0.0,0.0
proxy_049_11_5_OSRRQRUXUU_1_2_1_A_Bed_1_114.150575_22.279639_166.89_43.994572,val,Ours_guard_selected,-3,80,0.75,0,B0_identity,0.03583603604279686,0.037322998046875,30.062221349226945,0.960793584473677,nan,5.988552570343018,0,0.0,0,0.0,0.0,0.0,0.0,0.0,0.0,0.0
proxy_049_11_5_OSRRQRUXUU_1_2_1_A_Bed_1_114.150575_22.279639_166.89_43.994572,val,Ours_guard_selected,-3,80,0.75,1,B0_identity,0.03583603604279686,0.037322998046875,30.062221349226945,0.960793584473677,nan,5.988552570343018,0,0.0,0,0.0,0.0,0.0,0.0,0.0,0.0,0.0
proxy_049_11_5_OSRRQRUXUU_1_2_1_A_Bed_1_114.150575_22.279639_166.89_43.994572,val,Ours_guard_selected,-3,80,0.75,2,B0_identity,0.03583603604279686,0.037322998046875,30.062221349226945,0.960793584473677,nan,5.988552570343018,0,0.0,0,0.0,0.0,0.0,0.0,0.0,0.0,0.0
proxy_049_11_5_OSRRQRUXUU_1_2_1_A_Bed_1_114.150575_22.279639_166.89_43.994572,val,Ours_guard_selected,-3,80,1.25,0,B0_identity,0.03583603604279686,0.037322998046875,30.033830461856724,0.9604981867819893,nan,6.008585453033447,0,0.0,0,0.0,0.0,0.0,0.0,0.0,0.0,0.0
proxy_049_11_5_OSRRQRUXUU_1_2_1_A_Bed_1_114.150575_22.279639_166.89_43.994572,val,Ours_guard_selected,-3,80,1.25,1,B0_identity,0.03583603604279686,0.037322998046875,30.033830461856724,0.9604981867819893,nan,6.008585453033447,0,0.0,0,0.0,0.0,0.0,0.0,0.0,0.0,0.0
proxy_049_11_5_OSRRQRUXUU_1_2_1_A_Bed_1_114.150575_22.279639_166.89_43.994572,val,Ours_guard_selected,-3,80,1.25,2,B0_identity,0.03583603604279686,0.037322998046875,30.033830461856724,0.9604981867819893,nan,6.008585453033447,0,0.0,0,0.0,0.0,0.0,0.0,0.0,0.0,0.0
proxy_049_11_5_OSRRQRUXUU_1_2_1_A_Bed_1_114.150575_22.279639_166.89_43.994572,val,Ours_guard_selected,0,60,0.75,0,B0_identity,0.03583603604279686,0.04876708984375,29.791947691441656,0.9629789550559122,nan,6.209219932556152,0,0.0,0,0.0,0.0,0.0,0.0,0.0,0.0,0.0
proxy_049_11_5_OSRRQRUXUU_1_2_1_A_Bed_1_114.150575_22.279639_166.89_43.994572,val,Ours_guard_selected,0,60,0.75,1,B0_identity,0.03583603604279686,0.04876708984375,29.791947691441656,0.9629789550559122,nan,6.209219932556152,0,0.0,0,0.0,0.0,0.0,0.0,0.0,0.0,0.0
proxy_049_11_5_OSRRQRUXUU_1_2_1_A_Bed_1_114.150575_22.279639_166.89_43.994572,val,Ours_guard_selected,0,60,0.75,2,B0_identity,0.03583603604279686,0.04876708984375,29.791947691441656,0.9629789550559122,nan,6.209219932556152,0,0.0,0,0.0,0.0,0.0,0.0,0.0,0.0,0.0
proxy_049_11_5_OSRRQRUXUU_1_2_1_A_Bed_1_114.150575_22.279639_166.89_43.994572,val,Ours_guard_selected,0,60,1.25,0,B0_identity,0.03583603604279686,0.04876708984375,29.75924932551616,0.962625267605863,nan,6.239987373352051,0,0.0,0,0.0,0.0,0.0,0.0,0.0,0.0,0.0
proxy_049_11_5_OSRRQRUXUU_1_2_1_A_Bed_1_114.150575_22.279639_166.89_43.994572,val,Ours_guard_selected,0,60,1.25,1,B0_identity,0.03583603604279686,0.04876708984375,29.75924932551616,0.962625267605863,nan,6.239987373352051,0,0.0,0,0.0,0.0,0.0,0.0,0.0,0.0,0.0
proxy_049_11_5_OSRRQRUXUU_1_2_1_A_Bed_1_114.150575_22.279639_166.89_43.994572,val,Ours_guard_selected,0,60,1.25,2,B0_identity,0.03583603604279686,0.04876708984375,29.75924932551616,0.962625267605863,nan,6.239987373352051,0,0.0,0,0.0,0.0,0.0,0.0,0.0,0.0,0.0
proxy_049_11_5_OSRRQRUXUU_1_2_1_A_Bed_1_114.150575_22.279639_166.89_43.994572,val,Ours_guard_selected,0,80,0.75,0,B0_identity,0.03583603604279686,0.04876708984375,30.06437792227414,0.9640448425550819,nan,5.981435298919678,0,0.0,0,0.0,0.0,0.0,0.0,0.0,0.0,0.0
proxy_049_11_5_OSRRQRUXUU_1_2_1_A_Bed_1_114.150575_22.279639_166.89_43.994572,val,Ours_guard_selected,0,80,0.75,1,B0_identity,0.03583603604279686,0.04876708984375,30.06437792227414,0.9640448425550819,nan,5.981435298919678,0,0.0,0,0.0,0.0,0.0,0.0,0.0,0.0,0.0
proxy_049_11_5_OSRRQRUXUU_1_2_1_A_Bed_1_114.150575_22.279639_166.89_43.994572,val,Ours_guard_selected,0,80,0.75,2,B0_identity,0.03583603604279686,0.04876708984375,30.06437792227414,0.9640448425550819,nan,5.981435298919678,0,0.0,0,0.0,0.0,0.0,0.0,0.0,0.0,0.0
proxy_049_11_5_OSRRQRUXUU_1_2_1_A_Bed_1_114.150575_22.279639_166.89_43.994572,val,Ours_guard_selected,0,80,1.25,0,B0_identity,0.03583603604279686,0.04876708984375,30.031759835408863,0.9637448001264428,nan,6.007196426391602,0,0.0,0,0.0,0.0,0.0,0.0,0.0,0.0,0.0
proxy_049_11_5_OSRRQRUXUU_1_2_1_A_Bed_1_114.150575_22.279639_166.89_43.994572,val,Ours_guard_selected,0,80,1.25,1,B0_identity,0.03583603604279686,0.04876708984375,30.031759835408863,0.9637448001264428,nan,6.007196426391602,0,0.0,0,0.0,0.0,0.0,0.0,0.0,0.0,0.0
proxy_049_11_5_OSRRQRUXUU_1_2_1_A_Bed_1_114.150575_22.279639_166.89_43.994572,val,Ours_guard_selected,0,80,1.25,2,B0_identity,0.03583603604279686,0.04876708984375,30.031759835408863,0.9637448001264428,nan,6.007196426391602,0,0.0,0,0.0,0.0,0.0,0.0,0.0,0.0,0.0
proxy_049_11_5_OSRRQRUXUU_1_2_1_A_Bed_1_114.150575_22.279639_166.89_43.994572,val,Ours_guard_selected,3,60,0.75,0,B0_identity,0.03583603604279686,0.061309814453125,29.572747572534425,0.9629621466689143,nan,6.323875904083252,0,0.0,0,0.0,0.0,0.0,0.0,0.0,0.0,0.0
proxy_049_11_5_OSRRQRUXUU_1_2_1_A_Bed_1_114.150575_22.279639_166.89_43.994572,val,Ours_guard_selected,3,60,0.75,1,B0_identity,0.03583603604279686,0.061309814453125,29.572747572534425,0.9629621466689143,nan,6.323875904083252,0,0.0,0,0.0,0.0,0.0,0.0,0.0,0.0,0.0
proxy_049_11_5_OSRRQRUXUU_1_2_1_A_Bed_1_114.150575_22.279639_166.89_43.994572,val,Ours_guard_selected,3,60,0.75,2,B0_identity,0.03583603604279686,0.061309814453125,29.572747572534425,0.9629621466689143,nan,6.323875904083252,0,0.0,0,0.0,0.0,0.0,0.0,0.0,0.0,0.0
proxy_049_11_5_OSRRQRUXUU_1_2_1_A_Bed_1_114.150575_22.279639_166.89_43.994572,val,Ours_guard_selected,3,60,1.25,0,B0_identity,0.03583603604279686,0.061309814453125,29.539735764255436,0.9626123683827216,nan,6.35432243347168,0,0.0,0,0.0,0.0,0.0,0.0,0.0,0.0,0.0
proxy_049_11_5_OSRRQRUXUU_1_2_1_A_Bed_1_114.150575_22.279639_166.89_43.994572,val,Ours_guard_selected,3,60,1.25,1,B0_identity,0.03583603604279686,0.061309814453125,29.539735764255436,0.9626123683827216,nan,6.35432243347168,0,0.0,0,0.0,0.0,0.0,0.0,0.0,0.0,0.0
proxy_049_11_5_OSRRQRUXUU_1_2_1_A_Bed_1_114.150575_22.279639_166.89_43.994572,val,Ours_guard_selected,3,60,1.25,2,B0_identity,0.03583603604279686,0.061309814453125,29.539735764255436,0.9626123683827216,nan,6.35432243347168,0,0.0,0,0.0,0.0,0.0,0.0,0.0,0.0,0.0
proxy_049_11_5_OSRRQRUXUU_1_2_1_A_Bed_1_114.150575_22.279639_166.89_43.994572,val,Ours_guard_selected,3,80,0.75,0,B0_identity,0.03583603604279686,0.061309814453125,29.8564341483901,0.9640106313875927,nan,6.0714287757873535,0,0.0,0,0.0,0.0,0.0,0.0,0.0,0.0,0.0
proxy_049_11_5_OSRRQRUXUU_1_2_1_A_Bed_1_114.150575_22.279639_166.89_43.994572,val,Ours_guard_selected,3,80,0.75,1,B0_identity,0.03583603604279686,0.061309814453125,29.8564341483901,0.9640106313875927,nan,6.0714287757873535,0,0.0,0,0.0,0.0,0.0,0.0,0.0,0.0,0.0
proxy_049_11_5_OSRRQRUXUU_1_2_1_A_Bed_1_114.150575_22.279639_166.89_43.994572,val,Ours_guard_selected,3,80,0.75,2,B0_identity,0.03583603604279686,0.061309814453125,29.8564341483901,0.9640106313875927,nan,6.0714287757873535,0,0.0,0,0.0,0.0,0.0,0.0,0.0,0.0,0.0
proxy_049_11_5_OSRRQRUXUU_1_2_1_A_Bed_1_114.150575_22.279639_166.89_43.994572,val,Ours_guard_selected,3,80,1.25,0,B0_identity,0.03583603604279686,0.061309814453125,29.822952522517614,0.9637116135725222,nan,6.09250020980835,0,0.0,0,0.0,0.0,0.0,0.0,0.0,0.0,0.0
proxy_049_11_5_OSRRQRUXUU_1_2_1_A_Bed_1_114.150575_22.279639_166.89_43.994572,val,Ours_guard_selected,3,80,1.25,1,B0_identity,0.03583603604279686,0.061309814453125,29.822952522517614,0.9637116135725222,nan,6.09250020980835,0,0.0,0,0.0,0.0,0.0,0.0,0.0,0.0,0.0
proxy_049_11_5_OSRRQRUXUU_1_2_1_A_Bed_1_114.150575_22.279639_166.89_43.994572,val,Ours_guard_selected,3,80,1.25,2,B0_identity,0.03583603604279686,0.061309814453125,29.822952522517614,0.9637116135725222,nan,6.09250020980835,0,0.0,0,0.0,0.0,0.0,0.0,0.0,0.0,0.0
proxy_049_11_5_OSRRQRUXUU_1_2_1_A_Bed_1_114.150575_22.279639_166.89_43.994572,val,Ours_guard_selected,7,60,0.75,0,B0_identity,0.03583603604279686,0.079742431640625,29.391900411264178,0.963544694730673,nan,6.345834732055664,0,0.0,0,0.0,0.0,0.0,0.0,0.0,0.0,0.0
proxy_049_11_5_OSRRQRUXUU_1_2_1_A_Bed_1_114.150575_22.279639_166.89_43.994572,val,Ours_guard_selected,7,60,0.75,1,B0_identity,0.03583603604279686,0.079742431640625,29.391900411264178,0.963544694730673,nan,6.345834732055664,0,0.0,0,0.0,0.0,0.0,0.0,0.0,0.0,0.0
proxy_049_11_5_OSRRQRUXUU_1_2_1_A_Bed_1_114.150575_22.279639_166.89_43.994572,val,Ours_guard_selected,7,60,0.75,2,B0_identity,0.03583603604279686,0.079742431640625,29.391900411264178,0.963544694730673,nan,6.345834732055664,0,0.0,0,0.0,0.0,0.0,0.0,0.0,0.0,0.0
proxy_049_11_5_OSRRQRUXUU_1_2_1_A_Bed_1_114.150575_22.279639_166.89_43.994572,val,Ours_guard_selected,7,60,1.25,0,B0_identity,0.03583603604279686,0.079742431640625,29.35371952050116,0.963165123435635,nan,6.383275985717773,0,0.0,0,0.0,0.0,0.0,0.0,0.0,0.0,0.0
proxy_049_11_5_OSRRQRUXUU_1_2_1_A_Bed_1_114.150575_22.279639_166.89_43.994572,val,Ours_guard_selected,7,60,1.25,1,B0_identity,0.03583603604279686,0.079742431640625,29.35371952050116,0.963165123435635,nan,6.383275985717773,0,0.0,0,0.0,0.0,0.0,0.0,0.0,0.0,0.0
proxy_049_11_5_OSRRQRUXUU_1_2_1_A_Bed_1_114.150575_22.279639_166.89_43.994572,val,Ours_guard_selected,7,60,1.25,2,B0_identity,0.03583603604279686,0.079742431640625,29.35371952050116,0.963165123435635,nan,6.383275985717773,0,0.0,0,0.0,0.0,0.0,0.0,0.0,0.0,0.0
proxy_049_11_5_OSRRQRUXUU_1_2_1_A_Bed_1_114.150575_22.279639_166.89_43.994572,val,Ours_guard_selected,7,80,0.75,0,B0_identity,0.03583603604279686,0.079742431640625,29.72369675200789,0.9649773633529044,nan,6.056831359863281,0,0.0,0,0.0,0.0,0.0,0.0,0.0,0.0,0.0
proxy_049_11_5_OSRRQRUXUU_1_2_1_A_Bed_1_114.150575_22.279639_166.89_43.994572,val,Ours_guard_selected,7,80,0.75,1,B0_identity,0.03583603604279686,0.079742431640625,29.72369675200789,0.9649773633529044,nan,6.056831359863281,0,0.0,0,0.0,0.0,0.0,0.0,0.0,0.0,0.0
proxy_049_11_5_OSRRQRUXUU_1_2_1_A_Bed_1_114.150575_22.279639_166.89_43.994572,val,Ours_guard_selected,7,80,0.75,2,B0_identity,0.03583603604279686,0.079742431640625,29.72369675200789,0.9649773633529044,nan,6.056831359863281,0,0.0,0,0.0,0.0,0.0,0.0,0.0,0.0,0.0
proxy_049_11_5_OSRRQRUXUU_1_2_1_A_Bed_1_114.150575_22.279639_166.89_43.994572,val,Ours_guard_selected,7,80,1.25,0,B0_identity,0.03583603604279686,0.079742431640625,29.687507159057912,0.9646612467734522,nan,6.079857349395752,0,0.0,0,0.0,0.0,0.0,0.0,0.0,0.0,0.0
proxy_049_11_5_OSRRQRUXUU_1_2_1_A_Bed_1_114.150575_22.279639_166.89_43.994572,val,Ours_guard_selected,7,80,1.25,1,B0_identity,0.03583603604279686,0.079742431640625,29.687507159057912,0.9646612467734522,nan,6.079857349395752,0,0.0,0,0.0,0.0,0.0,0.0,0.0,0.0,0.0
proxy_049_11_5_OSRRQRUXUU_1_2_1_A_Bed_1_114.150575_22.279639_166.89_43.994572,val,Ours_guard_selected,7,80,1.25,2,B0_identity,0.03583603604279686,0.079742431640625,29.687507159057912,0.9646612467734522,nan,6.079857349395752,0,0.0,0,0.0,0.0,0.0,0.0,0.0,0.0,0.0
